"Molecule ChEMBL ID";"Molecule Name";"Molecule Max Phase";"Molecular Weight";"#RO5 Violations";"AlogP";"Compound Key";"Smiles";"Standard Type";"Standard Relation";"Standard Value";"Standard Units";"pChEMBL Value";"Data Validity Comment";"Comment";"Uo Units";"Ligand Efficiency BEI";"Ligand Efficiency LE";"Ligand Efficiency LLE";"Ligand Efficiency SEI";"Potential Duplicate";"Assay ChEMBL ID";"Assay Description";"Assay Type";"BAO Format ID";"BAO Label";"Assay Organism";"Assay Tissue ChEMBL ID";"Assay Tissue Name";"Assay Cell Type";"Assay Subcellular Fraction";"Assay Parameters";"Assay Variant Accession";"Assay Variant Mutation";"Target ChEMBL ID";"Target Name";"Target Organism";"Target Type";"Document ChEMBL ID";"Source ID";"Source Description";"Document Journal";"Document Year";"Cell ChEMBL ID";"Properties";"Action Type";"Standard Text Value";"Value"
"CHEMBL3393137";"";"None";"565.67";"1";"4.09";"2, R419";"COc1ccc(C(=O)C2CCN(C(=O)c3ccc(C(=O)NC4CCN(Cc5ccc(C#N)cc5)CC4)cn3)CC2)cc1";"EC50";"'='";"230.0";"nM";"6.64";"";"";"UO_0000065";"11.74";"0.22";"2.55";"5.74";"0";"CHEMBL3395078";"Activation of AMPK in human C2C12 cells using ACC as substrate after 2 hrs";"B";"BAO_0000219";"cell-based format";"Homo sapiens";"None";"None";"C2C12";"None";"";"";"";"CHEMBL2096907";"AMP-activated protein kinase, AMPK";"Homo sapiens";"PROTEIN COMPLEX GROUP";"CHEMBL3393052";"1";"Scientific Literature";"J Med Chem";"2015";"CHEMBL3308003";"";"";"";"0.23"
"CHEMBL2153069";"";"None";"443.89";"1";"5.42";"page no 884 R16C2";"COc1cccc(-c2ccc(-c3cc4c(O)c(-n5cccn5)c(=O)[nH]c4cc3Cl)cc2)c1";"EC50";"'>'";"3162.28";"nM";"";"";"";"UO_0000065";"";"";"";"";"0";"CHEMBL2154197";"Activation of recombinant human AMPK by FRET assay";"B";"BAO_0000019";"assay format";"Homo sapiens";"None";"None";"None";"None";"";"";"";"CHEMBL2096907";"AMP-activated protein kinase, AMPK";"Homo sapiens";"PROTEIN COMPLEX GROUP";"CHEMBL2150967";"1";"Scientific Literature";"ACS Med Chem Lett";"2012";"None";"";"";"";"5.5"
"CHEMBL5178852";"";"None";"553.66";"1";"4.04";"33";"COc1ccc(OC2CCN(C(=O)c3ccc(C(=O)NC4CCN(Cc5ccc(C#N)cc5)CC4)nc3)CC2)cc1";"EC50";"'='";"11.0";"nM";"7.96";"";"";"UO_0000065";"14.37";"0.27";"3.92";"7.38";"0";"CHEMBL5110776";"Activation of AMPK in human HepG2 cells assessed as increase in ACC phosphorylation at Ser79 incubated for 1 hr";"B";"BAO_0000219";"cell-based format";"Homo sapiens";"None";"None";"HepG2";"None";"";"";"";"CHEMBL2096907";"AMP-activated protein kinase, AMPK";"Homo sapiens";"PROTEIN COMPLEX GROUP";"CHEMBL5108030";"1";"Scientific Literature";"Bioorg Med Chem";"2022";"None";"TIME = 1.0 hr";"ACTIVATOR";"";"11.0"
"CHEMBL5203450";"";"None";"571.63";"1";"4.36";"34";"N#Cc1ccc(CN2CCC(NC(=O)c3ccc(C(=O)N4CCC(C(=O)c5ccc(F)cc5F)CC4)cn3)CC2)cc1";"EC50";"'='";"27.0";"nM";"7.57";"";"";"UO_0000065";"13.24";"0.25";"3.21";"7.11";"0";"CHEMBL5110776";"Activation of AMPK in human HepG2 cells assessed as increase in ACC phosphorylation at Ser79 incubated for 1 hr";"B";"BAO_0000219";"cell-based format";"Homo sapiens";"None";"None";"HepG2";"None";"";"";"";"CHEMBL2096907";"AMP-activated protein kinase, AMPK";"Homo sapiens";"PROTEIN COMPLEX GROUP";"CHEMBL5108030";"1";"Scientific Literature";"Bioorg Med Chem";"2022";"None";"TIME = 1.0 hr";"ACTIVATOR";"";"27.0"
"CHEMBL5184098";"";"None";"570.69";"1";"4.23";"43";"COc1ccc(CN2CCC(NC(=O)c3ccc(C(=O)N4CCC(C(=O)c5ccc(OC)cc5)CC4)nc3)CC2)cc1";"EC50";"'='";"41.0";"nM";"7.39";"";"";"UO_0000065";"12.94";"0.24";"3.16";"7.31";"0";"CHEMBL5110776";"Activation of AMPK in human HepG2 cells assessed as increase in ACC phosphorylation at Ser79 incubated for 1 hr";"B";"BAO_0000219";"cell-based format";"Homo sapiens";"None";"None";"HepG2";"None";"";"";"";"CHEMBL2096907";"AMP-activated protein kinase, AMPK";"Homo sapiens";"PROTEIN COMPLEX GROUP";"CHEMBL5108030";"1";"Scientific Literature";"Bioorg Med Chem";"2022";"None";"TIME = 1.0 hr";"ACTIVATOR";"";"41.0"
"CHEMBL5207987";"";"None";"609.77";"1";"4.82";"50";"COc1ccc(CN2CCC(NC(=O)c3ccc(C(=O)N4CCC(C(=O)c5ccc(N6CCCC6)cc5)CC4)nc3)CC2)cc1";"EC50";"'='";"57.0";"nM";"7.24";"";"";"UO_0000065";"11.88";"0.22";"2.42";"7.62";"0";"CHEMBL5110776";"Activation of AMPK in human HepG2 cells assessed as increase in ACC phosphorylation at Ser79 incubated for 1 hr";"B";"BAO_0000219";"cell-based format";"Homo sapiens";"None";"None";"HepG2";"None";"";"";"";"CHEMBL2096907";"AMP-activated protein kinase, AMPK";"Homo sapiens";"PROTEIN COMPLEX GROUP";"CHEMBL5108030";"1";"Scientific Literature";"Bioorg Med Chem";"2022";"None";"TIME = 1.0 hr";"ACTIVATOR";"";"57.0"
"CHEMBL5204428";"";"None";"554.63";"1";"3.08";"11";"N#Cc1ccc(CN2CCC(NC(=O)c3ccc(C(=O)N4CCN(C(=O)c5ccc(F)cc5)CC4)cn3)CC2)cc1";"EC50";"'='";"413.0";"nM";"6.38";"";"";"UO_0000065";"11.51";"0.21";"3.30";"5.82";"0";"CHEMBL5110776";"Activation of AMPK in human HepG2 cells assessed as increase in ACC phosphorylation at Ser79 incubated for 1 hr";"B";"BAO_0000219";"cell-based format";"Homo sapiens";"None";"None";"HepG2";"None";"";"";"";"CHEMBL2096907";"AMP-activated protein kinase, AMPK";"Homo sapiens";"PROTEIN COMPLEX GROUP";"CHEMBL5108030";"1";"Scientific Literature";"Bioorg Med Chem";"2022";"None";"TIME = 1.0 hr";"ACTIVATOR";"";"413.0"
"CHEMBL5170721";"";"None";"516.65";"1";"2.68";"13";"CC(C)(C)C(=O)N1CCN(C(=O)c2ccc(C(=O)NC3CCN(Cc4ccc(C#N)cc4)CC3)nc2)CC1";"EC50";"'='";"532.0";"nM";"6.27";"";"";"UO_0000065";"12.14";"0.23";"3.59";"5.72";"0";"CHEMBL5110776";"Activation of AMPK in human HepG2 cells assessed as increase in ACC phosphorylation at Ser79 incubated for 1 hr";"B";"BAO_0000219";"cell-based format";"Homo sapiens";"None";"None";"HepG2";"None";"";"";"";"CHEMBL2096907";"AMP-activated protein kinase, AMPK";"Homo sapiens";"PROTEIN COMPLEX GROUP";"CHEMBL5108030";"1";"Scientific Literature";"Bioorg Med Chem";"2022";"None";"TIME = 1.0 hr";"ACTIVATOR";"";"532.0"
"CHEMBL5195423";"";"None";"572.69";"1";"2.49";"14";"N#Cc1ccc(CN2CCC(NC(=O)c3ccc(C(=O)N4CCN(S(=O)(=O)c5ccccc5)CC4)cn3)CC2)cc1";"EC50";"'='";"360.0";"nM";"6.44";"";"";"UO_0000065";"11.25";"0.21";"3.95";"5.09";"0";"CHEMBL5110776";"Activation of AMPK in human HepG2 cells assessed as increase in ACC phosphorylation at Ser79 incubated for 1 hr";"B";"BAO_0000219";"cell-based format";"Homo sapiens";"None";"None";"HepG2";"None";"";"";"";"CHEMBL2096907";"AMP-activated protein kinase, AMPK";"Homo sapiens";"PROTEIN COMPLEX GROUP";"CHEMBL5108030";"1";"Scientific Literature";"Bioorg Med Chem";"2022";"None";"TIME = 1.0 hr";"ACTIVATOR";"";"360.0"
"CHEMBL5190618";"";"None";"590.68";"1";"2.63";"20";"N#Cc1ccc(S(=O)(=O)N2CCC(NC(=O)c3ccc(C(=O)N4CCN(Cc5ccc(F)cc5)CC4)cn3)CC2)cc1";"EC50";"'='";"804.0";"nM";"6.09";"";"";"UO_0000065";"10.32";"0.20";"3.46";"4.81";"0";"CHEMBL5110776";"Activation of AMPK in human HepG2 cells assessed as increase in ACC phosphorylation at Ser79 incubated for 1 hr";"B";"BAO_0000219";"cell-based format";"Homo sapiens";"None";"None";"HepG2";"None";"";"";"";"CHEMBL2096907";"AMP-activated protein kinase, AMPK";"Homo sapiens";"PROTEIN COMPLEX GROUP";"CHEMBL5108030";"1";"Scientific Literature";"Bioorg Med Chem";"2022";"None";"TIME = 1.0 hr";"ACTIVATOR";"";"804.0"
"CHEMBL5177663";"";"None";"521.67";"1";"4.44";"28";"N#Cc1ccc(CN2CCC(NC(=O)c3ccc(C(=O)N4CCC(Cc5ccccc5)CC4)cn3)CC2)cc1";"EC50";"'='";"110.0";"nM";"6.96";"";"";"UO_0000065";"13.34";"0.24";"2.52";"7.79";"0";"CHEMBL5110776";"Activation of AMPK in human HepG2 cells assessed as increase in ACC phosphorylation at Ser79 incubated for 1 hr";"B";"BAO_0000219";"cell-based format";"Homo sapiens";"None";"None";"HepG2";"None";"";"";"";"CHEMBL2096907";"AMP-activated protein kinase, AMPK";"Homo sapiens";"PROTEIN COMPLEX GROUP";"CHEMBL5108030";"1";"Scientific Literature";"Bioorg Med Chem";"2022";"None";"TIME = 1.0 hr";"ACTIVATOR";"";"110.0"
"CHEMBL5194054";"";"None";"553.64";"1";"4.22";"31";"N#Cc1ccc(CN2CCC(NC(=O)c3ccc(C(=O)N4CCC(C(=O)c5ccc(F)cc5)CC4)cn3)CC2)cc1";"EC50";"'='";"2.0";"nM";"8.70";"";"";"UO_0000065";"15.71";"0.29";"4.48";"8.18";"0";"CHEMBL5110776";"Activation of AMPK in human HepG2 cells assessed as increase in ACC phosphorylation at Ser79 incubated for 1 hr";"B";"BAO_0000219";"cell-based format";"Homo sapiens";"None";"None";"HepG2";"None";"";"";"";"CHEMBL2096907";"AMP-activated protein kinase, AMPK";"Homo sapiens";"PROTEIN COMPLEX GROUP";"CHEMBL5108030";"1";"Scientific Literature";"Bioorg Med Chem";"2022";"None";"TIME = 1.0 hr";"ACTIVATOR";"";"2.0"
"CHEMBL4167177";"";"None";"449.89";"0";"3.85";"MK-8722";"O[C@@H]1CO[C@H]2[C@@H]1OC[C@H]2Oc1nc2nc(-c3ccc(-c4ccccc4)cc3)c(Cl)cc2[nH]1";"EC50";"'='";"1.0";"nM";"9.00";"";"";"UO_0000065";"20.00";"0.38";"5.15";"10.06";"0";"CHEMBL4350306";"Activation of recombinant human AMPK expressed in Sf9 cells using SAMS peptide as substrate preincubated for 30 mins followed by substrate addition and measured after 60 mins by fluorescence based assay";"B";"BAO_0000219";"cell-based format";"Homo sapiens";"None";"None";"Sf9";"None";"";"";"";"CHEMBL2096907";"AMP-activated protein kinase, AMPK";"Homo sapiens";"PROTEIN COMPLEX GROUP";"CHEMBL4346753";"1";"Scientific Literature";"Bioorg Med Chem Lett";"2019";"CHEMBL3308860";"";"";"";"1.0"
"CHEMBL4636831";"";"None";"633.64";"2";"6.03";"172";"O=C(Nc1ccc(C(=O)N2CCN(Cc3ccc(C(F)(F)F)cc3)CC2)cc1)N1CCN(Cc2ccc(C(F)(F)F)cc2)CC1";"EC50";"'='";"7.9";"nM";"8.10";"";"";"UO_0000065";"12.79";"0.25";"2.07";"13.70";"1";"CHEMBL5121403";"Activation of AMPK (unknown origin)";"B";"BAO_0000223";"protein complex format";"Homo sapiens";"None";"None";"None";"None";"";"";"";"CHEMBL2096907";"AMP-activated protein kinase, AMPK";"Homo sapiens";"PROTEIN COMPLEX GROUP";"CHEMBL5120754";"1";"Scientific Literature";"Bioorg Med Chem";"2022";"None";"";"ACTIVATOR";"";"0.0079"
"CHEMBL3946228";"";"None";"285.27";"0";"3.16";"BDBM237926";"O=C(O)c1c[nH]c2cc(F)c(-c3ccc(CO)cc3)cc12";"EC50";"'='";"671.3";"nM";"6.17";"";"415025";"UO_0000065";"21.64";"0.40";"3.01";"8.42";"0";"CHEMBL3888750";"33P-Based Assay: The biochemical EC50 (half-maximal concentration required for full activation) of compounds for the activation of AMPK was evaluated by 33P-based assay using SAMS peptide (commercially available) derived from ACC-1. Twenty Î¼l of phosphorylated AMPK diluted in assay buffer, (50 mM HEPES, 1 mM EGTA, 10 mM MgCl2, 0.25 mM DTT, 0.01% Tween-20, 0.01% BSA (pH 7.5)) was added to 384 well plates containing 1 μL of test compound. Following a fifteen minute room temperature incubation, 10 Î¼L of protein phosphatase PP2A was added to the plate to dephosphorylate pThr172 of AMPK. After incubation for 90 minutes, 10 μL of substrate mixture containing 41 nM okadaic acid, 82 μM SAMS peptide, 82 μM ATP and tracer amounts (6.8 nM) of 33P-containing ATP was added to the plate. The reaction was terminated after 60 minutes incubation at room temperature by the addition of 15 μL of 2% H3PO4. Subsequently, 45 μl of reaction mix was transferred to 384 well Millipore MZPH filter plates (MZPHNO50) pre-treated with 25 μL of 2% H3PO4 and the plates were washed three times with assay buffer. 20 μL of Ready Safe scintillation fluid was added to dried plates followed by detection on the Trilux detector.";"B";"BAO_0000223";"protein complex format";"Homo sapiens";"None";"None";"None";"None";"";"";"";"CHEMBL2096907";"AMP-activated protein kinase, AMPK";"Homo sapiens";"PROTEIN COMPLEX GROUP";"CHEMBL3886819";"37";"BindingDB Patent Bioactivity Data";"";"2016";"None";"";"";"";"671.3"
"CHEMBL3904292";"";"None";"340.81";"0";"4.26";"BDBM237936";"O=C(O)c1c[nH]c2cc(Cl)c(-c3ccc(C4CCNC4)cc3)cc12";"EC50";"'='";"125.8";"nM";"6.90";"";"415037";"UO_0000065";"20.25";"0.39";"2.64";"10.60";"0";"CHEMBL3888750";"33P-Based Assay: The biochemical EC50 (half-maximal concentration required for full activation) of compounds for the activation of AMPK was evaluated by 33P-based assay using SAMS peptide (commercially available) derived from ACC-1. Twenty Î¼l of phosphorylated AMPK diluted in assay buffer, (50 mM HEPES, 1 mM EGTA, 10 mM MgCl2, 0.25 mM DTT, 0.01% Tween-20, 0.01% BSA (pH 7.5)) was added to 384 well plates containing 1 μL of test compound. Following a fifteen minute room temperature incubation, 10 Î¼L of protein phosphatase PP2A was added to the plate to dephosphorylate pThr172 of AMPK. After incubation for 90 minutes, 10 μL of substrate mixture containing 41 nM okadaic acid, 82 μM SAMS peptide, 82 μM ATP and tracer amounts (6.8 nM) of 33P-containing ATP was added to the plate. The reaction was terminated after 60 minutes incubation at room temperature by the addition of 15 μL of 2% H3PO4. Subsequently, 45 μl of reaction mix was transferred to 384 well Millipore MZPH filter plates (MZPHNO50) pre-treated with 25 μL of 2% H3PO4 and the plates were washed three times with assay buffer. 20 μL of Ready Safe scintillation fluid was added to dried plates followed by detection on the Trilux detector.";"B";"BAO_0000223";"protein complex format";"Homo sapiens";"None";"None";"None";"None";"";"";"";"CHEMBL2096907";"AMP-activated protein kinase, AMPK";"Homo sapiens";"PROTEIN COMPLEX GROUP";"CHEMBL3886819";"37";"BindingDB Patent Bioactivity Data";"";"2016";"None";"";"";"";"125.8"
"CHEMBL3931764";"";"None";"333.29";"0";"3.18";"BDBM237943";"O=C(O)c1c[nH]c2cc(F)c(-c3ccc(OCCO)cc3)c(F)c12";"EC50";"'='";"252.3";"nM";"6.60";"";"415044";"UO_0000065";"19.80";"0.38";"3.42";"7.99";"0";"CHEMBL3888750";"33P-Based Assay: The biochemical EC50 (half-maximal concentration required for full activation) of compounds for the activation of AMPK was evaluated by 33P-based assay using SAMS peptide (commercially available) derived from ACC-1. Twenty Î¼l of phosphorylated AMPK diluted in assay buffer, (50 mM HEPES, 1 mM EGTA, 10 mM MgCl2, 0.25 mM DTT, 0.01% Tween-20, 0.01% BSA (pH 7.5)) was added to 384 well plates containing 1 μL of test compound. Following a fifteen minute room temperature incubation, 10 Î¼L of protein phosphatase PP2A was added to the plate to dephosphorylate pThr172 of AMPK. After incubation for 90 minutes, 10 μL of substrate mixture containing 41 nM okadaic acid, 82 μM SAMS peptide, 82 μM ATP and tracer amounts (6.8 nM) of 33P-containing ATP was added to the plate. The reaction was terminated after 60 minutes incubation at room temperature by the addition of 15 μL of 2% H3PO4. Subsequently, 45 μl of reaction mix was transferred to 384 well Millipore MZPH filter plates (MZPHNO50) pre-treated with 25 μL of 2% H3PO4 and the plates were washed three times with assay buffer. 20 μL of Ready Safe scintillation fluid was added to dried plates followed by detection on the Trilux detector.";"B";"BAO_0000223";"protein complex format";"Homo sapiens";"None";"None";"None";"None";"";"";"";"CHEMBL2096907";"AMP-activated protein kinase, AMPK";"Homo sapiens";"PROTEIN COMPLEX GROUP";"CHEMBL3886819";"37";"BindingDB Patent Bioactivity Data";"";"2016";"None";"";"";"";"252.3"
"CHEMBL3945400";"";"None";"347.32";"0";"3.57";"BDBM237947";"O=C(O)c1c[nH]c2cc(F)c(-c3ccc(OCCCO)cc3)c(F)c12";"EC50";"'='";"1077.0";"nM";"5.97";"";"415048";"UO_0000065";"17.18";"0.33";"2.40";"7.23";"0";"CHEMBL3888750";"33P-Based Assay: The biochemical EC50 (half-maximal concentration required for full activation) of compounds for the activation of AMPK was evaluated by 33P-based assay using SAMS peptide (commercially available) derived from ACC-1. Twenty Î¼l of phosphorylated AMPK diluted in assay buffer, (50 mM HEPES, 1 mM EGTA, 10 mM MgCl2, 0.25 mM DTT, 0.01% Tween-20, 0.01% BSA (pH 7.5)) was added to 384 well plates containing 1 μL of test compound. Following a fifteen minute room temperature incubation, 10 Î¼L of protein phosphatase PP2A was added to the plate to dephosphorylate pThr172 of AMPK. After incubation for 90 minutes, 10 μL of substrate mixture containing 41 nM okadaic acid, 82 μM SAMS peptide, 82 μM ATP and tracer amounts (6.8 nM) of 33P-containing ATP was added to the plate. The reaction was terminated after 60 minutes incubation at room temperature by the addition of 15 μL of 2% H3PO4. Subsequently, 45 μl of reaction mix was transferred to 384 well Millipore MZPH filter plates (MZPHNO50) pre-treated with 25 μL of 2% H3PO4 and the plates were washed three times with assay buffer. 20 μL of Ready Safe scintillation fluid was added to dried plates followed by detection on the Trilux detector.";"B";"BAO_0000223";"protein complex format";"Homo sapiens";"None";"None";"None";"None";"";"";"";"CHEMBL2096907";"AMP-activated protein kinase, AMPK";"Homo sapiens";"PROTEIN COMPLEX GROUP";"CHEMBL3886819";"37";"BindingDB Patent Bioactivity Data";"";"2016";"None";"";"";"";"1077.0"
"CHEMBL4649832";"";"None";"565.64";"2";"5.01";"6d";"O=C(Nc1ccc(C(=O)N2CCN(Cc3ccc(C(F)(F)F)cc3)CC2)cc1)N1CCN(Cc2ccccc2)CC1";"EC50";"'='";"27.0";"nM";"7.57";"";"";"UO_0000065";"13.38";"0.25";"2.56";"12.80";"0";"CHEMBL4627834";"Activation of AMPK in human MDA-MB-435 cells measured after 2 hrs by anti-phospho-Acetyl-CoA Carboxylase (Ser79) antibody-based ELISA";"B";"BAO_0000219";"cell-based format";"Homo sapiens";"None";"None";"MDA-MB-435";"None";"";"";"";"CHEMBL2096907";"AMP-activated protein kinase, AMPK";"Homo sapiens";"PROTEIN COMPLEX GROUP";"CHEMBL4627268";"1";"Scientific Literature";"Bioorg Med Chem";"2020";"CHEMBL3307686";"";"";"";"0.027"
"CHEMBL4645351";"";"None";"595.67";"2";"5.02";"6c";"COc1ccc(CN2CCN(C(=O)Nc3ccc(C(=O)N4CCN(Cc5ccc(C(F)(F)F)cc5)CC4)cc3)CC2)cc1";"EC50";"'='";"4.7";"nM";"8.33";"";"";"UO_0000065";"13.98";"0.26";"3.31";"12.18";"0";"CHEMBL4627834";"Activation of AMPK in human MDA-MB-435 cells measured after 2 hrs by anti-phospho-Acetyl-CoA Carboxylase (Ser79) antibody-based ELISA";"B";"BAO_0000219";"cell-based format";"Homo sapiens";"None";"None";"MDA-MB-435";"None";"";"";"";"CHEMBL2096907";"AMP-activated protein kinase, AMPK";"Homo sapiens";"PROTEIN COMPLEX GROUP";"CHEMBL4627268";"1";"Scientific Literature";"Bioorg Med Chem";"2020";"CHEMBL3307686";"";"";"";"0.0047"
"CHEMBL4636365";"";"None";"682.62";"2";"5.41";"8";"COc1ccc(CN2CCCN(C(=O)Nc3ccc(C(=O)N4CCN(Cc5ccc(C(F)(F)F)cc5)CC4)cc3)CC2)cc1.Cl.Cl";"EC50";"'='";"46.0";"nM";"7.34";"";"";"UO_0000065";"12.03";"0.23";"1.93";"10.73";"0";"CHEMBL4627834";"Activation of AMPK in human MDA-MB-435 cells measured after 2 hrs by anti-phospho-Acetyl-CoA Carboxylase (Ser79) antibody-based ELISA";"B";"BAO_0000219";"cell-based format";"Homo sapiens";"None";"None";"MDA-MB-435";"None";"";"";"";"CHEMBL2096907";"AMP-activated protein kinase, AMPK";"Homo sapiens";"PROTEIN COMPLEX GROUP";"CHEMBL4627268";"1";"Scientific Literature";"Bioorg Med Chem";"2020";"CHEMBL3307686";"";"";"";"0.046"
"CHEMBL5206345";"";"None";"590.68";"1";"2.63";"15";"N#Cc1ccc(CN2CCC(NC(=O)c3ccc(C(=O)N4CCN(S(=O)(=O)c5ccc(F)cc5)CC4)cn3)CC2)cc1";"EC50";"'='";"393.0";"nM";"6.41";"";"";"UO_0000065";"10.84";"0.21";"3.78";"5.06";"0";"CHEMBL5110776";"Activation of AMPK in human HepG2 cells assessed as increase in ACC phosphorylation at Ser79 incubated for 1 hr";"B";"BAO_0000219";"cell-based format";"Homo sapiens";"None";"None";"HepG2";"None";"";"";"";"CHEMBL2096907";"AMP-activated protein kinase, AMPK";"Homo sapiens";"PROTEIN COMPLEX GROUP";"CHEMBL5108030";"1";"Scientific Literature";"Bioorg Med Chem";"2022";"None";"TIME = 1.0 hr";"ACTIVATOR";"";"393.0"
"CHEMBL5205646";"";"None";"624.66";"2";"5.12";"44";"COc1ccc(C(=O)C2CCN(C(=O)c3ccc(C(=O)NC4CCN(Cc5ccc(OC(F)(F)F)cc5)CC4)cn3)CC2)cc1";"EC50";"'='";"9.0";"nM";"8.05";"";"";"UO_0000065";"12.88";"0.24";"2.93";"7.96";"0";"CHEMBL5110776";"Activation of AMPK in human HepG2 cells assessed as increase in ACC phosphorylation at Ser79 incubated for 1 hr";"B";"BAO_0000219";"cell-based format";"Homo sapiens";"None";"None";"HepG2";"None";"";"";"";"CHEMBL2096907";"AMP-activated protein kinase, AMPK";"Homo sapiens";"PROTEIN COMPLEX GROUP";"CHEMBL5108030";"1";"Scientific Literature";"Bioorg Med Chem";"2022";"None";"TIME = 1.0 hr";"ACTIVATOR";"";"9.0"
"CHEMBL1688230";"";"None";"593.75";"0";"0.44";"2";"C1CCC(NC2CCCCC2)CC1.C1CCC(NC2CCCCC2)CC1.O=P(O)(O)c1ccc(-c2cc(O)on2)o1";"EC50";"'='";"6.3";"nM";"8.20";"";"";"UO_0000065";"35.49";"0.75";"7.76";"7.01";"0";"CHEMBL1696444";"Activation of human AMPK after 15 mins";"B";"BAO_0000019";"assay format";"Homo sapiens";"None";"None";"None";"None";"";"";"";"CHEMBL2096907";"AMP-activated protein kinase, AMPK";"Homo sapiens";"PROTEIN COMPLEX GROUP";"CHEMBL1687696";"1";"Scientific Literature";"ACS Med Chem Lett";"2010";"None";"";"";"";"6.3"
"CHEMBL3970868";"";"None";"355.82";"1";"5.43";"BDBM238084";"O=C(O)c1c[nH]c2cc(Cl)c(-c3ccc(C4CCCCO4)cc3)cc12";"EC50";"'='";"14.21";"nM";"7.85";"";"415192";"UO_0000065";"22.05";"0.43";"2.42";"12.59";"0";"CHEMBL3888750";"33P-Based Assay: The biochemical EC50 (half-maximal concentration required for full activation) of compounds for the activation of AMPK was evaluated by 33P-based assay using SAMS peptide (commercially available) derived from ACC-1. Twenty Î¼l of phosphorylated AMPK diluted in assay buffer, (50 mM HEPES, 1 mM EGTA, 10 mM MgCl2, 0.25 mM DTT, 0.01% Tween-20, 0.01% BSA (pH 7.5)) was added to 384 well plates containing 1 μL of test compound. Following a fifteen minute room temperature incubation, 10 Î¼L of protein phosphatase PP2A was added to the plate to dephosphorylate pThr172 of AMPK. After incubation for 90 minutes, 10 μL of substrate mixture containing 41 nM okadaic acid, 82 μM SAMS peptide, 82 μM ATP and tracer amounts (6.8 nM) of 33P-containing ATP was added to the plate. The reaction was terminated after 60 minutes incubation at room temperature by the addition of 15 μL of 2% H3PO4. Subsequently, 45 μl of reaction mix was transferred to 384 well Millipore MZPH filter plates (MZPHNO50) pre-treated with 25 μL of 2% H3PO4 and the plates were washed three times with assay buffer. 20 μL of Ready Safe scintillation fluid was added to dried plates followed by detection on the Trilux detector.";"B";"BAO_0000223";"protein complex format";"Homo sapiens";"None";"None";"None";"None";"";"";"";"CHEMBL2096907";"AMP-activated protein kinase, AMPK";"Homo sapiens";"PROTEIN COMPLEX GROUP";"CHEMBL3886819";"37";"BindingDB Patent Bioactivity Data";"";"2016";"None";"";"";"";"14.21"
"CHEMBL3946104";"";"None";"300.29";"0";"3.38";"BDBM238012";"COc1ccc(-c2cc3c(C(=O)O)n[nH]c3cc2C)c(F)c1";"EC50";"'='";"1045.0";"nM";"5.98";"";"415113";"UO_0000065";"19.92";"0.37";"2.60";"7.95";"0";"CHEMBL3888750";"33P-Based Assay: The biochemical EC50 (half-maximal concentration required for full activation) of compounds for the activation of AMPK was evaluated by 33P-based assay using SAMS peptide (commercially available) derived from ACC-1. Twenty Î¼l of phosphorylated AMPK diluted in assay buffer, (50 mM HEPES, 1 mM EGTA, 10 mM MgCl2, 0.25 mM DTT, 0.01% Tween-20, 0.01% BSA (pH 7.5)) was added to 384 well plates containing 1 μL of test compound. Following a fifteen minute room temperature incubation, 10 Î¼L of protein phosphatase PP2A was added to the plate to dephosphorylate pThr172 of AMPK. After incubation for 90 minutes, 10 μL of substrate mixture containing 41 nM okadaic acid, 82 μM SAMS peptide, 82 μM ATP and tracer amounts (6.8 nM) of 33P-containing ATP was added to the plate. The reaction was terminated after 60 minutes incubation at room temperature by the addition of 15 μL of 2% H3PO4. Subsequently, 45 μl of reaction mix was transferred to 384 well Millipore MZPH filter plates (MZPHNO50) pre-treated with 25 μL of 2% H3PO4 and the plates were washed three times with assay buffer. 20 μL of Ready Safe scintillation fluid was added to dried plates followed by detection on the Trilux detector.";"B";"BAO_0000223";"protein complex format";"Homo sapiens";"None";"None";"None";"None";"";"";"";"CHEMBL2096907";"AMP-activated protein kinase, AMPK";"Homo sapiens";"PROTEIN COMPLEX GROUP";"CHEMBL3886819";"37";"BindingDB Patent Bioactivity Data";"";"2016";"None";"";"";"";"1045.0"
"CHEMBL3947378";"";"None";"369.85";"0";"4.39";"BDBM238028";"CN1CCC(c2ccc(-c3cc4c(C(=O)O)n[nH]c4cc3Cl)cc2)CC1";"EC50";"'='";"36.8";"nM";"7.43";"";"415129";"UO_0000065";"20.10";"0.39";"3.04";"10.74";"0";"CHEMBL3888750";"33P-Based Assay: The biochemical EC50 (half-maximal concentration required for full activation) of compounds for the activation of AMPK was evaluated by 33P-based assay using SAMS peptide (commercially available) derived from ACC-1. Twenty Î¼l of phosphorylated AMPK diluted in assay buffer, (50 mM HEPES, 1 mM EGTA, 10 mM MgCl2, 0.25 mM DTT, 0.01% Tween-20, 0.01% BSA (pH 7.5)) was added to 384 well plates containing 1 μL of test compound. Following a fifteen minute room temperature incubation, 10 Î¼L of protein phosphatase PP2A was added to the plate to dephosphorylate pThr172 of AMPK. After incubation for 90 minutes, 10 μL of substrate mixture containing 41 nM okadaic acid, 82 μM SAMS peptide, 82 μM ATP and tracer amounts (6.8 nM) of 33P-containing ATP was added to the plate. The reaction was terminated after 60 minutes incubation at room temperature by the addition of 15 μL of 2% H3PO4. Subsequently, 45 μl of reaction mix was transferred to 384 well Millipore MZPH filter plates (MZPHNO50) pre-treated with 25 μL of 2% H3PO4 and the plates were washed three times with assay buffer. 20 μL of Ready Safe scintillation fluid was added to dried plates followed by detection on the Trilux detector.";"B";"BAO_0000223";"protein complex format";"Homo sapiens";"None";"None";"None";"None";"";"";"";"CHEMBL2096907";"AMP-activated protein kinase, AMPK";"Homo sapiens";"PROTEIN COMPLEX GROUP";"CHEMBL3886819";"37";"BindingDB Patent Bioactivity Data";"";"2016";"None";"";"";"";"36.8"
"CHEMBL5187064";"";"None";"566.66";"1";"2.95";"12";"COc1ccc(C(=O)N2CCN(C(=O)c3ccc(C(=O)NC4CCN(Cc5ccc(C#N)cc5)CC4)nc3)CC2)cc1";"EC50";"'='";"175.0";"nM";"6.76";"";"";"UO_0000065";"11.92";"0.22";"3.81";"5.68";"0";"CHEMBL5110776";"Activation of AMPK in human HepG2 cells assessed as increase in ACC phosphorylation at Ser79 incubated for 1 hr";"B";"BAO_0000219";"cell-based format";"Homo sapiens";"None";"None";"HepG2";"None";"";"";"";"CHEMBL2096907";"AMP-activated protein kinase, AMPK";"Homo sapiens";"PROTEIN COMPLEX GROUP";"CHEMBL5108030";"1";"Scientific Literature";"Bioorg Med Chem";"2022";"None";"TIME = 1.0 hr";"ACTIVATOR";"";"175.0"
"CHEMBL5190451";"";"None";"568.70";"1";"4.18";"23";"CC(C)(c1ccc(F)cc1)N1CCN(C(=O)c2ccc(C(=O)NC3CCN(Cc4ccc(C#N)cc4)CC3)nc2)CC1";"EC50";"'='";"6.0";"nM";"8.22";"";"";"UO_0000065";"14.46";"0.27";"4.04";"8.88";"0";"CHEMBL5110776";"Activation of AMPK in human HepG2 cells assessed as increase in ACC phosphorylation at Ser79 incubated for 1 hr";"B";"BAO_0000219";"cell-based format";"Homo sapiens";"None";"None";"HepG2";"None";"";"";"";"CHEMBL2096907";"AMP-activated protein kinase, AMPK";"Homo sapiens";"PROTEIN COMPLEX GROUP";"CHEMBL5108030";"1";"Scientific Literature";"Bioorg Med Chem";"2022";"None";"TIME = 1.0 hr";"ACTIVATOR";"";"6.0"
"CHEMBL5203272";"";"None";"529.62";"1";"3.21";"17";"O=C(NC1CCN(C(=O)c2ccccc2)CC1)c1ccc(C(=O)N2CCN(Cc3ccc(F)cc3)CC2)cn1";"EC50";"'='";"240.0";"nM";"6.62";"";"";"UO_0000065";"12.50";"0.23";"3.41";"7.71";"0";"CHEMBL5110776";"Activation of AMPK in human HepG2 cells assessed as increase in ACC phosphorylation at Ser79 incubated for 1 hr";"B";"BAO_0000219";"cell-based format";"Homo sapiens";"None";"None";"HepG2";"None";"";"";"";"CHEMBL2096907";"AMP-activated protein kinase, AMPK";"Homo sapiens";"PROTEIN COMPLEX GROUP";"CHEMBL5108030";"1";"Scientific Literature";"Bioorg Med Chem";"2022";"None";"TIME = 1.0 hr";"ACTIVATOR";"";"240.0"
"CHEMBL3393137";"";"None";"565.67";"1";"4.09";"40";"COc1ccc(C(=O)C2CCN(C(=O)c3ccc(C(=O)NC4CCN(Cc5ccc(C#N)cc5)CC4)cn3)CC2)cc1";"EC50";"'='";"31.0";"nM";"7.51";"";"";"UO_0000065";"13.27";"0.24";"3.42";"6.49";"1";"CHEMBL5110776";"Activation of AMPK in human HepG2 cells assessed as increase in ACC phosphorylation at Ser79 incubated for 1 hr";"B";"BAO_0000219";"cell-based format";"Homo sapiens";"None";"None";"HepG2";"None";"";"";"";"CHEMBL2096907";"AMP-activated protein kinase, AMPK";"Homo sapiens";"PROTEIN COMPLEX GROUP";"CHEMBL5108030";"1";"Scientific Literature";"Bioorg Med Chem";"2022";"None";"TIME = 1.0 hr";"ACTIVATOR";"";"31.0"
"CHEMBL5170298";"";"None";"483.62";"0";"3.00";"9";"O=C(c1ccc(C(=O)N2CCN(Cc3ccccc3)CC2)nc1)N1CCN(Cc2ccccc2)CC1";"EC50";"'='";"10000.0";"nM";"5.00";"";"";"UO_0000065";"10.34";"0.19";"2.00";"8.33";"0";"CHEMBL5110776";"Activation of AMPK in human HepG2 cells assessed as increase in ACC phosphorylation at Ser79 incubated for 1 hr";"B";"BAO_0000219";"cell-based format";"Homo sapiens";"None";"None";"HepG2";"None";"";"";"";"CHEMBL2096907";"AMP-activated protein kinase, AMPK";"Homo sapiens";"PROTEIN COMPLEX GROUP";"CHEMBL5108030";"1";"Scientific Literature";"Bioorg Med Chem";"2022";"None";"TIME = 1.0 hr";"ACTIVATOR";"";"10.0"
"CHEMBL3917068";"";"None";"301.73";"0";"4.20";"BDBM237952";"COc1ccc(-c2cc3c(C(=O)O)c[nH]c3cc2Cl)cc1";"EC50";"'='";"85.3";"nM";"7.07";"";"415053";"UO_0000065";"23.43";"0.46";"2.87";"11.34";"0";"CHEMBL3888750";"33P-Based Assay: The biochemical EC50 (half-maximal concentration required for full activation) of compounds for the activation of AMPK was evaluated by 33P-based assay using SAMS peptide (commercially available) derived from ACC-1. Twenty Î¼l of phosphorylated AMPK diluted in assay buffer, (50 mM HEPES, 1 mM EGTA, 10 mM MgCl2, 0.25 mM DTT, 0.01% Tween-20, 0.01% BSA (pH 7.5)) was added to 384 well plates containing 1 μL of test compound. Following a fifteen minute room temperature incubation, 10 Î¼L of protein phosphatase PP2A was added to the plate to dephosphorylate pThr172 of AMPK. After incubation for 90 minutes, 10 μL of substrate mixture containing 41 nM okadaic acid, 82 μM SAMS peptide, 82 μM ATP and tracer amounts (6.8 nM) of 33P-containing ATP was added to the plate. The reaction was terminated after 60 minutes incubation at room temperature by the addition of 15 μL of 2% H3PO4. Subsequently, 45 μl of reaction mix was transferred to 384 well Millipore MZPH filter plates (MZPHNO50) pre-treated with 25 μL of 2% H3PO4 and the plates were washed three times with assay buffer. 20 μL of Ready Safe scintillation fluid was added to dried plates followed by detection on the Trilux detector.";"B";"BAO_0000223";"protein complex format";"Homo sapiens";"None";"None";"None";"None";"";"";"";"CHEMBL2096907";"AMP-activated protein kinase, AMPK";"Homo sapiens";"PROTEIN COMPLEX GROUP";"CHEMBL3886819";"37";"BindingDB Patent Bioactivity Data";"";"2016";"None";"";"";"";"85.3"
"CHEMBL3960657";"";"None";"355.82";"0";"4.87";"BDBM237960";"Cc1cc(-c2cc3c(C(=O)O)c[nH]c3cc2Cl)ccc1C1(O)CCC1";"EC50";"'='";"9.6";"nM";"8.02";"";"415061";"UO_0000065";"22.53";"0.44";"3.15";"10.94";"0";"CHEMBL3888750";"33P-Based Assay: The biochemical EC50 (half-maximal concentration required for full activation) of compounds for the activation of AMPK was evaluated by 33P-based assay using SAMS peptide (commercially available) derived from ACC-1. Twenty Î¼l of phosphorylated AMPK diluted in assay buffer, (50 mM HEPES, 1 mM EGTA, 10 mM MgCl2, 0.25 mM DTT, 0.01% Tween-20, 0.01% BSA (pH 7.5)) was added to 384 well plates containing 1 μL of test compound. Following a fifteen minute room temperature incubation, 10 Î¼L of protein phosphatase PP2A was added to the plate to dephosphorylate pThr172 of AMPK. After incubation for 90 minutes, 10 μL of substrate mixture containing 41 nM okadaic acid, 82 μM SAMS peptide, 82 μM ATP and tracer amounts (6.8 nM) of 33P-containing ATP was added to the plate. The reaction was terminated after 60 minutes incubation at room temperature by the addition of 15 μL of 2% H3PO4. Subsequently, 45 μl of reaction mix was transferred to 384 well Millipore MZPH filter plates (MZPHNO50) pre-treated with 25 μL of 2% H3PO4 and the plates were washed three times with assay buffer. 20 μL of Ready Safe scintillation fluid was added to dried plates followed by detection on the Trilux detector.";"B";"BAO_0000223";"protein complex format";"Homo sapiens";"None";"None";"None";"None";"";"";"";"CHEMBL2096907";"AMP-activated protein kinase, AMPK";"Homo sapiens";"PROTEIN COMPLEX GROUP";"CHEMBL3886819";"37";"BindingDB Patent Bioactivity Data";"";"2016";"None";"";"";"";"9.6"
"CHEMBL3951962";"";"None";"399.88";"0";"3.47";"BDBM237966";"O=C(O)c1c[nH]c2cc(Cl)c(-c3ccc(OCCN4CCNCC4)cc3)cc12";"EC50";"'='";"110.5";"nM";"6.96";"";"415067";"UO_0000065";"17.40";"0.34";"3.49";"8.97";"0";"CHEMBL3888750";"33P-Based Assay: The biochemical EC50 (half-maximal concentration required for full activation) of compounds for the activation of AMPK was evaluated by 33P-based assay using SAMS peptide (commercially available) derived from ACC-1. Twenty Î¼l of phosphorylated AMPK diluted in assay buffer, (50 mM HEPES, 1 mM EGTA, 10 mM MgCl2, 0.25 mM DTT, 0.01% Tween-20, 0.01% BSA (pH 7.5)) was added to 384 well plates containing 1 μL of test compound. Following a fifteen minute room temperature incubation, 10 Î¼L of protein phosphatase PP2A was added to the plate to dephosphorylate pThr172 of AMPK. After incubation for 90 minutes, 10 μL of substrate mixture containing 41 nM okadaic acid, 82 μM SAMS peptide, 82 μM ATP and tracer amounts (6.8 nM) of 33P-containing ATP was added to the plate. The reaction was terminated after 60 minutes incubation at room temperature by the addition of 15 μL of 2% H3PO4. Subsequently, 45 μl of reaction mix was transferred to 384 well Millipore MZPH filter plates (MZPHNO50) pre-treated with 25 μL of 2% H3PO4 and the plates were washed three times with assay buffer. 20 μL of Ready Safe scintillation fluid was added to dried plates followed by detection on the Trilux detector.";"B";"BAO_0000223";"protein complex format";"Homo sapiens";"None";"None";"None";"None";"";"";"";"CHEMBL2096907";"AMP-activated protein kinase, AMPK";"Homo sapiens";"PROTEIN COMPLEX GROUP";"CHEMBL3886819";"37";"BindingDB Patent Bioactivity Data";"";"2016";"None";"";"";"";"110.5"
"CHEMBL3969335";"";"None";"359.81";"0";"4.42";"BDBM237973";"COc1cc(-c2cc3c(C(=O)O)c[nH]c3cc2Cl)ccc1C(C)(C)O";"EC50";"'='";"333.5";"nM";"6.48";"";"415074";"UO_0000065";"18.00";"0.35";"2.06";"7.85";"0";"CHEMBL3888750";"33P-Based Assay: The biochemical EC50 (half-maximal concentration required for full activation) of compounds for the activation of AMPK was evaluated by 33P-based assay using SAMS peptide (commercially available) derived from ACC-1. Twenty Î¼l of phosphorylated AMPK diluted in assay buffer, (50 mM HEPES, 1 mM EGTA, 10 mM MgCl2, 0.25 mM DTT, 0.01% Tween-20, 0.01% BSA (pH 7.5)) was added to 384 well plates containing 1 μL of test compound. Following a fifteen minute room temperature incubation, 10 Î¼L of protein phosphatase PP2A was added to the plate to dephosphorylate pThr172 of AMPK. After incubation for 90 minutes, 10 μL of substrate mixture containing 41 nM okadaic acid, 82 μM SAMS peptide, 82 μM ATP and tracer amounts (6.8 nM) of 33P-containing ATP was added to the plate. The reaction was terminated after 60 minutes incubation at room temperature by the addition of 15 μL of 2% H3PO4. Subsequently, 45 μl of reaction mix was transferred to 384 well Millipore MZPH filter plates (MZPHNO50) pre-treated with 25 μL of 2% H3PO4 and the plates were washed three times with assay buffer. 20 μL of Ready Safe scintillation fluid was added to dried plates followed by detection on the Trilux detector.";"B";"BAO_0000223";"protein complex format";"Homo sapiens";"None";"None";"None";"None";"";"";"";"CHEMBL2096907";"AMP-activated protein kinase, AMPK";"Homo sapiens";"PROTEIN COMPLEX GROUP";"CHEMBL3886819";"37";"BindingDB Patent Bioactivity Data";"";"2016";"None";"";"";"";"333.5"
"CHEMBL3979205";"";"None";"342.78";"0";"3.82";"BDBM60979";"O=C(O)c1n[nH]c2cc(Cl)c(-c3ccc([C@H]4C[C@H](O)C4)cc3)cc12";"EC50";"'='";"26.8";"nM";"7.57";"";"415141";"UO_0000065";"22.09";"0.43";"3.75";"8.78";"0";"CHEMBL3888750";"33P-Based Assay: The biochemical EC50 (half-maximal concentration required for full activation) of compounds for the activation of AMPK was evaluated by 33P-based assay using SAMS peptide (commercially available) derived from ACC-1. Twenty Î¼l of phosphorylated AMPK diluted in assay buffer, (50 mM HEPES, 1 mM EGTA, 10 mM MgCl2, 0.25 mM DTT, 0.01% Tween-20, 0.01% BSA (pH 7.5)) was added to 384 well plates containing 1 μL of test compound. Following a fifteen minute room temperature incubation, 10 Î¼L of protein phosphatase PP2A was added to the plate to dephosphorylate pThr172 of AMPK. After incubation for 90 minutes, 10 μL of substrate mixture containing 41 nM okadaic acid, 82 μM SAMS peptide, 82 μM ATP and tracer amounts (6.8 nM) of 33P-containing ATP was added to the plate. The reaction was terminated after 60 minutes incubation at room temperature by the addition of 15 μL of 2% H3PO4. Subsequently, 45 μl of reaction mix was transferred to 384 well Millipore MZPH filter plates (MZPHNO50) pre-treated with 25 μL of 2% H3PO4 and the plates were washed three times with assay buffer. 20 μL of Ready Safe scintillation fluid was added to dried plates followed by detection on the Trilux detector.";"B";"BAO_0000223";"protein complex format";"Homo sapiens";"None";"None";"None";"None";"";"";"";"CHEMBL2096907";"AMP-activated protein kinase, AMPK";"Homo sapiens";"PROTEIN COMPLEX GROUP";"CHEMBL3886819";"37";"BindingDB Patent Bioactivity Data";"";"2016";"None";"";"";"";"26.8"
"CHEMBL3922257";"";"None";"399.86";"1";"5.11";"BDBM238046";"O=S(=O)(O)c1c[nH]c2cc(Cl)c(-c3ccc(-c4ccccc4O)cc3)cc12";"EC50";"'>'";"50000.0";"nM";"";"";"415147";"UO_0000065";"";"";"";"";"0";"CHEMBL3888750";"33P-Based Assay: The biochemical EC50 (half-maximal concentration required for full activation) of compounds for the activation of AMPK was evaluated by 33P-based assay using SAMS peptide (commercially available) derived from ACC-1. Twenty Î¼l of phosphorylated AMPK diluted in assay buffer, (50 mM HEPES, 1 mM EGTA, 10 mM MgCl2, 0.25 mM DTT, 0.01% Tween-20, 0.01% BSA (pH 7.5)) was added to 384 well plates containing 1 μL of test compound. Following a fifteen minute room temperature incubation, 10 Î¼L of protein phosphatase PP2A was added to the plate to dephosphorylate pThr172 of AMPK. After incubation for 90 minutes, 10 μL of substrate mixture containing 41 nM okadaic acid, 82 μM SAMS peptide, 82 μM ATP and tracer amounts (6.8 nM) of 33P-containing ATP was added to the plate. The reaction was terminated after 60 minutes incubation at room temperature by the addition of 15 μL of 2% H3PO4. Subsequently, 45 μl of reaction mix was transferred to 384 well Millipore MZPH filter plates (MZPHNO50) pre-treated with 25 μL of 2% H3PO4 and the plates were washed three times with assay buffer. 20 μL of Ready Safe scintillation fluid was added to dried plates followed by detection on the Trilux detector.";"B";"BAO_0000223";"protein complex format";"Homo sapiens";"None";"None";"None";"None";"";"";"";"CHEMBL2096907";"AMP-activated protein kinase, AMPK";"Homo sapiens";"PROTEIN COMPLEX GROUP";"CHEMBL3886819";"37";"BindingDB Patent Bioactivity Data";"";"2016";"None";"";"";"";"50000.0"
"CHEMBL3961804";"";"None";"373.81";"0";"4.74";"BDBM238053";"O=C(O)c1c[nH]c2cc(Cl)c(-c3ccc(C4(CO)CCC4)c(F)c3)cc12";"EC50";"'='";"21.5";"nM";"7.67";"";"415154";"UO_0000065";"20.51";"0.40";"2.93";"10.46";"0";"CHEMBL3888750";"33P-Based Assay: The biochemical EC50 (half-maximal concentration required for full activation) of compounds for the activation of AMPK was evaluated by 33P-based assay using SAMS peptide (commercially available) derived from ACC-1. Twenty Î¼l of phosphorylated AMPK diluted in assay buffer, (50 mM HEPES, 1 mM EGTA, 10 mM MgCl2, 0.25 mM DTT, 0.01% Tween-20, 0.01% BSA (pH 7.5)) was added to 384 well plates containing 1 μL of test compound. Following a fifteen minute room temperature incubation, 10 Î¼L of protein phosphatase PP2A was added to the plate to dephosphorylate pThr172 of AMPK. After incubation for 90 minutes, 10 μL of substrate mixture containing 41 nM okadaic acid, 82 μM SAMS peptide, 82 μM ATP and tracer amounts (6.8 nM) of 33P-containing ATP was added to the plate. The reaction was terminated after 60 minutes incubation at room temperature by the addition of 15 μL of 2% H3PO4. Subsequently, 45 μl of reaction mix was transferred to 384 well Millipore MZPH filter plates (MZPHNO50) pre-treated with 25 μL of 2% H3PO4 and the plates were washed three times with assay buffer. 20 μL of Ready Safe scintillation fluid was added to dried plates followed by detection on the Trilux detector.";"B";"BAO_0000223";"protein complex format";"Homo sapiens";"None";"None";"None";"None";"";"";"";"CHEMBL2096907";"AMP-activated protein kinase, AMPK";"Homo sapiens";"PROTEIN COMPLEX GROUP";"CHEMBL3886819";"37";"BindingDB Patent Bioactivity Data";"";"2016";"None";"";"";"";"21.5"
"CHEMBL3936902";"";"None";"325.34";"0";"4.52";"BDBM238061";"O=C(O)c1c[nH]c2cc(F)c(-c3ccc(C4CCCO4)cc3)cc12";"EC50";"'='";"37.82";"nM";"7.42";"";"415163";"UO_0000065";"22.81";"0.42";"2.90";"11.91";"0";"CHEMBL3888750";"33P-Based Assay: The biochemical EC50 (half-maximal concentration required for full activation) of compounds for the activation of AMPK was evaluated by 33P-based assay using SAMS peptide (commercially available) derived from ACC-1. Twenty Î¼l of phosphorylated AMPK diluted in assay buffer, (50 mM HEPES, 1 mM EGTA, 10 mM MgCl2, 0.25 mM DTT, 0.01% Tween-20, 0.01% BSA (pH 7.5)) was added to 384 well plates containing 1 μL of test compound. Following a fifteen minute room temperature incubation, 10 Î¼L of protein phosphatase PP2A was added to the plate to dephosphorylate pThr172 of AMPK. After incubation for 90 minutes, 10 μL of substrate mixture containing 41 nM okadaic acid, 82 μM SAMS peptide, 82 μM ATP and tracer amounts (6.8 nM) of 33P-containing ATP was added to the plate. The reaction was terminated after 60 minutes incubation at room temperature by the addition of 15 μL of 2% H3PO4. Subsequently, 45 μl of reaction mix was transferred to 384 well Millipore MZPH filter plates (MZPHNO50) pre-treated with 25 μL of 2% H3PO4 and the plates were washed three times with assay buffer. 20 μL of Ready Safe scintillation fluid was added to dried plates followed by detection on the Trilux detector.";"B";"BAO_0000223";"protein complex format";"Homo sapiens";"None";"None";"None";"None";"";"";"";"CHEMBL2096907";"AMP-activated protein kinase, AMPK";"Homo sapiens";"PROTEIN COMPLEX GROUP";"CHEMBL3886819";"37";"BindingDB Patent Bioactivity Data";"";"2016";"None";"";"";"";"37.82"
"CHEMBL3931350";"";"None";"332.36";"0";"3.78";"BDBM237931";"N#Cc1cc2[nH]cc(C(=O)O)c2cc1-c1ccc(C2(O)CCC2)cc1";"EC50";"'='";"42.5";"nM";"7.37";"";"415030";"UO_0000065";"22.18";"0.40";"3.59";"7.59";"0";"CHEMBL3888750";"33P-Based Assay: The biochemical EC50 (half-maximal concentration required for full activation) of compounds for the activation of AMPK was evaluated by 33P-based assay using SAMS peptide (commercially available) derived from ACC-1. Twenty Î¼l of phosphorylated AMPK diluted in assay buffer, (50 mM HEPES, 1 mM EGTA, 10 mM MgCl2, 0.25 mM DTT, 0.01% Tween-20, 0.01% BSA (pH 7.5)) was added to 384 well plates containing 1 μL of test compound. Following a fifteen minute room temperature incubation, 10 Î¼L of protein phosphatase PP2A was added to the plate to dephosphorylate pThr172 of AMPK. After incubation for 90 minutes, 10 μL of substrate mixture containing 41 nM okadaic acid, 82 μM SAMS peptide, 82 μM ATP and tracer amounts (6.8 nM) of 33P-containing ATP was added to the plate. The reaction was terminated after 60 minutes incubation at room temperature by the addition of 15 μL of 2% H3PO4. Subsequently, 45 μl of reaction mix was transferred to 384 well Millipore MZPH filter plates (MZPHNO50) pre-treated with 25 μL of 2% H3PO4 and the plates were washed three times with assay buffer. 20 μL of Ready Safe scintillation fluid was added to dried plates followed by detection on the Trilux detector.";"B";"BAO_0000223";"protein complex format";"Homo sapiens";"None";"None";"None";"None";"";"";"";"CHEMBL2096907";"AMP-activated protein kinase, AMPK";"Homo sapiens";"PROTEIN COMPLEX GROUP";"CHEMBL3886819";"37";"BindingDB Patent Bioactivity Data";"";"2016";"None";"";"";"";"42.5"
"CHEMBL3975172";"";"None";"343.77";"0";"3.96";"BDBM237937";"O=C(O)c1c[nH]c2cc(Cl)c(-c3ccc(OC4COC4)cc3)cc12";"EC50";"'='";"181.5";"nM";"6.74";"";"415038";"UO_0000065";"19.61";"0.38";"2.78";"9.42";"0";"CHEMBL3888750";"33P-Based Assay: The biochemical EC50 (half-maximal concentration required for full activation) of compounds for the activation of AMPK was evaluated by 33P-based assay using SAMS peptide (commercially available) derived from ACC-1. Twenty Î¼l of phosphorylated AMPK diluted in assay buffer, (50 mM HEPES, 1 mM EGTA, 10 mM MgCl2, 0.25 mM DTT, 0.01% Tween-20, 0.01% BSA (pH 7.5)) was added to 384 well plates containing 1 μL of test compound. Following a fifteen minute room temperature incubation, 10 Î¼L of protein phosphatase PP2A was added to the plate to dephosphorylate pThr172 of AMPK. After incubation for 90 minutes, 10 μL of substrate mixture containing 41 nM okadaic acid, 82 μM SAMS peptide, 82 μM ATP and tracer amounts (6.8 nM) of 33P-containing ATP was added to the plate. The reaction was terminated after 60 minutes incubation at room temperature by the addition of 15 μL of 2% H3PO4. Subsequently, 45 μl of reaction mix was transferred to 384 well Millipore MZPH filter plates (MZPHNO50) pre-treated with 25 μL of 2% H3PO4 and the plates were washed three times with assay buffer. 20 μL of Ready Safe scintillation fluid was added to dried plates followed by detection on the Trilux detector.";"B";"BAO_0000223";"protein complex format";"Homo sapiens";"None";"None";"None";"None";"";"";"";"CHEMBL2096907";"AMP-activated protein kinase, AMPK";"Homo sapiens";"PROTEIN COMPLEX GROUP";"CHEMBL3886819";"37";"BindingDB Patent Bioactivity Data";"";"2016";"None";"";"";"";"181.5"
"CHEMBL3978662";"";"None";"375.81";"0";"3.02";"BDBM238091";"COc1nc(N(C)CCO)ccc1-c1cc2c(C(=O)O)c[nH]c2cc1Cl";"EC50";"'='";"84.5";"nM";"7.07";"";"415199";"UO_0000065";"18.82";"0.37";"4.05";"7.17";"0";"CHEMBL3888750";"33P-Based Assay: The biochemical EC50 (half-maximal concentration required for full activation) of compounds for the activation of AMPK was evaluated by 33P-based assay using SAMS peptide (commercially available) derived from ACC-1. Twenty Î¼l of phosphorylated AMPK diluted in assay buffer, (50 mM HEPES, 1 mM EGTA, 10 mM MgCl2, 0.25 mM DTT, 0.01% Tween-20, 0.01% BSA (pH 7.5)) was added to 384 well plates containing 1 μL of test compound. Following a fifteen minute room temperature incubation, 10 Î¼L of protein phosphatase PP2A was added to the plate to dephosphorylate pThr172 of AMPK. After incubation for 90 minutes, 10 μL of substrate mixture containing 41 nM okadaic acid, 82 μM SAMS peptide, 82 μM ATP and tracer amounts (6.8 nM) of 33P-containing ATP was added to the plate. The reaction was terminated after 60 minutes incubation at room temperature by the addition of 15 μL of 2% H3PO4. Subsequently, 45 μl of reaction mix was transferred to 384 well Millipore MZPH filter plates (MZPHNO50) pre-treated with 25 μL of 2% H3PO4 and the plates were washed three times with assay buffer. 20 μL of Ready Safe scintillation fluid was added to dried plates followed by detection on the Trilux detector.";"B";"BAO_0000223";"protein complex format";"Homo sapiens";"None";"None";"None";"None";"";"";"";"CHEMBL2096907";"AMP-activated protein kinase, AMPK";"Homo sapiens";"PROTEIN COMPLEX GROUP";"CHEMBL3886819";"37";"BindingDB Patent Bioactivity Data";"";"2016";"None";"";"";"";"84.5"
"CHEMBL5198929";"";"None";"555.68";"1";"3.80";"47";"COc1ccc(C(=O)C2CCN(C(=O)c3ccc(C(=O)NC4CCN(Cc5ccc(N)cc5)CC4)cn3)CC2)cc1";"EC50";"'='";"1000.0";"nM";"6.00";"";"";"UO_0000065";"10.80";"0.20";"2.20";"5.09";"0";"CHEMBL5110776";"Activation of AMPK in human HepG2 cells assessed as increase in ACC phosphorylation at Ser79 incubated for 1 hr";"B";"BAO_0000219";"cell-based format";"Homo sapiens";"None";"None";"HepG2";"None";"";"";"";"CHEMBL2096907";"AMP-activated protein kinase, AMPK";"Homo sapiens";"PROTEIN COMPLEX GROUP";"CHEMBL5108030";"1";"Scientific Literature";"Bioorg Med Chem";"2022";"None";"TIME = 1.0 hr";"ACTIVATOR";"";"1000.0"
"CHEMBL5196789";"";"None";"604.75";"1";"4.68";"52";"N#Cc1ccc(CN2CCC(NC(=O)c3ccc(C(=O)N4CCC(C(=O)c5ccc(N6CCCC6)cc5)CC4)nc3)CC2)cc1";"EC50";"'='";"20.0";"nM";"7.70";"";"";"UO_0000065";"12.73";"0.23";"3.02";"7.02";"0";"CHEMBL5110776";"Activation of AMPK in human HepG2 cells assessed as increase in ACC phosphorylation at Ser79 incubated for 1 hr";"B";"BAO_0000219";"cell-based format";"Homo sapiens";"None";"None";"HepG2";"None";"";"";"";"CHEMBL2096907";"AMP-activated protein kinase, AMPK";"Homo sapiens";"PROTEIN COMPLEX GROUP";"CHEMBL5108030";"1";"Scientific Literature";"Bioorg Med Chem";"2022";"None";"TIME = 1.0 hr";"ACTIVATOR";"";"20.0"
"CHEMBL5192025";"";"None";"497.64";"0";"3.43";"6";"O=C(NC1CCN(Cc2ccccc2)CC1)c1ccc(C(=O)N2CCN(Cc3ccccc3)CC2)cn1";"EC50";"'='";"16.0";"nM";"7.80";"";"";"UO_0000065";"15.67";"0.29";"4.37";"11.33";"0";"CHEMBL5110776";"Activation of AMPK in human HepG2 cells assessed as increase in ACC phosphorylation at Ser79 incubated for 1 hr";"B";"BAO_0000219";"cell-based format";"Homo sapiens";"None";"None";"HepG2";"None";"";"";"";"CHEMBL2096907";"AMP-activated protein kinase, AMPK";"Homo sapiens";"PROTEIN COMPLEX GROUP";"CHEMBL5108030";"1";"Scientific Literature";"Bioorg Med Chem";"2022";"None";"TIME = 1.0 hr";"ACTIVATOR";"";"16.0"
"CHEMBL5200690";"";"None";"554.63";"1";"2.97";"25";"N#Cc1ccc(CN2CCC(NC(=O)c3ccc(C(=O)N4CCN(Cc5ccc(F)cc5)C(=O)C4)cn3)CC2)cc1";"EC50";"'='";"466.0";"nM";"6.33";"";"";"UO_0000065";"11.42";"0.21";"3.36";"5.77";"0";"CHEMBL5110776";"Activation of AMPK in human HepG2 cells assessed as increase in ACC phosphorylation at Ser79 incubated for 1 hr";"B";"BAO_0000219";"cell-based format";"Homo sapiens";"None";"None";"HepG2";"None";"";"";"";"CHEMBL2096907";"AMP-activated protein kinase, AMPK";"Homo sapiens";"PROTEIN COMPLEX GROUP";"CHEMBL5108030";"1";"Scientific Literature";"Bioorg Med Chem";"2022";"None";"TIME = 1.0 hr";"ACTIVATOR";"";"466.0"
"CHEMBL3896700";"";"None";"271.70";"0";"4.19";"BDBM237922";"O=C(O)c1c[nH]c2cc(Cl)c(-c3ccccc3)cc12";"EC50";"'='";"458.6";"nM";"6.34";"";"415021";"UO_0000065";"23.33";"0.46";"2.15";"11.94";"0";"CHEMBL3888750";"33P-Based Assay: The biochemical EC50 (half-maximal concentration required for full activation) of compounds for the activation of AMPK was evaluated by 33P-based assay using SAMS peptide (commercially available) derived from ACC-1. Twenty Î¼l of phosphorylated AMPK diluted in assay buffer, (50 mM HEPES, 1 mM EGTA, 10 mM MgCl2, 0.25 mM DTT, 0.01% Tween-20, 0.01% BSA (pH 7.5)) was added to 384 well plates containing 1 μL of test compound. Following a fifteen minute room temperature incubation, 10 Î¼L of protein phosphatase PP2A was added to the plate to dephosphorylate pThr172 of AMPK. After incubation for 90 minutes, 10 μL of substrate mixture containing 41 nM okadaic acid, 82 μM SAMS peptide, 82 μM ATP and tracer amounts (6.8 nM) of 33P-containing ATP was added to the plate. The reaction was terminated after 60 minutes incubation at room temperature by the addition of 15 μL of 2% H3PO4. Subsequently, 45 μl of reaction mix was transferred to 384 well Millipore MZPH filter plates (MZPHNO50) pre-treated with 25 μL of 2% H3PO4 and the plates were washed three times with assay buffer. 20 μL of Ready Safe scintillation fluid was added to dried plates followed by detection on the Trilux detector.";"B";"BAO_0000223";"protein complex format";"Homo sapiens";"None";"None";"None";"None";"";"";"";"CHEMBL2096907";"AMP-activated protein kinase, AMPK";"Homo sapiens";"PROTEIN COMPLEX GROUP";"CHEMBL3886819";"37";"BindingDB Patent Bioactivity Data";"";"2016";"None";"";"";"";"458.6"
"CHEMBL3890728";"";"None";"398.85";"0";"4.74";"BDBM237933";"COC(=O)N1CCC(c2ccc(-c3cc4c(C(=O)O)c[nH]c4cc3Cl)cc2)C1";"EC50";"'='";"118.2";"nM";"6.93";"";"415034";"UO_0000065";"17.37";"0.34";"2.19";"8.38";"0";"CHEMBL3888750";"33P-Based Assay: The biochemical EC50 (half-maximal concentration required for full activation) of compounds for the activation of AMPK was evaluated by 33P-based assay using SAMS peptide (commercially available) derived from ACC-1. Twenty Î¼l of phosphorylated AMPK diluted in assay buffer, (50 mM HEPES, 1 mM EGTA, 10 mM MgCl2, 0.25 mM DTT, 0.01% Tween-20, 0.01% BSA (pH 7.5)) was added to 384 well plates containing 1 μL of test compound. Following a fifteen minute room temperature incubation, 10 Î¼L of protein phosphatase PP2A was added to the plate to dephosphorylate pThr172 of AMPK. After incubation for 90 minutes, 10 μL of substrate mixture containing 41 nM okadaic acid, 82 μM SAMS peptide, 82 μM ATP and tracer amounts (6.8 nM) of 33P-containing ATP was added to the plate. The reaction was terminated after 60 minutes incubation at room temperature by the addition of 15 μL of 2% H3PO4. Subsequently, 45 μl of reaction mix was transferred to 384 well Millipore MZPH filter plates (MZPHNO50) pre-treated with 25 μL of 2% H3PO4 and the plates were washed three times with assay buffer. 20 μL of Ready Safe scintillation fluid was added to dried plates followed by detection on the Trilux detector.";"B";"BAO_0000223";"protein complex format";"Homo sapiens";"None";"None";"None";"None";"";"";"";"CHEMBL2096907";"AMP-activated protein kinase, AMPK";"Homo sapiens";"PROTEIN COMPLEX GROUP";"CHEMBL3886819";"37";"BindingDB Patent Bioactivity Data";"";"2016";"None";"";"";"";"118.2"
"CHEMBL3950813";"";"None";"355.78";"0";"4.30";"BDBM238004";"O=C(O)c1c[nH]c2cc(Cl)c(-c3ccc(C4(C(=O)O)CC4)cc3)cc12";"EC50";"'='";"58.1";"nM";"7.24";"";"415105";"UO_0000065";"20.34";"0.40";"2.94";"8.01";"0";"CHEMBL3888750";"33P-Based Assay: The biochemical EC50 (half-maximal concentration required for full activation) of compounds for the activation of AMPK was evaluated by 33P-based assay using SAMS peptide (commercially available) derived from ACC-1. Twenty Î¼l of phosphorylated AMPK diluted in assay buffer, (50 mM HEPES, 1 mM EGTA, 10 mM MgCl2, 0.25 mM DTT, 0.01% Tween-20, 0.01% BSA (pH 7.5)) was added to 384 well plates containing 1 μL of test compound. Following a fifteen minute room temperature incubation, 10 Î¼L of protein phosphatase PP2A was added to the plate to dephosphorylate pThr172 of AMPK. After incubation for 90 minutes, 10 μL of substrate mixture containing 41 nM okadaic acid, 82 μM SAMS peptide, 82 μM ATP and tracer amounts (6.8 nM) of 33P-containing ATP was added to the plate. The reaction was terminated after 60 minutes incubation at room temperature by the addition of 15 μL of 2% H3PO4. Subsequently, 45 μl of reaction mix was transferred to 384 well Millipore MZPH filter plates (MZPHNO50) pre-treated with 25 μL of 2% H3PO4 and the plates were washed three times with assay buffer. 20 μL of Ready Safe scintillation fluid was added to dried plates followed by detection on the Trilux detector.";"B";"BAO_0000223";"protein complex format";"Homo sapiens";"None";"None";"None";"None";"";"";"";"CHEMBL2096907";"AMP-activated protein kinase, AMPK";"Homo sapiens";"PROTEIN COMPLEX GROUP";"CHEMBL3886819";"37";"BindingDB Patent Bioactivity Data";"";"2016";"None";"";"";"";"58.1"
"CHEMBL3916127";"";"None";"316.74";"0";"3.12";"BDBM238023";"O=C(O)c1n[nH]c2cc(Cl)c(-c3ccc(CCO)cc3)cc12";"EC50";"'='";"82.3";"nM";"7.08";"";"415124";"UO_0000065";"22.37";"0.44";"3.96";"8.22";"0";"CHEMBL3888750";"33P-Based Assay: The biochemical EC50 (half-maximal concentration required for full activation) of compounds for the activation of AMPK was evaluated by 33P-based assay using SAMS peptide (commercially available) derived from ACC-1. Twenty Î¼l of phosphorylated AMPK diluted in assay buffer, (50 mM HEPES, 1 mM EGTA, 10 mM MgCl2, 0.25 mM DTT, 0.01% Tween-20, 0.01% BSA (pH 7.5)) was added to 384 well plates containing 1 μL of test compound. Following a fifteen minute room temperature incubation, 10 Î¼L of protein phosphatase PP2A was added to the plate to dephosphorylate pThr172 of AMPK. After incubation for 90 minutes, 10 μL of substrate mixture containing 41 nM okadaic acid, 82 μM SAMS peptide, 82 μM ATP and tracer amounts (6.8 nM) of 33P-containing ATP was added to the plate. The reaction was terminated after 60 minutes incubation at room temperature by the addition of 15 μL of 2% H3PO4. Subsequently, 45 μl of reaction mix was transferred to 384 well Millipore MZPH filter plates (MZPHNO50) pre-treated with 25 μL of 2% H3PO4 and the plates were washed three times with assay buffer. 20 μL of Ready Safe scintillation fluid was added to dried plates followed by detection on the Trilux detector.";"B";"BAO_0000223";"protein complex format";"Homo sapiens";"None";"None";"None";"None";"";"";"";"CHEMBL2096907";"AMP-activated protein kinase, AMPK";"Homo sapiens";"PROTEIN COMPLEX GROUP";"CHEMBL3886819";"37";"BindingDB Patent Bioactivity Data";"";"2016";"None";"";"";"";"82.3"
"CHEMBL3967654";"";"None";"345.30";"0";"3.03";"BDBM237939";"O=C(O)c1c[nH]c2cc(F)c(-c3ccc(C4(O)COC4)cc3)c(F)c12";"EC50";"'='";"53.6";"nM";"7.27";"";"415040";"UO_0000065";"21.06";"0.40";"4.24";"8.81";"0";"CHEMBL3888750";"33P-Based Assay: The biochemical EC50 (half-maximal concentration required for full activation) of compounds for the activation of AMPK was evaluated by 33P-based assay using SAMS peptide (commercially available) derived from ACC-1. Twenty Î¼l of phosphorylated AMPK diluted in assay buffer, (50 mM HEPES, 1 mM EGTA, 10 mM MgCl2, 0.25 mM DTT, 0.01% Tween-20, 0.01% BSA (pH 7.5)) was added to 384 well plates containing 1 μL of test compound. Following a fifteen minute room temperature incubation, 10 Î¼L of protein phosphatase PP2A was added to the plate to dephosphorylate pThr172 of AMPK. After incubation for 90 minutes, 10 μL of substrate mixture containing 41 nM okadaic acid, 82 μM SAMS peptide, 82 μM ATP and tracer amounts (6.8 nM) of 33P-containing ATP was added to the plate. The reaction was terminated after 60 minutes incubation at room temperature by the addition of 15 μL of 2% H3PO4. Subsequently, 45 μl of reaction mix was transferred to 384 well Millipore MZPH filter plates (MZPHNO50) pre-treated with 25 μL of 2% H3PO4 and the plates were washed three times with assay buffer. 20 μL of Ready Safe scintillation fluid was added to dried plates followed by detection on the Trilux detector.";"B";"BAO_0000223";"protein complex format";"Homo sapiens";"None";"None";"None";"None";"";"";"";"CHEMBL2096907";"AMP-activated protein kinase, AMPK";"Homo sapiens";"PROTEIN COMPLEX GROUP";"CHEMBL3886819";"37";"BindingDB Patent Bioactivity Data";"";"2016";"None";"";"";"";"53.6"
"CHEMBL4113888";"";"None";"610.14";"1";"4.46";"BDBM240782";"CS(=O)(=NCc1ccc(-c2ccc(-c3nc4[nH]c(O[C@@H]5CO[C@H]6[C@@H]5OC[C@H]6O)nc4cc3Cl)cc2)cc1)N1CCCC1";"EC50";"'='";"138.0";"nM";"6.86";"";"420114";"UO_0000065";"11.24";"0.22";"2.40";"5.62";"0";"CHEMBL3888860";"Activation Assay: In the 384-well plates 1.25 μl of test compound in assay buffer was mixed with 1.25 μl of AMPK and 1.25 μl of the peptide (final concentration of 1 μM) and 1.25 μl of ATP (final concentration of 30 μM), both dissolved in assay buffer. This step was followed by an incubation time of 60 min. Then 5 μl of ADP Glo Reagent was added. This was followed by 40 min of incubation. Then 10 μl of Kinase Detection Reagent was admixed. The plates were sealed and after an incubation period of 30 min, the luminescence signal was measured in an Envision reader. All incubation steps were accomplished at room temperature. Assay buffer: 20 mM HEPES pH 7.0, 0.025% BSA, 15 mM MgCl2, 0.01% Brij.";"B";"BAO_0000223";"protein complex format";"Homo sapiens";"None";"None";"None";"None";"";"";"";"CHEMBL2096907";"AMP-activated protein kinase, AMPK";"Homo sapiens";"PROTEIN COMPLEX GROUP";"CHEMBL3886866";"37";"BindingDB Patent Bioactivity Data";"";"2016";"None";"";"";"";"138.0"
"CHEMBL3940125";"";"None";"329.78";"0";"4.11";"BDBM237997";"O=C(O)c1c[nH]c2cc(Cl)c(-c3ccc(CCCO)cc3)cc12";"EC50";"'='";"181.9";"nM";"6.74";"";"415098";"UO_0000065";"20.44";"0.40";"2.63";"9.19";"0";"CHEMBL3888750";"33P-Based Assay: The biochemical EC50 (half-maximal concentration required for full activation) of compounds for the activation of AMPK was evaluated by 33P-based assay using SAMS peptide (commercially available) derived from ACC-1. Twenty Î¼l of phosphorylated AMPK diluted in assay buffer, (50 mM HEPES, 1 mM EGTA, 10 mM MgCl2, 0.25 mM DTT, 0.01% Tween-20, 0.01% BSA (pH 7.5)) was added to 384 well plates containing 1 μL of test compound. Following a fifteen minute room temperature incubation, 10 Î¼L of protein phosphatase PP2A was added to the plate to dephosphorylate pThr172 of AMPK. After incubation for 90 minutes, 10 μL of substrate mixture containing 41 nM okadaic acid, 82 μM SAMS peptide, 82 μM ATP and tracer amounts (6.8 nM) of 33P-containing ATP was added to the plate. The reaction was terminated after 60 minutes incubation at room temperature by the addition of 15 μL of 2% H3PO4. Subsequently, 45 μl of reaction mix was transferred to 384 well Millipore MZPH filter plates (MZPHNO50) pre-treated with 25 μL of 2% H3PO4 and the plates were washed three times with assay buffer. 20 μL of Ready Safe scintillation fluid was added to dried plates followed by detection on the Trilux detector.";"B";"BAO_0000223";"protein complex format";"Homo sapiens";"None";"None";"None";"None";"";"";"";"CHEMBL2096907";"AMP-activated protein kinase, AMPK";"Homo sapiens";"PROTEIN COMPLEX GROUP";"CHEMBL3886819";"37";"BindingDB Patent Bioactivity Data";"";"2016";"None";"";"";"";"181.9"
"CHEMBL3943480";"";"None";"349.75";"0";"3.70";"BDBM237998";"O=C(O)c1c[nH]c2cc(Cl)c(-c3ccc(OCCO)c(F)c3)cc12";"EC50";"'='";"182.5";"nM";"6.74";"";"415099";"UO_0000065";"19.27";"0.38";"3.04";"8.16";"0";"CHEMBL3888750";"33P-Based Assay: The biochemical EC50 (half-maximal concentration required for full activation) of compounds for the activation of AMPK was evaluated by 33P-based assay using SAMS peptide (commercially available) derived from ACC-1. Twenty Î¼l of phosphorylated AMPK diluted in assay buffer, (50 mM HEPES, 1 mM EGTA, 10 mM MgCl2, 0.25 mM DTT, 0.01% Tween-20, 0.01% BSA (pH 7.5)) was added to 384 well plates containing 1 μL of test compound. Following a fifteen minute room temperature incubation, 10 Î¼L of protein phosphatase PP2A was added to the plate to dephosphorylate pThr172 of AMPK. After incubation for 90 minutes, 10 μL of substrate mixture containing 41 nM okadaic acid, 82 μM SAMS peptide, 82 μM ATP and tracer amounts (6.8 nM) of 33P-containing ATP was added to the plate. The reaction was terminated after 60 minutes incubation at room temperature by the addition of 15 μL of 2% H3PO4. Subsequently, 45 μl of reaction mix was transferred to 384 well Millipore MZPH filter plates (MZPHNO50) pre-treated with 25 μL of 2% H3PO4 and the plates were washed three times with assay buffer. 20 μL of Ready Safe scintillation fluid was added to dried plates followed by detection on the Trilux detector.";"B";"BAO_0000223";"protein complex format";"Homo sapiens";"None";"None";"None";"None";"";"";"";"CHEMBL2096907";"AMP-activated protein kinase, AMPK";"Homo sapiens";"PROTEIN COMPLEX GROUP";"CHEMBL3886819";"37";"BindingDB Patent Bioactivity Data";"";"2016";"None";"";"";"";"182.5"
"CHEMBL3980767";"";"None";"322.32";"0";"2.78";"BDBM238009";"N#Cc1cc2[nH]cc(C(=O)O)c2cc1-c1ccc(OCCO)cc1";"EC50";"'='";"830.4";"nM";"6.08";"";"415110";"UO_0000065";"18.87";"0.35";"3.30";"5.72";"0";"CHEMBL3888750";"33P-Based Assay: The biochemical EC50 (half-maximal concentration required for full activation) of compounds for the activation of AMPK was evaluated by 33P-based assay using SAMS peptide (commercially available) derived from ACC-1. Twenty Î¼l of phosphorylated AMPK diluted in assay buffer, (50 mM HEPES, 1 mM EGTA, 10 mM MgCl2, 0.25 mM DTT, 0.01% Tween-20, 0.01% BSA (pH 7.5)) was added to 384 well plates containing 1 μL of test compound. Following a fifteen minute room temperature incubation, 10 Î¼L of protein phosphatase PP2A was added to the plate to dephosphorylate pThr172 of AMPK. After incubation for 90 minutes, 10 μL of substrate mixture containing 41 nM okadaic acid, 82 μM SAMS peptide, 82 μM ATP and tracer amounts (6.8 nM) of 33P-containing ATP was added to the plate. The reaction was terminated after 60 minutes incubation at room temperature by the addition of 15 μL of 2% H3PO4. Subsequently, 45 μl of reaction mix was transferred to 384 well Millipore MZPH filter plates (MZPHNO50) pre-treated with 25 μL of 2% H3PO4 and the plates were washed three times with assay buffer. 20 μL of Ready Safe scintillation fluid was added to dried plates followed by detection on the Trilux detector.";"B";"BAO_0000223";"protein complex format";"Homo sapiens";"None";"None";"None";"None";"";"";"";"CHEMBL2096907";"AMP-activated protein kinase, AMPK";"Homo sapiens";"PROTEIN COMPLEX GROUP";"CHEMBL3886819";"37";"BindingDB Patent Bioactivity Data";"";"2016";"None";"";"";"";"830.4"
"CHEMBL3951382";"";"None";"330.77";"0";"4.37";"BDBM238014";"CC(C)Oc1ccc(-c2cc3c(C(=O)O)n[nH]c3cc2Cl)cc1";"EC50";"'='";"189.6";"nM";"6.72";"";"415115";"UO_0000065";"20.32";"0.40";"2.35";"8.94";"0";"CHEMBL3888750";"33P-Based Assay: The biochemical EC50 (half-maximal concentration required for full activation) of compounds for the activation of AMPK was evaluated by 33P-based assay using SAMS peptide (commercially available) derived from ACC-1. Twenty Î¼l of phosphorylated AMPK diluted in assay buffer, (50 mM HEPES, 1 mM EGTA, 10 mM MgCl2, 0.25 mM DTT, 0.01% Tween-20, 0.01% BSA (pH 7.5)) was added to 384 well plates containing 1 μL of test compound. Following a fifteen minute room temperature incubation, 10 Î¼L of protein phosphatase PP2A was added to the plate to dephosphorylate pThr172 of AMPK. After incubation for 90 minutes, 10 μL of substrate mixture containing 41 nM okadaic acid, 82 μM SAMS peptide, 82 μM ATP and tracer amounts (6.8 nM) of 33P-containing ATP was added to the plate. The reaction was terminated after 60 minutes incubation at room temperature by the addition of 15 μL of 2% H3PO4. Subsequently, 45 μl of reaction mix was transferred to 384 well Millipore MZPH filter plates (MZPHNO50) pre-treated with 25 μL of 2% H3PO4 and the plates were washed three times with assay buffer. 20 μL of Ready Safe scintillation fluid was added to dried plates followed by detection on the Trilux detector.";"B";"BAO_0000223";"protein complex format";"Homo sapiens";"None";"None";"None";"None";"";"";"";"CHEMBL2096907";"AMP-activated protein kinase, AMPK";"Homo sapiens";"PROTEIN COMPLEX GROUP";"CHEMBL3886819";"37";"BindingDB Patent Bioactivity Data";"";"2016";"None";"";"";"";"189.6"
"CHEMBL3936111";"";"None";"342.78";"0";"3.95";"BDBM238017";"O=C(O)c1n[nH]c2cc(Cl)c(-c3ccc(C4(O)CCC4)cc3)cc12";"EC50";"'='";"8.3";"nM";"8.08";"";"415118";"UO_0000065";"23.57";"0.46";"4.13";"9.37";"0";"CHEMBL3888750";"33P-Based Assay: The biochemical EC50 (half-maximal concentration required for full activation) of compounds for the activation of AMPK was evaluated by 33P-based assay using SAMS peptide (commercially available) derived from ACC-1. Twenty Î¼l of phosphorylated AMPK diluted in assay buffer, (50 mM HEPES, 1 mM EGTA, 10 mM MgCl2, 0.25 mM DTT, 0.01% Tween-20, 0.01% BSA (pH 7.5)) was added to 384 well plates containing 1 μL of test compound. Following a fifteen minute room temperature incubation, 10 Î¼L of protein phosphatase PP2A was added to the plate to dephosphorylate pThr172 of AMPK. After incubation for 90 minutes, 10 μL of substrate mixture containing 41 nM okadaic acid, 82 μM SAMS peptide, 82 μM ATP and tracer amounts (6.8 nM) of 33P-containing ATP was added to the plate. The reaction was terminated after 60 minutes incubation at room temperature by the addition of 15 μL of 2% H3PO4. Subsequently, 45 μl of reaction mix was transferred to 384 well Millipore MZPH filter plates (MZPHNO50) pre-treated with 25 μL of 2% H3PO4 and the plates were washed three times with assay buffer. 20 μL of Ready Safe scintillation fluid was added to dried plates followed by detection on the Trilux detector.";"B";"BAO_0000223";"protein complex format";"Homo sapiens";"None";"None";"None";"None";"";"";"";"CHEMBL2096907";"AMP-activated protein kinase, AMPK";"Homo sapiens";"PROTEIN COMPLEX GROUP";"CHEMBL3886819";"37";"BindingDB Patent Bioactivity Data";"";"2016";"None";"";"";"";"8.3"
"CHEMBL3969396";"";"None";"384.74";"0";"4.35";"BDBM238022";"CC(O)(c1ccc(-c2cc3c(C(=O)O)n[nH]c3cc2Cl)cc1)C(F)(F)F";"EC50";"'='";"94.4";"nM";"7.03";"";"415123";"UO_0000065";"18.26";"0.37";"2.68";"8.15";"0";"CHEMBL3888750";"33P-Based Assay: The biochemical EC50 (half-maximal concentration required for full activation) of compounds for the activation of AMPK was evaluated by 33P-based assay using SAMS peptide (commercially available) derived from ACC-1. Twenty Î¼l of phosphorylated AMPK diluted in assay buffer, (50 mM HEPES, 1 mM EGTA, 10 mM MgCl2, 0.25 mM DTT, 0.01% Tween-20, 0.01% BSA (pH 7.5)) was added to 384 well plates containing 1 μL of test compound. Following a fifteen minute room temperature incubation, 10 Î¼L of protein phosphatase PP2A was added to the plate to dephosphorylate pThr172 of AMPK. After incubation for 90 minutes, 10 μL of substrate mixture containing 41 nM okadaic acid, 82 μM SAMS peptide, 82 μM ATP and tracer amounts (6.8 nM) of 33P-containing ATP was added to the plate. The reaction was terminated after 60 minutes incubation at room temperature by the addition of 15 μL of 2% H3PO4. Subsequently, 45 μl of reaction mix was transferred to 384 well Millipore MZPH filter plates (MZPHNO50) pre-treated with 25 μL of 2% H3PO4 and the plates were washed three times with assay buffer. 20 μL of Ready Safe scintillation fluid was added to dried plates followed by detection on the Trilux detector.";"B";"BAO_0000223";"protein complex format";"Homo sapiens";"None";"None";"None";"None";"";"";"";"CHEMBL2096907";"AMP-activated protein kinase, AMPK";"Homo sapiens";"PROTEIN COMPLEX GROUP";"CHEMBL3886819";"37";"BindingDB Patent Bioactivity Data";"";"2016";"None";"";"";"";"94.4"
"CHEMBL512504";"";"None";"360.39";"0";"4.21";"25; A-769662";"N#Cc1c(O)c2c(-c3ccc(-c4ccccc4O)cc3)csc2[nH]c1=O";"EC50";"'='";"800.0";"nM";"6.10";"";"";"UO_0000065";"16.92";"0.32";"1.89";"6.28";"0";"CHEMBL4308974";"Activation of AMPK (unknown origin)";"B";"BAO_0000223";"protein complex format";"Homo sapiens";"None";"None";"None";"None";"";"";"";"CHEMBL2096907";"AMP-activated protein kinase, AMPK";"Homo sapiens";"PROTEIN COMPLEX GROUP";"CHEMBL4308824";"1";"Scientific Literature";"J Med Chem";"2018";"None";"";"";"";"0.8"
"CHEMBL2153066";"";"None";"451.98";"1";"5.98";"page no 884 R14C3";"Cc1nc(-c2c(O)c3cc(-c4ccc(N5CCCCC5)cc4)c(Cl)cc3[nH]c2=O)cs1";"EC50";"'>'";"3162.28";"nM";"";"";"";"UO_0000065";"";"";"";"";"0";"CHEMBL2154197";"Activation of recombinant human AMPK by FRET assay";"B";"BAO_0000019";"assay format";"Homo sapiens";"None";"None";"None";"None";"";"";"";"CHEMBL2096907";"AMP-activated protein kinase, AMPK";"Homo sapiens";"PROTEIN COMPLEX GROUP";"CHEMBL2150967";"1";"Scientific Literature";"ACS Med Chem Lett";"2012";"None";"";"";"";"5.5"
"CHEMBL4249790";"";"None";"517.92";"2";"1.91";"M1";"O=C(O[C@@H]1O[C@H](C(=O)O)[C@@H](O)[C@H](O)[C@H]1O)c1c[nH]c2cc(Cl)c(-c3ccc(C4(O)CCC4)cc3)cc12";"EC50";"'='";"3270.0";"nM";"5.49";"";"";"UO_0000065";"10.59";"0.21";"3.58";"3.24";"0";"CHEMBL4234629";"Activation of AMPK in cryopreserved human hepatocytes assessed as increase in phosphorylation of acetyl-CoA carboxylase at Ser79 residue after 1 hr by Meso Scale Discovery assay";"B";"BAO_0000219";"cell-based format";"Homo sapiens";"None";"None";"None";"None";"";"";"";"CHEMBL2096907";"AMP-activated protein kinase, AMPK";"Homo sapiens";"PROTEIN COMPLEX GROUP";"CHEMBL4229467";"1";"Scientific Literature";"J Med Chem";"2018";"None";"";"";"";"3.27"
"CHEMBL3919304";"";"None";"301.73";"0";"3.68";"BDBM237921";"O=C(O)c1c[nH]c2cc(Cl)c(-c3ccc(CO)cc3)cc12";"EC50";"'='";"64.7";"nM";"7.19";"";"415020";"UO_0000065";"23.83";"0.47";"3.51";"9.81";"0";"CHEMBL3888750";"33P-Based Assay: The biochemical EC50 (half-maximal concentration required for full activation) of compounds for the activation of AMPK was evaluated by 33P-based assay using SAMS peptide (commercially available) derived from ACC-1. Twenty Î¼l of phosphorylated AMPK diluted in assay buffer, (50 mM HEPES, 1 mM EGTA, 10 mM MgCl2, 0.25 mM DTT, 0.01% Tween-20, 0.01% BSA (pH 7.5)) was added to 384 well plates containing 1 μL of test compound. Following a fifteen minute room temperature incubation, 10 Î¼L of protein phosphatase PP2A was added to the plate to dephosphorylate pThr172 of AMPK. After incubation for 90 minutes, 10 μL of substrate mixture containing 41 nM okadaic acid, 82 μM SAMS peptide, 82 μM ATP and tracer amounts (6.8 nM) of 33P-containing ATP was added to the plate. The reaction was terminated after 60 minutes incubation at room temperature by the addition of 15 μL of 2% H3PO4. Subsequently, 45 μl of reaction mix was transferred to 384 well Millipore MZPH filter plates (MZPHNO50) pre-treated with 25 μL of 2% H3PO4 and the plates were washed three times with assay buffer. 20 μL of Ready Safe scintillation fluid was added to dried plates followed by detection on the Trilux detector.";"B";"BAO_0000223";"protein complex format";"Homo sapiens";"None";"None";"None";"None";"";"";"";"CHEMBL2096907";"AMP-activated protein kinase, AMPK";"Homo sapiens";"PROTEIN COMPLEX GROUP";"CHEMBL3886819";"37";"BindingDB Patent Bioactivity Data";"";"2016";"None";"";"";"";"64.7"
"CHEMBL3983520";"";"None";"372.81";"0";"3.70";"BDBM237929";"CC(=O)NCCOc1ccc(-c2cc3c(C(=O)O)c[nH]c3cc2Cl)cc1";"EC50";"'='";"69.9";"nM";"7.16";"";"415028";"UO_0000065";"19.19";"0.38";"3.46";"7.83";"0";"CHEMBL3888750";"33P-Based Assay: The biochemical EC50 (half-maximal concentration required for full activation) of compounds for the activation of AMPK was evaluated by 33P-based assay using SAMS peptide (commercially available) derived from ACC-1. Twenty Î¼l of phosphorylated AMPK diluted in assay buffer, (50 mM HEPES, 1 mM EGTA, 10 mM MgCl2, 0.25 mM DTT, 0.01% Tween-20, 0.01% BSA (pH 7.5)) was added to 384 well plates containing 1 μL of test compound. Following a fifteen minute room temperature incubation, 10 Î¼L of protein phosphatase PP2A was added to the plate to dephosphorylate pThr172 of AMPK. After incubation for 90 minutes, 10 μL of substrate mixture containing 41 nM okadaic acid, 82 μM SAMS peptide, 82 μM ATP and tracer amounts (6.8 nM) of 33P-containing ATP was added to the plate. The reaction was terminated after 60 minutes incubation at room temperature by the addition of 15 μL of 2% H3PO4. Subsequently, 45 μl of reaction mix was transferred to 384 well Millipore MZPH filter plates (MZPHNO50) pre-treated with 25 μL of 2% H3PO4 and the plates were washed three times with assay buffer. 20 μL of Ready Safe scintillation fluid was added to dried plates followed by detection on the Trilux detector.";"B";"BAO_0000223";"protein complex format";"Homo sapiens";"None";"None";"None";"None";"";"";"";"CHEMBL2096907";"AMP-activated protein kinase, AMPK";"Homo sapiens";"PROTEIN COMPLEX GROUP";"CHEMBL3886819";"37";"BindingDB Patent Bioactivity Data";"";"2016";"None";"";"";"";"69.9"
"CHEMBL3897545";"";"None";"368.82";"0";"3.96";"BDBM237930";"O=C(O)c1c[nH]c2cc(Cl)c(-c3ccc(CC(=O)N4CCC4)cc3)cc12";"EC50";"'='";"554.1";"nM";"6.26";"";"415029";"UO_0000065";"16.96";"0.33";"2.30";"8.52";"0";"CHEMBL3888750";"33P-Based Assay: The biochemical EC50 (half-maximal concentration required for full activation) of compounds for the activation of AMPK was evaluated by 33P-based assay using SAMS peptide (commercially available) derived from ACC-1. Twenty Î¼l of phosphorylated AMPK diluted in assay buffer, (50 mM HEPES, 1 mM EGTA, 10 mM MgCl2, 0.25 mM DTT, 0.01% Tween-20, 0.01% BSA (pH 7.5)) was added to 384 well plates containing 1 μL of test compound. Following a fifteen minute room temperature incubation, 10 Î¼L of protein phosphatase PP2A was added to the plate to dephosphorylate pThr172 of AMPK. After incubation for 90 minutes, 10 μL of substrate mixture containing 41 nM okadaic acid, 82 μM SAMS peptide, 82 μM ATP and tracer amounts (6.8 nM) of 33P-containing ATP was added to the plate. The reaction was terminated after 60 minutes incubation at room temperature by the addition of 15 μL of 2% H3PO4. Subsequently, 45 μl of reaction mix was transferred to 384 well Millipore MZPH filter plates (MZPHNO50) pre-treated with 25 μL of 2% H3PO4 and the plates were washed three times with assay buffer. 20 μL of Ready Safe scintillation fluid was added to dried plates followed by detection on the Trilux detector.";"B";"BAO_0000223";"protein complex format";"Homo sapiens";"None";"None";"None";"None";"";"";"";"CHEMBL2096907";"AMP-activated protein kinase, AMPK";"Homo sapiens";"PROTEIN COMPLEX GROUP";"CHEMBL3886819";"37";"BindingDB Patent Bioactivity Data";"";"2016";"None";"";"";"";"554.1"
"CHEMBL3927673";"";"None";"372.81";"0";"3.96";"BDBM238044";"COc1cc(-c2cc3c(C(=O)O)n[nH]c3cc2Cl)ccc1C1(O)CCC1";"EC50";"'='";"17.9";"nM";"7.75";"";"415145";"UO_0000065";"20.78";"0.41";"3.79";"8.12";"0";"CHEMBL3888750";"33P-Based Assay: The biochemical EC50 (half-maximal concentration required for full activation) of compounds for the activation of AMPK was evaluated by 33P-based assay using SAMS peptide (commercially available) derived from ACC-1. Twenty Î¼l of phosphorylated AMPK diluted in assay buffer, (50 mM HEPES, 1 mM EGTA, 10 mM MgCl2, 0.25 mM DTT, 0.01% Tween-20, 0.01% BSA (pH 7.5)) was added to 384 well plates containing 1 μL of test compound. Following a fifteen minute room temperature incubation, 10 Î¼L of protein phosphatase PP2A was added to the plate to dephosphorylate pThr172 of AMPK. After incubation for 90 minutes, 10 μL of substrate mixture containing 41 nM okadaic acid, 82 μM SAMS peptide, 82 μM ATP and tracer amounts (6.8 nM) of 33P-containing ATP was added to the plate. The reaction was terminated after 60 minutes incubation at room temperature by the addition of 15 μL of 2% H3PO4. Subsequently, 45 μl of reaction mix was transferred to 384 well Millipore MZPH filter plates (MZPHNO50) pre-treated with 25 μL of 2% H3PO4 and the plates were washed three times with assay buffer. 20 μL of Ready Safe scintillation fluid was added to dried plates followed by detection on the Trilux detector.";"B";"BAO_0000223";"protein complex format";"Homo sapiens";"None";"None";"None";"None";"";"";"";"CHEMBL2096907";"AMP-activated protein kinase, AMPK";"Homo sapiens";"PROTEIN COMPLEX GROUP";"CHEMBL3886819";"37";"BindingDB Patent Bioactivity Data";"";"2016";"None";"";"";"";"17.9"
"CHEMBL3958674";"";"None";"337.78";"0";"3.74";"BDBM238045";"COc1ccc(-c2cc3c(S(=O)(=O)O)c[nH]c3cc2Cl)cc1";"EC50";"'='";"482.7";"nM";"6.32";"";"415146";"UO_0000065";"18.70";"0.39";"2.58";"7.96";"0";"CHEMBL3888750";"33P-Based Assay: The biochemical EC50 (half-maximal concentration required for full activation) of compounds for the activation of AMPK was evaluated by 33P-based assay using SAMS peptide (commercially available) derived from ACC-1. Twenty Î¼l of phosphorylated AMPK diluted in assay buffer, (50 mM HEPES, 1 mM EGTA, 10 mM MgCl2, 0.25 mM DTT, 0.01% Tween-20, 0.01% BSA (pH 7.5)) was added to 384 well plates containing 1 μL of test compound. Following a fifteen minute room temperature incubation, 10 Î¼L of protein phosphatase PP2A was added to the plate to dephosphorylate pThr172 of AMPK. After incubation for 90 minutes, 10 μL of substrate mixture containing 41 nM okadaic acid, 82 μM SAMS peptide, 82 μM ATP and tracer amounts (6.8 nM) of 33P-containing ATP was added to the plate. The reaction was terminated after 60 minutes incubation at room temperature by the addition of 15 μL of 2% H3PO4. Subsequently, 45 μl of reaction mix was transferred to 384 well Millipore MZPH filter plates (MZPHNO50) pre-treated with 25 μL of 2% H3PO4 and the plates were washed three times with assay buffer. 20 μL of Ready Safe scintillation fluid was added to dried plates followed by detection on the Trilux detector.";"B";"BAO_0000223";"protein complex format";"Homo sapiens";"None";"None";"None";"None";"";"";"";"CHEMBL2096907";"AMP-activated protein kinase, AMPK";"Homo sapiens";"PROTEIN COMPLEX GROUP";"CHEMBL3886819";"37";"BindingDB Patent Bioactivity Data";"";"2016";"None";"";"";"";"482.7"
"CHEMBL3939922";"";"None";"341.79";"1";"5.04";"BDBM60984";"O=C(O)c1c[nH]c2cc(Cl)c(-c3ccc([C@@H]4CCCO4)cc3)cc12";"EC50";"'='";"47.79";"nM";"7.32";"";"415167";"UO_0000065";"21.42";"0.42";"2.28";"11.75";"0";"CHEMBL3888750";"33P-Based Assay: The biochemical EC50 (half-maximal concentration required for full activation) of compounds for the activation of AMPK was evaluated by 33P-based assay using SAMS peptide (commercially available) derived from ACC-1. Twenty Î¼l of phosphorylated AMPK diluted in assay buffer, (50 mM HEPES, 1 mM EGTA, 10 mM MgCl2, 0.25 mM DTT, 0.01% Tween-20, 0.01% BSA (pH 7.5)) was added to 384 well plates containing 1 μL of test compound. Following a fifteen minute room temperature incubation, 10 Î¼L of protein phosphatase PP2A was added to the plate to dephosphorylate pThr172 of AMPK. After incubation for 90 minutes, 10 μL of substrate mixture containing 41 nM okadaic acid, 82 μM SAMS peptide, 82 μM ATP and tracer amounts (6.8 nM) of 33P-containing ATP was added to the plate. The reaction was terminated after 60 minutes incubation at room temperature by the addition of 15 μL of 2% H3PO4. Subsequently, 45 μl of reaction mix was transferred to 384 well Millipore MZPH filter plates (MZPHNO50) pre-treated with 25 μL of 2% H3PO4 and the plates were washed three times with assay buffer. 20 μL of Ready Safe scintillation fluid was added to dried plates followed by detection on the Trilux detector.";"B";"BAO_0000223";"protein complex format";"Homo sapiens";"None";"None";"None";"None";"";"";"";"CHEMBL2096907";"AMP-activated protein kinase, AMPK";"Homo sapiens";"PROTEIN COMPLEX GROUP";"CHEMBL3886819";"37";"BindingDB Patent Bioactivity Data";"";"2016";"None";"";"";"";"47.79"
"CHEMBL3946470";"";"None";"379.80";"0";"4.56";"BDBM238068";"O=C(O)c1c[nH]c2cc(Cl)c(-c3ccc(OCc4ncccn4)cc3)cc12";"EC50";"'='";"17.3";"nM";"7.76";"";"415172";"UO_0000065";"20.44";"0.39";"3.20";"8.81";"0";"CHEMBL3888750";"33P-Based Assay: The biochemical EC50 (half-maximal concentration required for full activation) of compounds for the activation of AMPK was evaluated by 33P-based assay using SAMS peptide (commercially available) derived from ACC-1. Twenty Î¼l of phosphorylated AMPK diluted in assay buffer, (50 mM HEPES, 1 mM EGTA, 10 mM MgCl2, 0.25 mM DTT, 0.01% Tween-20, 0.01% BSA (pH 7.5)) was added to 384 well plates containing 1 μL of test compound. Following a fifteen minute room temperature incubation, 10 Î¼L of protein phosphatase PP2A was added to the plate to dephosphorylate pThr172 of AMPK. After incubation for 90 minutes, 10 μL of substrate mixture containing 41 nM okadaic acid, 82 μM SAMS peptide, 82 μM ATP and tracer amounts (6.8 nM) of 33P-containing ATP was added to the plate. The reaction was terminated after 60 minutes incubation at room temperature by the addition of 15 μL of 2% H3PO4. Subsequently, 45 μl of reaction mix was transferred to 384 well Millipore MZPH filter plates (MZPHNO50) pre-treated with 25 μL of 2% H3PO4 and the plates were washed three times with assay buffer. 20 μL of Ready Safe scintillation fluid was added to dried plates followed by detection on the Trilux detector.";"B";"BAO_0000223";"protein complex format";"Homo sapiens";"None";"None";"None";"None";"";"";"";"CHEMBL2096907";"AMP-activated protein kinase, AMPK";"Homo sapiens";"PROTEIN COMPLEX GROUP";"CHEMBL3886819";"37";"BindingDB Patent Bioactivity Data";"";"2016";"None";"";"";"";"17.3"
"CHEMBL3913606";"";"None";"339.37";"0";"4.91";"BDBM238078";"O=C(O)c1c[nH]c2cc(F)c(-c3ccc(C4CCCCO4)cc3)cc12";"EC50";"'='";"32.9";"nM";"7.48";"";"415184";"UO_0000065";"22.05";"0.41";"2.57";"12.01";"0";"CHEMBL3888750";"33P-Based Assay: The biochemical EC50 (half-maximal concentration required for full activation) of compounds for the activation of AMPK was evaluated by 33P-based assay using SAMS peptide (commercially available) derived from ACC-1. Twenty Î¼l of phosphorylated AMPK diluted in assay buffer, (50 mM HEPES, 1 mM EGTA, 10 mM MgCl2, 0.25 mM DTT, 0.01% Tween-20, 0.01% BSA (pH 7.5)) was added to 384 well plates containing 1 μL of test compound. Following a fifteen minute room temperature incubation, 10 Î¼L of protein phosphatase PP2A was added to the plate to dephosphorylate pThr172 of AMPK. After incubation for 90 minutes, 10 μL of substrate mixture containing 41 nM okadaic acid, 82 μM SAMS peptide, 82 μM ATP and tracer amounts (6.8 nM) of 33P-containing ATP was added to the plate. The reaction was terminated after 60 minutes incubation at room temperature by the addition of 15 μL of 2% H3PO4. Subsequently, 45 μl of reaction mix was transferred to 384 well Millipore MZPH filter plates (MZPHNO50) pre-treated with 25 μL of 2% H3PO4 and the plates were washed three times with assay buffer. 20 μL of Ready Safe scintillation fluid was added to dried plates followed by detection on the Trilux detector.";"B";"BAO_0000223";"protein complex format";"Homo sapiens";"None";"None";"None";"None";"";"";"";"CHEMBL2096907";"AMP-activated protein kinase, AMPK";"Homo sapiens";"PROTEIN COMPLEX GROUP";"CHEMBL3886819";"37";"BindingDB Patent Bioactivity Data";"";"2016";"None";"";"";"";"32.9"
"CHEMBL3930006";"";"None";"381.82";"0";"4.46";"BDBM238085";"O=C(O)c1c[nH]c2cc(Cl)c(-c3ccc(OCCn4cccn4)cc3)cc12";"EC50";"'='";"11.6";"nM";"7.94";"";"415193";"UO_0000065";"20.78";"0.40";"3.48";"9.90";"0";"CHEMBL3888750";"33P-Based Assay: The biochemical EC50 (half-maximal concentration required for full activation) of compounds for the activation of AMPK was evaluated by 33P-based assay using SAMS peptide (commercially available) derived from ACC-1. Twenty Î¼l of phosphorylated AMPK diluted in assay buffer, (50 mM HEPES, 1 mM EGTA, 10 mM MgCl2, 0.25 mM DTT, 0.01% Tween-20, 0.01% BSA (pH 7.5)) was added to 384 well plates containing 1 μL of test compound. Following a fifteen minute room temperature incubation, 10 Î¼L of protein phosphatase PP2A was added to the plate to dephosphorylate pThr172 of AMPK. After incubation for 90 minutes, 10 μL of substrate mixture containing 41 nM okadaic acid, 82 μM SAMS peptide, 82 μM ATP and tracer amounts (6.8 nM) of 33P-containing ATP was added to the plate. The reaction was terminated after 60 minutes incubation at room temperature by the addition of 15 μL of 2% H3PO4. Subsequently, 45 μl of reaction mix was transferred to 384 well Millipore MZPH filter plates (MZPHNO50) pre-treated with 25 μL of 2% H3PO4 and the plates were washed three times with assay buffer. 20 μL of Ready Safe scintillation fluid was added to dried plates followed by detection on the Trilux detector.";"B";"BAO_0000223";"protein complex format";"Homo sapiens";"None";"None";"None";"None";"";"";"";"CHEMBL2096907";"AMP-activated protein kinase, AMPK";"Homo sapiens";"PROTEIN COMPLEX GROUP";"CHEMBL3886819";"37";"BindingDB Patent Bioactivity Data";"";"2016";"None";"";"";"";"11.6"
"CHEMBL3915364";"";"None";"357.79";"0";"4.35";"BDBM238087";"O=C(O)c1c[nH]c2cc(Cl)c(-c3ccc(OCC4CCO4)cc3)cc12";"EC50";"'='";"19.0";"nM";"7.72";"";"415195";"UO_0000065";"21.58";"0.42";"3.37";"10.79";"0";"CHEMBL3888750";"33P-Based Assay: The biochemical EC50 (half-maximal concentration required for full activation) of compounds for the activation of AMPK was evaluated by 33P-based assay using SAMS peptide (commercially available) derived from ACC-1. Twenty Î¼l of phosphorylated AMPK diluted in assay buffer, (50 mM HEPES, 1 mM EGTA, 10 mM MgCl2, 0.25 mM DTT, 0.01% Tween-20, 0.01% BSA (pH 7.5)) was added to 384 well plates containing 1 μL of test compound. Following a fifteen minute room temperature incubation, 10 Î¼L of protein phosphatase PP2A was added to the plate to dephosphorylate pThr172 of AMPK. After incubation for 90 minutes, 10 μL of substrate mixture containing 41 nM okadaic acid, 82 μM SAMS peptide, 82 μM ATP and tracer amounts (6.8 nM) of 33P-containing ATP was added to the plate. The reaction was terminated after 60 minutes incubation at room temperature by the addition of 15 μL of 2% H3PO4. Subsequently, 45 μl of reaction mix was transferred to 384 well Millipore MZPH filter plates (MZPHNO50) pre-treated with 25 μL of 2% H3PO4 and the plates were washed three times with assay buffer. 20 μL of Ready Safe scintillation fluid was added to dried plates followed by detection on the Trilux detector.";"B";"BAO_0000223";"protein complex format";"Homo sapiens";"None";"None";"None";"None";"";"";"";"CHEMBL2096907";"AMP-activated protein kinase, AMPK";"Homo sapiens";"PROTEIN COMPLEX GROUP";"CHEMBL3886819";"37";"BindingDB Patent Bioactivity Data";"";"2016";"None";"";"";"";"19.0"
"CHEMBL3972362";"";"None";"384.82";"0";"3.80";"BDBM237927";"CC(=O)N1CC(Oc2ccc(-c3cc4c(C(=O)O)c[nH]c4cc3Cl)cc2)C1";"EC50";"'='";"219.7";"nM";"6.66";"";"415026";"UO_0000065";"17.30";"0.34";"2.86";"8.06";"0";"CHEMBL3888750";"33P-Based Assay: The biochemical EC50 (half-maximal concentration required for full activation) of compounds for the activation of AMPK was evaluated by 33P-based assay using SAMS peptide (commercially available) derived from ACC-1. Twenty Î¼l of phosphorylated AMPK diluted in assay buffer, (50 mM HEPES, 1 mM EGTA, 10 mM MgCl2, 0.25 mM DTT, 0.01% Tween-20, 0.01% BSA (pH 7.5)) was added to 384 well plates containing 1 μL of test compound. Following a fifteen minute room temperature incubation, 10 Î¼L of protein phosphatase PP2A was added to the plate to dephosphorylate pThr172 of AMPK. After incubation for 90 minutes, 10 μL of substrate mixture containing 41 nM okadaic acid, 82 μM SAMS peptide, 82 μM ATP and tracer amounts (6.8 nM) of 33P-containing ATP was added to the plate. The reaction was terminated after 60 minutes incubation at room temperature by the addition of 15 μL of 2% H3PO4. Subsequently, 45 μl of reaction mix was transferred to 384 well Millipore MZPH filter plates (MZPHNO50) pre-treated with 25 μL of 2% H3PO4 and the plates were washed three times with assay buffer. 20 μL of Ready Safe scintillation fluid was added to dried plates followed by detection on the Trilux detector.";"B";"BAO_0000223";"protein complex format";"Homo sapiens";"None";"None";"None";"None";"";"";"";"CHEMBL2096907";"AMP-activated protein kinase, AMPK";"Homo sapiens";"PROTEIN COMPLEX GROUP";"CHEMBL3886819";"37";"BindingDB Patent Bioactivity Data";"";"2016";"None";"";"";"";"219.7"
"CHEMBL3980024";"";"None";"418.90";"0";"3.94";"BDBM237935";"CS(=O)(=O)N1CCC(c2ccc(-c3cc4c(C(=O)O)c[nH]c4cc3Cl)cc2)C1";"EC50";"'='";"412.3";"nM";"6.38";"";"415036";"UO_0000065";"15.24";"0.31";"2.44";"7.06";"0";"CHEMBL3888750";"33P-Based Assay: The biochemical EC50 (half-maximal concentration required for full activation) of compounds for the activation of AMPK was evaluated by 33P-based assay using SAMS peptide (commercially available) derived from ACC-1. Twenty Î¼l of phosphorylated AMPK diluted in assay buffer, (50 mM HEPES, 1 mM EGTA, 10 mM MgCl2, 0.25 mM DTT, 0.01% Tween-20, 0.01% BSA (pH 7.5)) was added to 384 well plates containing 1 μL of test compound. Following a fifteen minute room temperature incubation, 10 Î¼L of protein phosphatase PP2A was added to the plate to dephosphorylate pThr172 of AMPK. After incubation for 90 minutes, 10 μL of substrate mixture containing 41 nM okadaic acid, 82 μM SAMS peptide, 82 μM ATP and tracer amounts (6.8 nM) of 33P-containing ATP was added to the plate. The reaction was terminated after 60 minutes incubation at room temperature by the addition of 15 μL of 2% H3PO4. Subsequently, 45 μl of reaction mix was transferred to 384 well Millipore MZPH filter plates (MZPHNO50) pre-treated with 25 μL of 2% H3PO4 and the plates were washed three times with assay buffer. 20 μL of Ready Safe scintillation fluid was added to dried plates followed by detection on the Trilux detector.";"B";"BAO_0000223";"protein complex format";"Homo sapiens";"None";"None";"None";"None";"";"";"";"CHEMBL2096907";"AMP-activated protein kinase, AMPK";"Homo sapiens";"PROTEIN COMPLEX GROUP";"CHEMBL3886819";"37";"BindingDB Patent Bioactivity Data";"";"2016";"None";"";"";"";"412.3"
"CHEMBL3940764";"";"None";"343.33";"0";"3.84";"BDBM237941";"O=C(O)c1c[nH]c2cc(F)c(-c3ccc(C4(CO)CC4)cc3)c(F)c12";"EC50";"'='";"13.7";"nM";"7.86";"";"415042";"UO_0000065";"22.90";"0.43";"4.02";"10.72";"0";"CHEMBL3888750";"33P-Based Assay: The biochemical EC50 (half-maximal concentration required for full activation) of compounds for the activation of AMPK was evaluated by 33P-based assay using SAMS peptide (commercially available) derived from ACC-1. Twenty Î¼l of phosphorylated AMPK diluted in assay buffer, (50 mM HEPES, 1 mM EGTA, 10 mM MgCl2, 0.25 mM DTT, 0.01% Tween-20, 0.01% BSA (pH 7.5)) was added to 384 well plates containing 1 μL of test compound. Following a fifteen minute room temperature incubation, 10 Î¼L of protein phosphatase PP2A was added to the plate to dephosphorylate pThr172 of AMPK. After incubation for 90 minutes, 10 μL of substrate mixture containing 41 nM okadaic acid, 82 μM SAMS peptide, 82 μM ATP and tracer amounts (6.8 nM) of 33P-containing ATP was added to the plate. The reaction was terminated after 60 minutes incubation at room temperature by the addition of 15 μL of 2% H3PO4. Subsequently, 45 μl of reaction mix was transferred to 384 well Millipore MZPH filter plates (MZPHNO50) pre-treated with 25 μL of 2% H3PO4 and the plates were washed three times with assay buffer. 20 μL of Ready Safe scintillation fluid was added to dried plates followed by detection on the Trilux detector.";"B";"BAO_0000223";"protein complex format";"Homo sapiens";"None";"None";"None";"None";"";"";"";"CHEMBL2096907";"AMP-activated protein kinase, AMPK";"Homo sapiens";"PROTEIN COMPLEX GROUP";"CHEMBL3886819";"37";"BindingDB Patent Bioactivity Data";"";"2016";"None";"";"";"";"13.7"
"CHEMBL3894523";"";"None";"343.81";"0";"4.46";"BDBM237955";"CC(C)(CO)c1ccc(-c2cc3c(C(=O)O)c[nH]c3cc2Cl)cc1";"EC50";"'='";"7.1";"nM";"8.15";"";"415056";"UO_0000065";"23.70";"0.46";"3.69";"11.11";"0";"CHEMBL3888750";"33P-Based Assay: The biochemical EC50 (half-maximal concentration required for full activation) of compounds for the activation of AMPK was evaluated by 33P-based assay using SAMS peptide (commercially available) derived from ACC-1. Twenty Î¼l of phosphorylated AMPK diluted in assay buffer, (50 mM HEPES, 1 mM EGTA, 10 mM MgCl2, 0.25 mM DTT, 0.01% Tween-20, 0.01% BSA (pH 7.5)) was added to 384 well plates containing 1 μL of test compound. Following a fifteen minute room temperature incubation, 10 Î¼L of protein phosphatase PP2A was added to the plate to dephosphorylate pThr172 of AMPK. After incubation for 90 minutes, 10 μL of substrate mixture containing 41 nM okadaic acid, 82 μM SAMS peptide, 82 μM ATP and tracer amounts (6.8 nM) of 33P-containing ATP was added to the plate. The reaction was terminated after 60 minutes incubation at room temperature by the addition of 15 μL of 2% H3PO4. Subsequently, 45 μl of reaction mix was transferred to 384 well Millipore MZPH filter plates (MZPHNO50) pre-treated with 25 μL of 2% H3PO4 and the plates were washed three times with assay buffer. 20 μL of Ready Safe scintillation fluid was added to dried plates followed by detection on the Trilux detector.";"B";"BAO_0000223";"protein complex format";"Homo sapiens";"None";"None";"None";"None";"";"";"";"CHEMBL2096907";"AMP-activated protein kinase, AMPK";"Homo sapiens";"PROTEIN COMPLEX GROUP";"CHEMBL3886819";"37";"BindingDB Patent Bioactivity Data";"";"2016";"None";"";"";"";"7.1"
"CHEMBL3960572";"";"None";"418.90";"0";"4.28";"BDBM238001";"CS(=O)(=O)N1CCCC1c1ccc(-c2cc3c(C(=O)O)c[nH]c3cc2Cl)cc1";"EC50";"'='";"343.6";"nM";"6.46";"";"415102";"UO_0000065";"15.43";"0.32";"2.18";"7.14";"0";"CHEMBL3888750";"33P-Based Assay: The biochemical EC50 (half-maximal concentration required for full activation) of compounds for the activation of AMPK was evaluated by 33P-based assay using SAMS peptide (commercially available) derived from ACC-1. Twenty Î¼l of phosphorylated AMPK diluted in assay buffer, (50 mM HEPES, 1 mM EGTA, 10 mM MgCl2, 0.25 mM DTT, 0.01% Tween-20, 0.01% BSA (pH 7.5)) was added to 384 well plates containing 1 μL of test compound. Following a fifteen minute room temperature incubation, 10 Î¼L of protein phosphatase PP2A was added to the plate to dephosphorylate pThr172 of AMPK. After incubation for 90 minutes, 10 μL of substrate mixture containing 41 nM okadaic acid, 82 μM SAMS peptide, 82 μM ATP and tracer amounts (6.8 nM) of 33P-containing ATP was added to the plate. The reaction was terminated after 60 minutes incubation at room temperature by the addition of 15 μL of 2% H3PO4. Subsequently, 45 μl of reaction mix was transferred to 384 well Millipore MZPH filter plates (MZPHNO50) pre-treated with 25 μL of 2% H3PO4 and the plates were washed three times with assay buffer. 20 μL of Ready Safe scintillation fluid was added to dried plates followed by detection on the Trilux detector.";"B";"BAO_0000223";"protein complex format";"Homo sapiens";"None";"None";"None";"None";"";"";"";"CHEMBL2096907";"AMP-activated protein kinase, AMPK";"Homo sapiens";"PROTEIN COMPLEX GROUP";"CHEMBL3886819";"37";"BindingDB Patent Bioactivity Data";"";"2016";"None";"";"";"";"343.6"
"CHEMBL3916186";"";"None";"418.90";"0";"3.55";"BDBM238058";"CS(=O)(=O)NC(=O)c1c[nH]c2cc(Cl)c(-c3ccc(C4(O)CCC4)cc3)cc12";"EC50";"'='";"10.14";"nM";"7.99";"";"415159";"UO_0000065";"19.08";"0.39";"4.44";"8.05";"0";"CHEMBL3888750";"33P-Based Assay: The biochemical EC50 (half-maximal concentration required for full activation) of compounds for the activation of AMPK was evaluated by 33P-based assay using SAMS peptide (commercially available) derived from ACC-1. Twenty Î¼l of phosphorylated AMPK diluted in assay buffer, (50 mM HEPES, 1 mM EGTA, 10 mM MgCl2, 0.25 mM DTT, 0.01% Tween-20, 0.01% BSA (pH 7.5)) was added to 384 well plates containing 1 μL of test compound. Following a fifteen minute room temperature incubation, 10 Î¼L of protein phosphatase PP2A was added to the plate to dephosphorylate pThr172 of AMPK. After incubation for 90 minutes, 10 μL of substrate mixture containing 41 nM okadaic acid, 82 μM SAMS peptide, 82 μM ATP and tracer amounts (6.8 nM) of 33P-containing ATP was added to the plate. The reaction was terminated after 60 minutes incubation at room temperature by the addition of 15 μL of 2% H3PO4. Subsequently, 45 μl of reaction mix was transferred to 384 well Millipore MZPH filter plates (MZPHNO50) pre-treated with 25 μL of 2% H3PO4 and the plates were washed three times with assay buffer. 20 μL of Ready Safe scintillation fluid was added to dried plates followed by detection on the Trilux detector.";"B";"BAO_0000223";"protein complex format";"Homo sapiens";"None";"None";"None";"None";"";"";"";"CHEMBL2096907";"AMP-activated protein kinase, AMPK";"Homo sapiens";"PROTEIN COMPLEX GROUP";"CHEMBL3886819";"37";"BindingDB Patent Bioactivity Data";"";"2016";"None";"";"";"";"10.14"
"CHEMBL3925044";"";"None";"361.80";"0";"4.60";"BDBM238071";"CC(C)(CO)c1ccc(-c2cc3c(C(=O)O)c[nH]c3cc2Cl)cc1F";"EC50";"'='";"10.31";"nM";"7.99";"";"415176";"UO_0000065";"22.08";"0.44";"3.39";"10.89";"0";"CHEMBL3888750";"33P-Based Assay: The biochemical EC50 (half-maximal concentration required for full activation) of compounds for the activation of AMPK was evaluated by 33P-based assay using SAMS peptide (commercially available) derived from ACC-1. Twenty Î¼l of phosphorylated AMPK diluted in assay buffer, (50 mM HEPES, 1 mM EGTA, 10 mM MgCl2, 0.25 mM DTT, 0.01% Tween-20, 0.01% BSA (pH 7.5)) was added to 384 well plates containing 1 μL of test compound. Following a fifteen minute room temperature incubation, 10 Î¼L of protein phosphatase PP2A was added to the plate to dephosphorylate pThr172 of AMPK. After incubation for 90 minutes, 10 μL of substrate mixture containing 41 nM okadaic acid, 82 μM SAMS peptide, 82 μM ATP and tracer amounts (6.8 nM) of 33P-containing ATP was added to the plate. The reaction was terminated after 60 minutes incubation at room temperature by the addition of 15 μL of 2% H3PO4. Subsequently, 45 μl of reaction mix was transferred to 384 well Millipore MZPH filter plates (MZPHNO50) pre-treated with 25 μL of 2% H3PO4 and the plates were washed three times with assay buffer. 20 μL of Ready Safe scintillation fluid was added to dried plates followed by detection on the Trilux detector.";"B";"BAO_0000223";"protein complex format";"Homo sapiens";"None";"None";"None";"None";"";"";"";"CHEMBL2096907";"AMP-activated protein kinase, AMPK";"Homo sapiens";"PROTEIN COMPLEX GROUP";"CHEMBL3886819";"37";"BindingDB Patent Bioactivity Data";"";"2016";"None";"";"";"";"10.31"
"CHEMBL4109075";"";"None";"357.36";"0";"4.23";"BDBM238052";"O=C(O)c1c[nH]c2cc(F)c(-c3ccc(C4(CO)CCC4)cc3)c(F)c12";"EC50";"'='";"9.33";"nM";"8.03";"";"415180";"UO_0000065";"22.47";"0.42";"3.80";"10.95";"0";"CHEMBL3888750";"33P-Based Assay: The biochemical EC50 (half-maximal concentration required for full activation) of compounds for the activation of AMPK was evaluated by 33P-based assay using SAMS peptide (commercially available) derived from ACC-1. Twenty Î¼l of phosphorylated AMPK diluted in assay buffer, (50 mM HEPES, 1 mM EGTA, 10 mM MgCl2, 0.25 mM DTT, 0.01% Tween-20, 0.01% BSA (pH 7.5)) was added to 384 well plates containing 1 μL of test compound. Following a fifteen minute room temperature incubation, 10 Î¼L of protein phosphatase PP2A was added to the plate to dephosphorylate pThr172 of AMPK. After incubation for 90 minutes, 10 μL of substrate mixture containing 41 nM okadaic acid, 82 μM SAMS peptide, 82 μM ATP and tracer amounts (6.8 nM) of 33P-containing ATP was added to the plate. The reaction was terminated after 60 minutes incubation at room temperature by the addition of 15 μL of 2% H3PO4. Subsequently, 45 μl of reaction mix was transferred to 384 well Millipore MZPH filter plates (MZPHNO50) pre-treated with 25 μL of 2% H3PO4 and the plates were washed three times with assay buffer. 20 μL of Ready Safe scintillation fluid was added to dried plates followed by detection on the Trilux detector.";"B";"BAO_0000223";"protein complex format";"Homo sapiens";"None";"None";"None";"None";"";"";"";"CHEMBL2096907";"AMP-activated protein kinase, AMPK";"Homo sapiens";"PROTEIN COMPLEX GROUP";"CHEMBL3886819";"37";"BindingDB Patent Bioactivity Data";"";"2016";"None";"";"";"";"9.33"
"CHEMBL3926131";"";"None";"355.82";"1";"5.08";"BDBM238076";"O=C(O)c1c[nH]c2cc(Cl)c(-c3ccc(C4CCCOC4)cc3)cc12";"EC50";"'='";"170.7";"nM";"6.77";"";"415181";"UO_0000065";"19.02";"0.37";"1.69";"10.86";"0";"CHEMBL3888750";"33P-Based Assay: The biochemical EC50 (half-maximal concentration required for full activation) of compounds for the activation of AMPK was evaluated by 33P-based assay using SAMS peptide (commercially available) derived from ACC-1. Twenty Î¼l of phosphorylated AMPK diluted in assay buffer, (50 mM HEPES, 1 mM EGTA, 10 mM MgCl2, 0.25 mM DTT, 0.01% Tween-20, 0.01% BSA (pH 7.5)) was added to 384 well plates containing 1 μL of test compound. Following a fifteen minute room temperature incubation, 10 Î¼L of protein phosphatase PP2A was added to the plate to dephosphorylate pThr172 of AMPK. After incubation for 90 minutes, 10 μL of substrate mixture containing 41 nM okadaic acid, 82 μM SAMS peptide, 82 μM ATP and tracer amounts (6.8 nM) of 33P-containing ATP was added to the plate. The reaction was terminated after 60 minutes incubation at room temperature by the addition of 15 μL of 2% H3PO4. Subsequently, 45 μl of reaction mix was transferred to 384 well Millipore MZPH filter plates (MZPHNO50) pre-treated with 25 μL of 2% H3PO4 and the plates were washed three times with assay buffer. 20 μL of Ready Safe scintillation fluid was added to dried plates followed by detection on the Trilux detector.";"B";"BAO_0000223";"protein complex format";"Homo sapiens";"None";"None";"None";"None";"";"";"";"CHEMBL2096907";"AMP-activated protein kinase, AMPK";"Homo sapiens";"PROTEIN COMPLEX GROUP";"CHEMBL3886819";"37";"BindingDB Patent Bioactivity Data";"";"2016";"None";"";"";"";"170.7"
"CHEMBL4111958";"";"None";"401.85";"0";"3.82";"BDBM238082";"COc1nc(N2CC[C@@H](OC)C2)ccc1-c1cc2c(C(=O)O)c[nH]c2cc1Cl";"EC50";"'='";"5.6";"nM";"8.25";"";"415189";"UO_0000065";"20.53";"0.40";"4.43";"9.41";"0";"CHEMBL3888750";"33P-Based Assay: The biochemical EC50 (half-maximal concentration required for full activation) of compounds for the activation of AMPK was evaluated by 33P-based assay using SAMS peptide (commercially available) derived from ACC-1. Twenty Î¼l of phosphorylated AMPK diluted in assay buffer, (50 mM HEPES, 1 mM EGTA, 10 mM MgCl2, 0.25 mM DTT, 0.01% Tween-20, 0.01% BSA (pH 7.5)) was added to 384 well plates containing 1 μL of test compound. Following a fifteen minute room temperature incubation, 10 Î¼L of protein phosphatase PP2A was added to the plate to dephosphorylate pThr172 of AMPK. After incubation for 90 minutes, 10 μL of substrate mixture containing 41 nM okadaic acid, 82 μM SAMS peptide, 82 μM ATP and tracer amounts (6.8 nM) of 33P-containing ATP was added to the plate. The reaction was terminated after 60 minutes incubation at room temperature by the addition of 15 μL of 2% H3PO4. Subsequently, 45 μl of reaction mix was transferred to 384 well Millipore MZPH filter plates (MZPHNO50) pre-treated with 25 μL of 2% H3PO4 and the plates were washed three times with assay buffer. 20 μL of Ready Safe scintillation fluid was added to dried plates followed by detection on the Trilux detector.";"B";"BAO_0000223";"protein complex format";"Homo sapiens";"None";"None";"None";"None";"";"";"";"CHEMBL2096907";"AMP-activated protein kinase, AMPK";"Homo sapiens";"PROTEIN COMPLEX GROUP";"CHEMBL3886819";"37";"BindingDB Patent Bioactivity Data";"";"2016";"None";"";"";"";"5.6"
"CHEMBL4111464";"";"None";"584.10";"1";"4.49";"BDBM240767";"CC(C)NS(C)(=O)=Nc1ccc(-c2ccc(-c3nc4[nH]c(O[C@@H]5CO[C@H]6[C@@H]5OC[C@H]6O)nc4cc3Cl)cc2)cc1";"EC50";"'='";"94.0";"nM";"7.03";"";"420098";"UO_0000065";"12.03";"0.24";"2.54";"5.37";"0";"CHEMBL3888860";"Activation Assay: In the 384-well plates 1.25 μl of test compound in assay buffer was mixed with 1.25 μl of AMPK and 1.25 μl of the peptide (final concentration of 1 μM) and 1.25 μl of ATP (final concentration of 30 μM), both dissolved in assay buffer. This step was followed by an incubation time of 60 min. Then 5 μl of ADP Glo Reagent was added. This was followed by 40 min of incubation. Then 10 μl of Kinase Detection Reagent was admixed. The plates were sealed and after an incubation period of 30 min, the luminescence signal was measured in an Envision reader. All incubation steps were accomplished at room temperature. Assay buffer: 20 mM HEPES pH 7.0, 0.025% BSA, 15 mM MgCl2, 0.01% Brij.";"B";"BAO_0000223";"protein complex format";"Homo sapiens";"None";"None";"None";"None";"";"";"";"CHEMBL2096907";"AMP-activated protein kinase, AMPK";"Homo sapiens";"PROTEIN COMPLEX GROUP";"CHEMBL3886866";"37";"BindingDB Patent Bioactivity Data";"";"2016";"None";"";"";"";"94.0"
"CHEMBL4107904";"";"None";"584.10";"1";"3.93";"BDBM240783";"CN(C)S(C)(=O)=NCc1ccc(-c2ccc(-c3nc4[nH]c(O[C@@H]5CO[C@H]6[C@@H]5OC[C@H]6O)nc4cc3Cl)cc2)cc1";"EC50";"'='";"82.0";"nM";"7.09";"";"420115";"UO_0000065";"12.13";"0.24";"3.16";"5.80";"0";"CHEMBL3888860";"Activation Assay: In the 384-well plates 1.25 μl of test compound in assay buffer was mixed with 1.25 μl of AMPK and 1.25 μl of the peptide (final concentration of 1 μM) and 1.25 μl of ATP (final concentration of 30 μM), both dissolved in assay buffer. This step was followed by an incubation time of 60 min. Then 5 μl of ADP Glo Reagent was added. This was followed by 40 min of incubation. Then 10 μl of Kinase Detection Reagent was admixed. The plates were sealed and after an incubation period of 30 min, the luminescence signal was measured in an Envision reader. All incubation steps were accomplished at room temperature. Assay buffer: 20 mM HEPES pH 7.0, 0.025% BSA, 15 mM MgCl2, 0.01% Brij.";"B";"BAO_0000223";"protein complex format";"Homo sapiens";"None";"None";"None";"None";"";"";"";"CHEMBL2096907";"AMP-activated protein kinase, AMPK";"Homo sapiens";"PROTEIN COMPLEX GROUP";"CHEMBL3886866";"37";"BindingDB Patent Bioactivity Data";"";"2016";"None";"";"";"";"82.0"
"CHEMBL4113951";"";"None";"493.97";"0";"2.39";"BDBM240784";"CN(C)S(C)(=O)=Nc1ccc(-c2nc3[nH]c(O[C@@H]4CO[C@H]5[C@@H]4OC[C@H]5O)nc3cc2Cl)cc1";"EC50";"'='";"2900.0";"nM";"5.54";"";"420116";"UO_0000065";"11.21";"0.23";"3.15";"4.53";"0";"CHEMBL3888860";"Activation Assay: In the 384-well plates 1.25 μl of test compound in assay buffer was mixed with 1.25 μl of AMPK and 1.25 μl of the peptide (final concentration of 1 μM) and 1.25 μl of ATP (final concentration of 30 μM), both dissolved in assay buffer. This step was followed by an incubation time of 60 min. Then 5 μl of ADP Glo Reagent was added. This was followed by 40 min of incubation. Then 10 μl of Kinase Detection Reagent was admixed. The plates were sealed and after an incubation period of 30 min, the luminescence signal was measured in an Envision reader. All incubation steps were accomplished at room temperature. Assay buffer: 20 mM HEPES pH 7.0, 0.025% BSA, 15 mM MgCl2, 0.01% Brij.";"B";"BAO_0000223";"protein complex format";"Homo sapiens";"None";"None";"None";"None";"";"";"";"CHEMBL2096907";"AMP-activated protein kinase, AMPK";"Homo sapiens";"PROTEIN COMPLEX GROUP";"CHEMBL3886866";"37";"BindingDB Patent Bioactivity Data";"";"2016";"None";"";"";"";"2900.0"
"CHEMBL3393137";"";"None";"565.67";"1";"4.09";"2, R419";"COc1ccc(C(=O)C2CCN(C(=O)c3ccc(C(=O)NC4CCN(Cc5ccc(C#N)cc5)CC4)cn3)CC2)cc1";"EC50";"'='";"30.0";"nM";"7.52";"";"";"UO_0000065";"13.30";"0.24";"3.43";"6.51";"0";"CHEMBL3395077";"Activation of AMPK in human HepG2 cells using ACC as substrate after 2 hrs";"B";"BAO_0000219";"cell-based format";"Homo sapiens";"None";"None";"HepG2";"None";"";"";"";"CHEMBL2096907";"AMP-activated protein kinase, AMPK";"Homo sapiens";"PROTEIN COMPLEX GROUP";"CHEMBL3393052";"1";"Scientific Literature";"J Med Chem";"2015";"CHEMBL3307718";"";"";"";"0.03"
"CHEMBL3904981";"";"None";"329.74";"0";"2.61";"BDBM238037";"NC(=O)Cc1ccc(-c2cc3c(C(=O)O)n[nH]c3cc2Cl)cc1";"EC50";"'='";"100.4";"nM";"7.00";"";"415138";"UO_0000065";"21.22";"0.42";"4.39";"6.42";"0";"CHEMBL3888750";"33P-Based Assay: The biochemical EC50 (half-maximal concentration required for full activation) of compounds for the activation of AMPK was evaluated by 33P-based assay using SAMS peptide (commercially available) derived from ACC-1. Twenty Î¼l of phosphorylated AMPK diluted in assay buffer, (50 mM HEPES, 1 mM EGTA, 10 mM MgCl2, 0.25 mM DTT, 0.01% Tween-20, 0.01% BSA (pH 7.5)) was added to 384 well plates containing 1 μL of test compound. Following a fifteen minute room temperature incubation, 10 Î¼L of protein phosphatase PP2A was added to the plate to dephosphorylate pThr172 of AMPK. After incubation for 90 minutes, 10 μL of substrate mixture containing 41 nM okadaic acid, 82 μM SAMS peptide, 82 μM ATP and tracer amounts (6.8 nM) of 33P-containing ATP was added to the plate. The reaction was terminated after 60 minutes incubation at room temperature by the addition of 15 μL of 2% H3PO4. Subsequently, 45 μl of reaction mix was transferred to 384 well Millipore MZPH filter plates (MZPHNO50) pre-treated with 25 μL of 2% H3PO4 and the plates were washed three times with assay buffer. 20 μL of Ready Safe scintillation fluid was added to dried plates followed by detection on the Trilux detector.";"B";"BAO_0000223";"protein complex format";"Homo sapiens";"None";"None";"None";"None";"";"";"";"CHEMBL2096907";"AMP-activated protein kinase, AMPK";"Homo sapiens";"PROTEIN COMPLEX GROUP";"CHEMBL3886819";"37";"BindingDB Patent Bioactivity Data";"";"2016";"None";"";"";"";"100.4"
"CHEMBL4108236";"";"None";"584.10";"1";"4.45";"BDBM240768";"CCN(C)S(C)(=O)=Nc1ccc(-c2ccc(-c3nc4[nH]c(O[C@@H]5CO[C@H]6[C@@H]5OC[C@H]6O)nc4cc3Cl)cc2)cc1";"EC50";"'='";"52.0";"nM";"7.28";"";"420099";"UO_0000065";"12.47";"0.25";"2.83";"5.96";"0";"CHEMBL3888860";"Activation Assay: In the 384-well plates 1.25 μl of test compound in assay buffer was mixed with 1.25 μl of AMPK and 1.25 μl of the peptide (final concentration of 1 μM) and 1.25 μl of ATP (final concentration of 30 μM), both dissolved in assay buffer. This step was followed by an incubation time of 60 min. Then 5 μl of ADP Glo Reagent was added. This was followed by 40 min of incubation. Then 10 μl of Kinase Detection Reagent was admixed. The plates were sealed and after an incubation period of 30 min, the luminescence signal was measured in an Envision reader. All incubation steps were accomplished at room temperature. Assay buffer: 20 mM HEPES pH 7.0, 0.025% BSA, 15 mM MgCl2, 0.01% Brij.";"B";"BAO_0000223";"protein complex format";"Homo sapiens";"None";"None";"None";"None";"";"";"";"CHEMBL2096907";"AMP-activated protein kinase, AMPK";"Homo sapiens";"PROTEIN COMPLEX GROUP";"CHEMBL3886866";"37";"BindingDB Patent Bioactivity Data";"";"2016";"None";"";"";"";"52.0"
"CHEMBL4113730";"";"None";"571.06";"1";"3.45";"BDBM240774";"CN(C)S(C)(=O)=Nc1ccc(-c2ccc(-c3nc4[nH]c(O[C@@H]5CO[C@H]6[C@@H]5OC[C@H]6O)nc4cc3Cl)cc2)nc1";"EC50";"'='";"17.0";"nM";"7.77";"";"420105";"UO_0000065";"13.61";"0.27";"4.32";"5.75";"0";"CHEMBL3888860";"Activation Assay: In the 384-well plates 1.25 μl of test compound in assay buffer was mixed with 1.25 μl of AMPK and 1.25 μl of the peptide (final concentration of 1 μM) and 1.25 μl of ATP (final concentration of 30 μM), both dissolved in assay buffer. This step was followed by an incubation time of 60 min. Then 5 μl of ADP Glo Reagent was added. This was followed by 40 min of incubation. Then 10 μl of Kinase Detection Reagent was admixed. The plates were sealed and after an incubation period of 30 min, the luminescence signal was measured in an Envision reader. All incubation steps were accomplished at room temperature. Assay buffer: 20 mM HEPES pH 7.0, 0.025% BSA, 15 mM MgCl2, 0.01% Brij.";"B";"BAO_0000223";"protein complex format";"Homo sapiens";"None";"None";"None";"None";"";"";"";"CHEMBL2096907";"AMP-activated protein kinase, AMPK";"Homo sapiens";"PROTEIN COMPLEX GROUP";"CHEMBL3886866";"37";"BindingDB Patent Bioactivity Data";"";"2016";"None";"";"";"";"17.0"
"CHEMBL4112013";"";"None";"570.07";"1";"3.78";"BDBM240779";"CN=S(=O)(c1ccc(-c2ccc(-c3nc4[nH]c(O[C@@H]5CO[C@H]6[C@@H]5OC[C@H]6O)nc4cc3Cl)cc2)cc1)N(C)C";"EC50";"'='";"90.0";"nM";"7.05";"";"420110";"UO_0000065";"12.36";"0.25";"3.27";"5.77";"0";"CHEMBL3888860";"Activation Assay: In the 384-well plates 1.25 μl of test compound in assay buffer was mixed with 1.25 μl of AMPK and 1.25 μl of the peptide (final concentration of 1 μM) and 1.25 μl of ATP (final concentration of 30 μM), both dissolved in assay buffer. This step was followed by an incubation time of 60 min. Then 5 μl of ADP Glo Reagent was added. This was followed by 40 min of incubation. Then 10 μl of Kinase Detection Reagent was admixed. The plates were sealed and after an incubation period of 30 min, the luminescence signal was measured in an Envision reader. All incubation steps were accomplished at room temperature. Assay buffer: 20 mM HEPES pH 7.0, 0.025% BSA, 15 mM MgCl2, 0.01% Brij.";"B";"BAO_0000223";"protein complex format";"Homo sapiens";"None";"None";"None";"None";"";"";"";"CHEMBL2096907";"AMP-activated protein kinase, AMPK";"Homo sapiens";"PROTEIN COMPLEX GROUP";"CHEMBL3886866";"37";"BindingDB Patent Bioactivity Data";"";"2016";"None";"";"";"";"90.0"
"CHEMBL4107664";"";"None";"593.07";"1";"3.93";"BDBM240785";"N#CN=S1(=O)CCCN1c1ccc(-c2ccc(-c3nc4[nH]c(O[C@@H]5CO[C@H]6[C@@H]5OC[C@H]6O)nc4cc3Cl)cc2)cc1";"EC50";"'='";"202.0";"nM";"6.70";"";"420112";"UO_0000065";"11.29";"0.22";"2.76";"4.59";"0";"CHEMBL3888860";"Activation Assay: In the 384-well plates 1.25 μl of test compound in assay buffer was mixed with 1.25 μl of AMPK and 1.25 μl of the peptide (final concentration of 1 μM) and 1.25 μl of ATP (final concentration of 30 μM), both dissolved in assay buffer. This step was followed by an incubation time of 60 min. Then 5 μl of ADP Glo Reagent was added. This was followed by 40 min of incubation. Then 10 μl of Kinase Detection Reagent was admixed. The plates were sealed and after an incubation period of 30 min, the luminescence signal was measured in an Envision reader. All incubation steps were accomplished at room temperature. Assay buffer: 20 mM HEPES pH 7.0, 0.025% BSA, 15 mM MgCl2, 0.01% Brij.";"B";"BAO_0000223";"protein complex format";"Homo sapiens";"None";"None";"None";"None";"";"";"";"CHEMBL2096907";"AMP-activated protein kinase, AMPK";"Homo sapiens";"PROTEIN COMPLEX GROUP";"CHEMBL3886866";"37";"BindingDB Patent Bioactivity Data";"";"2016";"None";"";"";"";"202.0"
"CHEMBL3986871";"";"None";"345.79";"0";"3.66";"2; PF-06885249";"COc1nc(N(C)C)ccc1-c1cc2c(C(=O)O)c[nH]c2cc1Cl";"EC50";"'='";"280.0";"nM";"6.55";"";"";"UO_0000065";"18.95";"0.37";"2.89";"8.35";"0";"CHEMBL4234629";"Activation of AMPK in cryopreserved human hepatocytes assessed as increase in phosphorylation of acetyl-CoA carboxylase at Ser79 residue after 1 hr by Meso Scale Discovery assay";"B";"BAO_0000219";"cell-based format";"Homo sapiens";"None";"None";"None";"None";"";"";"";"CHEMBL2096907";"AMP-activated protein kinase, AMPK";"Homo sapiens";"PROTEIN COMPLEX GROUP";"CHEMBL4229467";"1";"Scientific Literature";"J Med Chem";"2018";"None";"";"";"";"0.28"
"CHEMBL4115139";"";"None";"596.11";"1";"4.64";"BDBM240771";"CS(=O)(=Nc1ccc(-c2ccc(-c3nc4[nH]c(O[C@@H]5CO[C@H]6[C@@H]5OC[C@H]6O)nc4cc3Cl)cc2)cc1)NC1CCC1";"EC50";"'='";"37.0";"nM";"7.43";"";"420102";"UO_0000065";"12.47";"0.25";"2.79";"5.68";"0";"CHEMBL3888860";"Activation Assay: In the 384-well plates 1.25 μl of test compound in assay buffer was mixed with 1.25 μl of AMPK and 1.25 μl of the peptide (final concentration of 1 μM) and 1.25 μl of ATP (final concentration of 30 μM), both dissolved in assay buffer. This step was followed by an incubation time of 60 min. Then 5 μl of ADP Glo Reagent was added. This was followed by 40 min of incubation. Then 10 μl of Kinase Detection Reagent was admixed. The plates were sealed and after an incubation period of 30 min, the luminescence signal was measured in an Envision reader. All incubation steps were accomplished at room temperature. Assay buffer: 20 mM HEPES pH 7.0, 0.025% BSA, 15 mM MgCl2, 0.01% Brij.";"B";"BAO_0000223";"protein complex format";"Homo sapiens";"None";"None";"None";"None";"";"";"";"CHEMBL2096907";"AMP-activated protein kinase, AMPK";"Homo sapiens";"PROTEIN COMPLEX GROUP";"CHEMBL3886866";"37";"BindingDB Patent Bioactivity Data";"";"2016";"None";"";"";"";"37.0"
"CHEMBL4108868";"";"None";"557.03";"1";"3.11";"BDBM240775";"CNS(C)(=O)=Nc1ccc(-c2ccc(-c3nc4[nH]c(O[C@@H]5CO[C@H]6[C@@H]5OC[C@H]6O)nc4cc3Cl)cc2)nc1";"EC50";"'='";"62.0";"nM";"7.21";"";"420106";"UO_0000065";"12.94";"0.26";"4.10";"5.01";"0";"CHEMBL3888860";"Activation Assay: In the 384-well plates 1.25 μl of test compound in assay buffer was mixed with 1.25 μl of AMPK and 1.25 μl of the peptide (final concentration of 1 μM) and 1.25 μl of ATP (final concentration of 30 μM), both dissolved in assay buffer. This step was followed by an incubation time of 60 min. Then 5 μl of ADP Glo Reagent was added. This was followed by 40 min of incubation. Then 10 μl of Kinase Detection Reagent was admixed. The plates were sealed and after an incubation period of 30 min, the luminescence signal was measured in an Envision reader. All incubation steps were accomplished at room temperature. Assay buffer: 20 mM HEPES pH 7.0, 0.025% BSA, 15 mM MgCl2, 0.01% Brij.";"B";"BAO_0000223";"protein complex format";"Homo sapiens";"None";"None";"None";"None";"";"";"";"CHEMBL2096907";"AMP-activated protein kinase, AMPK";"Homo sapiens";"PROTEIN COMPLEX GROUP";"CHEMBL3886866";"37";"BindingDB Patent Bioactivity Data";"";"2016";"None";"";"";"";"62.0"
"CHEMBL4106759";"";"None";"582.08";"1";"4.20";"BDBM240769";"CS(=O)(=Nc1ccc(-c2ccc(-c3nc4[nH]c(O[C@@H]5CO[C@H]6[C@@H]5OC[C@H]6O)nc4cc3Cl)cc2)cc1)N1CCC1";"EC50";"'='";"15.0";"nM";"7.82";"";"420100";"UO_0000065";"13.44";"0.27";"3.62";"6.40";"0";"CHEMBL3888860";"Activation Assay: In the 384-well plates 1.25 μl of test compound in assay buffer was mixed with 1.25 μl of AMPK and 1.25 μl of the peptide (final concentration of 1 μM) and 1.25 μl of ATP (final concentration of 30 μM), both dissolved in assay buffer. This step was followed by an incubation time of 60 min. Then 5 μl of ADP Glo Reagent was added. This was followed by 40 min of incubation. Then 10 μl of Kinase Detection Reagent was admixed. The plates were sealed and after an incubation period of 30 min, the luminescence signal was measured in an Envision reader. All incubation steps were accomplished at room temperature. Assay buffer: 20 mM HEPES pH 7.0, 0.025% BSA, 15 mM MgCl2, 0.01% Brij.";"B";"BAO_0000223";"protein complex format";"Homo sapiens";"None";"None";"None";"None";"";"";"";"CHEMBL2096907";"AMP-activated protein kinase, AMPK";"Homo sapiens";"PROTEIN COMPLEX GROUP";"CHEMBL3886866";"37";"BindingDB Patent Bioactivity Data";"";"2016";"None";"";"";"";"15.0"
"CHEMBL752";"ADENOSINE PHOSPHATE";"4.0";"347.22";"0";"-1.86";"AMP";"Nc1ncnc2c1ncn2[C@@H]1O[C@H](COP(=O)(O)O)[C@@H](O)[C@H]1O";"EC50";"'='";"5900.0";"nM";"5.23";"";"";"UO_0000065";"15.06";"0.31";"7.09";"2.81";"0";"CHEMBL1696444";"Activation of human AMPK after 15 mins";"B";"BAO_0000019";"assay format";"Homo sapiens";"None";"None";"None";"None";"";"";"";"CHEMBL2096907";"AMP-activated protein kinase, AMPK";"Homo sapiens";"PROTEIN COMPLEX GROUP";"CHEMBL1687696";"1";"Scientific Literature";"ACS Med Chem Lett";"2010";"None";"";"";"";"5.9"
"CHEMBL4109617";"";"None";"598.08";"1";"3.38";"BDBM240780";"CS(=O)(=Nc1cnc(-c2ccc(-c3nc4[nH]c(O[C@@H]5CO[C@H]6[C@@H]5OC[C@H]6O)nc4cc3Cl)cc2)nc1)N1CCCC1";"EC50";"'='";"48.0";"nM";"7.32";"";"420111";"UO_0000065";"12.24";"0.24";"3.94";"4.95";"0";"CHEMBL3888860";"Activation Assay: In the 384-well plates 1.25 μl of test compound in assay buffer was mixed with 1.25 μl of AMPK and 1.25 μl of the peptide (final concentration of 1 μM) and 1.25 μl of ATP (final concentration of 30 μM), both dissolved in assay buffer. This step was followed by an incubation time of 60 min. Then 5 μl of ADP Glo Reagent was added. This was followed by 40 min of incubation. Then 10 μl of Kinase Detection Reagent was admixed. The plates were sealed and after an incubation period of 30 min, the luminescence signal was measured in an Envision reader. All incubation steps were accomplished at room temperature. Assay buffer: 20 mM HEPES pH 7.0, 0.025% BSA, 15 mM MgCl2, 0.01% Brij.";"B";"BAO_0000223";"protein complex format";"Homo sapiens";"None";"None";"None";"None";"";"";"";"CHEMBL2096907";"AMP-activated protein kinase, AMPK";"Homo sapiens";"PROTEIN COMPLEX GROUP";"CHEMBL3886866";"37";"BindingDB Patent Bioactivity Data";"";"2016";"None";"";"";"";"48.0"
"CHEMBL4109888";"";"None";"570.07";"1";"4.06";"BDBM240765";"CN(C)S(C)(=O)=Nc1ccc(-c2ccc(-c3nc4[nH]c(O[C@@H]5CO[C@H]6[C@@H]5OC[C@H]6O)nc4cc3Cl)cc2)cc1";"EC50";"'='";"26.0";"nM";"7.58";"";"420096";"UO_0000065";"13.31";"0.27";"3.53";"6.21";"0";"CHEMBL3888860";"Activation Assay: In the 384-well plates 1.25 μl of test compound in assay buffer was mixed with 1.25 μl of AMPK and 1.25 μl of the peptide (final concentration of 1 μM) and 1.25 μl of ATP (final concentration of 30 μM), both dissolved in assay buffer. This step was followed by an incubation time of 60 min. Then 5 μl of ADP Glo Reagent was added. This was followed by 40 min of incubation. Then 10 μl of Kinase Detection Reagent was admixed. The plates were sealed and after an incubation period of 30 min, the luminescence signal was measured in an Envision reader. All incubation steps were accomplished at room temperature. Assay buffer: 20 mM HEPES pH 7.0, 0.025% BSA, 15 mM MgCl2, 0.01% Brij.";"B";"BAO_0000223";"protein complex format";"Homo sapiens";"None";"None";"None";"None";"";"";"";"CHEMBL2096907";"AMP-activated protein kinase, AMPK";"Homo sapiens";"PROTEIN COMPLEX GROUP";"CHEMBL3886866";"37";"BindingDB Patent Bioactivity Data";"";"2016";"None";"";"";"";"26.0"
"CHEMBL4108503";"";"None";"582.08";"1";"4.02";"BDBM240778";"N=S1(=O)CCCN1Cc1ccc(-c2ccc(-c3nc4[nH]c(O[C@@H]5CO[C@H]6[C@@H]5OC[C@H]6O)nc4cc3Cl)cc2)cc1";"EC50";"'='";"52.0";"nM";"7.28";"";"420109";"UO_0000065";"12.51";"0.25";"3.26";"5.45";"0";"CHEMBL3888860";"Activation Assay: In the 384-well plates 1.25 μl of test compound in assay buffer was mixed with 1.25 μl of AMPK and 1.25 μl of the peptide (final concentration of 1 μM) and 1.25 μl of ATP (final concentration of 30 μM), both dissolved in assay buffer. This step was followed by an incubation time of 60 min. Then 5 μl of ADP Glo Reagent was added. This was followed by 40 min of incubation. Then 10 μl of Kinase Detection Reagent was admixed. The plates were sealed and after an incubation period of 30 min, the luminescence signal was measured in an Envision reader. All incubation steps were accomplished at room temperature. Assay buffer: 20 mM HEPES pH 7.0, 0.025% BSA, 15 mM MgCl2, 0.01% Brij.";"B";"BAO_0000223";"protein complex format";"Homo sapiens";"None";"None";"None";"None";"";"";"";"CHEMBL2096907";"AMP-activated protein kinase, AMPK";"Homo sapiens";"PROTEIN COMPLEX GROUP";"CHEMBL3886866";"37";"BindingDB Patent Bioactivity Data";"";"2016";"None";"";"";"";"52.0"
"CHEMBL3393142";"";"None";"331.77";"0";"4.77";"33";"O=C(O)c1ccc2c(c1)C1(CC1)CC(c1cc(Cl)ccc1F)N2";"EC50";"'='";"1240.0";"nM";"5.91";"";"";"UO_0000065";"17.80";"0.35";"1.14";"11.97";"0";"CHEMBL3859884";"Activation of recombinant AMPK (unknown origin) after 30 mins in presence of [gamma33P]ATP by scintillation proximity assay";"B";"BAO_0000019";"assay format";"Homo sapiens";"None";"None";"None";"None";"";"";"";"CHEMBL2096907";"AMP-activated protein kinase, AMPK";"Homo sapiens";"PROTEIN COMPLEX GROUP";"CHEMBL3856285";"1";"Scientific Literature";"Bioorg Med Chem Lett";"2016";"None";"";"";"";"1.24"
"CHEMBL4109776";"";"None";"556.04";"1";"3.71";"BDBM240766";"CNS(C)(=O)=Nc1ccc(-c2ccc(-c3nc4[nH]c(O[C@@H]5CO[C@H]6[C@@H]5OC[C@H]6O)nc4cc3Cl)cc2)cc1";"EC50";"'='";"20.0";"nM";"7.70";"";"420097";"UO_0000065";"13.85";"0.28";"3.99";"5.88";"0";"CHEMBL3888860";"Activation Assay: In the 384-well plates 1.25 μl of test compound in assay buffer was mixed with 1.25 μl of AMPK and 1.25 μl of the peptide (final concentration of 1 μM) and 1.25 μl of ATP (final concentration of 30 μM), both dissolved in assay buffer. This step was followed by an incubation time of 60 min. Then 5 μl of ADP Glo Reagent was added. This was followed by 40 min of incubation. Then 10 μl of Kinase Detection Reagent was admixed. The plates were sealed and after an incubation period of 30 min, the luminescence signal was measured in an Envision reader. All incubation steps were accomplished at room temperature. Assay buffer: 20 mM HEPES pH 7.0, 0.025% BSA, 15 mM MgCl2, 0.01% Brij.";"B";"BAO_0000223";"protein complex format";"Homo sapiens";"None";"None";"None";"None";"";"";"";"CHEMBL2096907";"AMP-activated protein kinase, AMPK";"Homo sapiens";"PROTEIN COMPLEX GROUP";"CHEMBL3886866";"37";"BindingDB Patent Bioactivity Data";"";"2016";"None";"";"";"";"20.0"
"CHEMBL4111692";"";"None";"556.04";"1";"3.73";"BDBM240776";"CN(C)S(=N)(=O)c1ccc(-c2ccc(-c3nc4[nH]c(O[C@@H]5CO[C@H]6[C@@H]5OC[C@H]6O)nc4cc3Cl)cc2)cc1";"EC50";"'='";"2.0";"nM";"8.70";"";"420107";"UO_0000065";"15.64";"0.31";"4.97";"6.51";"0";"CHEMBL3888860";"Activation Assay: In the 384-well plates 1.25 μl of test compound in assay buffer was mixed with 1.25 μl of AMPK and 1.25 μl of the peptide (final concentration of 1 μM) and 1.25 μl of ATP (final concentration of 30 μM), both dissolved in assay buffer. This step was followed by an incubation time of 60 min. Then 5 μl of ADP Glo Reagent was added. This was followed by 40 min of incubation. Then 10 μl of Kinase Detection Reagent was admixed. The plates were sealed and after an incubation period of 30 min, the luminescence signal was measured in an Envision reader. All incubation steps were accomplished at room temperature. Assay buffer: 20 mM HEPES pH 7.0, 0.025% BSA, 15 mM MgCl2, 0.01% Brij.";"B";"BAO_0000223";"protein complex format";"Homo sapiens";"None";"None";"None";"None";"";"";"";"CHEMBL2096907";"AMP-activated protein kinase, AMPK";"Homo sapiens";"PROTEIN COMPLEX GROUP";"CHEMBL3886866";"37";"BindingDB Patent Bioactivity Data";"";"2016";"None";"";"";"";"2.0"
"CHEMBL4115118";"";"None";"582.08";"1";"4.25";"BDBM240773";"CS(=O)(=Nc1ccc(-c2ccc(-c3nc4[nH]c(O[C@@H]5CO[C@H]6[C@@H]5OC[C@H]6O)nc4cc3Cl)cc2)cc1)NC1CC1";"EC50";"'='";"89.0";"nM";"7.05";"";"420104";"UO_0000065";"12.11";"0.24";"2.80";"5.38";"0";"CHEMBL3888860";"Activation Assay: In the 384-well plates 1.25 μl of test compound in assay buffer was mixed with 1.25 μl of AMPK and 1.25 μl of the peptide (final concentration of 1 μM) and 1.25 μl of ATP (final concentration of 30 μM), both dissolved in assay buffer. This step was followed by an incubation time of 60 min. Then 5 μl of ADP Glo Reagent was added. This was followed by 40 min of incubation. Then 10 μl of Kinase Detection Reagent was admixed. The plates were sealed and after an incubation period of 30 min, the luminescence signal was measured in an Envision reader. All incubation steps were accomplished at room temperature. Assay buffer: 20 mM HEPES pH 7.0, 0.025% BSA, 15 mM MgCl2, 0.01% Brij.";"B";"BAO_0000223";"protein complex format";"Homo sapiens";"None";"None";"None";"None";"";"";"";"CHEMBL2096907";"AMP-activated protein kinase, AMPK";"Homo sapiens";"PROTEIN COMPLEX GROUP";"CHEMBL3886866";"37";"BindingDB Patent Bioactivity Data";"";"2016";"None";"";"";"";"89.0"
"CHEMBL4114292";"";"None";"572.05";"1";"2.85";"BDBM240777";"CN(C)S(C)(=O)=Nc1cnc(-c2ccc(-c3nc4[nH]c(O[C@@H]5CO[C@H]6[C@@H]5OC[C@H]6O)nc4cc3Cl)cc2)nc1";"EC50";"'='";"30.0";"nM";"7.52";"";"420108";"UO_0000065";"13.15";"0.26";"4.67";"5.09";"0";"CHEMBL3888860";"Activation Assay: In the 384-well plates 1.25 μl of test compound in assay buffer was mixed with 1.25 μl of AMPK and 1.25 μl of the peptide (final concentration of 1 μM) and 1.25 μl of ATP (final concentration of 30 μM), both dissolved in assay buffer. This step was followed by an incubation time of 60 min. Then 5 μl of ADP Glo Reagent was added. This was followed by 40 min of incubation. Then 10 μl of Kinase Detection Reagent was admixed. The plates were sealed and after an incubation period of 30 min, the luminescence signal was measured in an Envision reader. All incubation steps were accomplished at room temperature. Assay buffer: 20 mM HEPES pH 7.0, 0.025% BSA, 15 mM MgCl2, 0.01% Brij.";"B";"BAO_0000223";"protein complex format";"Homo sapiens";"None";"None";"None";"None";"";"";"";"CHEMBL2096907";"AMP-activated protein kinase, AMPK";"Homo sapiens";"PROTEIN COMPLEX GROUP";"CHEMBL3886866";"37";"BindingDB Patent Bioactivity Data";"";"2016";"None";"";"";"";"30.0"
"CHEMBL4113341";"";"None";"371.82";"0";"4.48";"BDBM237957";"O=C(O)c1c[nH]c2cc(Cl)c(-c3ccc(O[C@@H]4CCC[C@H]4O)cc3)cc12";"EC50";"'='";"106.2";"nM";"6.97";"";"415058";"UO_0000065";"18.76";"0.37";"2.49";"8.45";"0";"CHEMBL3888750";"33P-Based Assay: The biochemical EC50 (half-maximal concentration required for full activation) of compounds for the activation of AMPK was evaluated by 33P-based assay using SAMS peptide (commercially available) derived from ACC-1. Twenty Î¼l of phosphorylated AMPK diluted in assay buffer, (50 mM HEPES, 1 mM EGTA, 10 mM MgCl2, 0.25 mM DTT, 0.01% Tween-20, 0.01% BSA (pH 7.5)) was added to 384 well plates containing 1 μL of test compound. Following a fifteen minute room temperature incubation, 10 Î¼L of protein phosphatase PP2A was added to the plate to dephosphorylate pThr172 of AMPK. After incubation for 90 minutes, 10 μL of substrate mixture containing 41 nM okadaic acid, 82 μM SAMS peptide, 82 μM ATP and tracer amounts (6.8 nM) of 33P-containing ATP was added to the plate. The reaction was terminated after 60 minutes incubation at room temperature by the addition of 15 μL of 2% H3PO4. Subsequently, 45 μl of reaction mix was transferred to 384 well Millipore MZPH filter plates (MZPHNO50) pre-treated with 25 μL of 2% H3PO4 and the plates were washed three times with assay buffer. 20 μL of Ready Safe scintillation fluid was added to dried plates followed by detection on the Trilux detector.";"B";"BAO_0000223";"protein complex format";"Homo sapiens";"None";"None";"None";"None";"";"";"";"CHEMBL2096907";"AMP-activated protein kinase, AMPK";"Homo sapiens";"PROTEIN COMPLEX GROUP";"CHEMBL3886819";"37";"BindingDB Patent Bioactivity Data";"";"2016";"None";"";"";"";"106.2"
"CHEMBL3946654";"";"None";"404.88";"0";"3.89";"BDBM237964";"CS(=O)(=O)N1CCC1c1ccc(-c2cc3c(C(=O)O)c[nH]c3cc2Cl)cc1";"EC50";"'='";"224.8";"nM";"6.65";"";"415065";"UO_0000065";"16.42";"0.34";"2.76";"7.35";"0";"CHEMBL3888750";"33P-Based Assay: The biochemical EC50 (half-maximal concentration required for full activation) of compounds for the activation of AMPK was evaluated by 33P-based assay using SAMS peptide (commercially available) derived from ACC-1. Twenty Î¼l of phosphorylated AMPK diluted in assay buffer, (50 mM HEPES, 1 mM EGTA, 10 mM MgCl2, 0.25 mM DTT, 0.01% Tween-20, 0.01% BSA (pH 7.5)) was added to 384 well plates containing 1 μL of test compound. Following a fifteen minute room temperature incubation, 10 Î¼L of protein phosphatase PP2A was added to the plate to dephosphorylate pThr172 of AMPK. After incubation for 90 minutes, 10 μL of substrate mixture containing 41 nM okadaic acid, 82 μM SAMS peptide, 82 μM ATP and tracer amounts (6.8 nM) of 33P-containing ATP was added to the plate. The reaction was terminated after 60 minutes incubation at room temperature by the addition of 15 μL of 2% H3PO4. Subsequently, 45 μl of reaction mix was transferred to 384 well Millipore MZPH filter plates (MZPHNO50) pre-treated with 25 μL of 2% H3PO4 and the plates were washed three times with assay buffer. 20 μL of Ready Safe scintillation fluid was added to dried plates followed by detection on the Trilux detector.";"B";"BAO_0000223";"protein complex format";"Homo sapiens";"None";"None";"None";"None";"";"";"";"CHEMBL2096907";"AMP-activated protein kinase, AMPK";"Homo sapiens";"PROTEIN COMPLEX GROUP";"CHEMBL3886819";"37";"BindingDB Patent Bioactivity Data";"";"2016";"None";"";"";"";"224.8"
"CHEMBL3893471";"";"None";"313.74";"0";"4.12";"BDBM237974";"O=C(O)c1c[nH]c2cc(Cl)c(-c3ccc4c(c3)OCC4)cc12";"EC50";"'='";"64.5";"nM";"7.19";"";"415075";"UO_0000065";"22.92";"0.45";"3.07";"11.54";"0";"CHEMBL3888750";"33P-Based Assay: The biochemical EC50 (half-maximal concentration required for full activation) of compounds for the activation of AMPK was evaluated by 33P-based assay using SAMS peptide (commercially available) derived from ACC-1. Twenty Î¼l of phosphorylated AMPK diluted in assay buffer, (50 mM HEPES, 1 mM EGTA, 10 mM MgCl2, 0.25 mM DTT, 0.01% Tween-20, 0.01% BSA (pH 7.5)) was added to 384 well plates containing 1 μL of test compound. Following a fifteen minute room temperature incubation, 10 Î¼L of protein phosphatase PP2A was added to the plate to dephosphorylate pThr172 of AMPK. After incubation for 90 minutes, 10 μL of substrate mixture containing 41 nM okadaic acid, 82 μM SAMS peptide, 82 μM ATP and tracer amounts (6.8 nM) of 33P-containing ATP was added to the plate. The reaction was terminated after 60 minutes incubation at room temperature by the addition of 15 μL of 2% H3PO4. Subsequently, 45 μl of reaction mix was transferred to 384 well Millipore MZPH filter plates (MZPHNO50) pre-treated with 25 μL of 2% H3PO4 and the plates were washed three times with assay buffer. 20 μL of Ready Safe scintillation fluid was added to dried plates followed by detection on the Trilux detector.";"B";"BAO_0000223";"protein complex format";"Homo sapiens";"None";"None";"None";"None";"";"";"";"CHEMBL2096907";"AMP-activated protein kinase, AMPK";"Homo sapiens";"PROTEIN COMPLEX GROUP";"CHEMBL3886819";"37";"BindingDB Patent Bioactivity Data";"";"2016";"None";"";"";"";"64.5"
"CHEMBL3895795";"";"None";"354.79";"0";"4.31";"BDBM237981";"O=C(O)c1c[nH]c2cc(Cl)c(-c3ccc(N4CCCC4=O)cc3)cc12";"EC50";"'='";"169.4";"nM";"6.77";"";"415082";"UO_0000065";"19.08";"0.37";"2.46";"9.22";"0";"CHEMBL3888750";"33P-Based Assay: The biochemical EC50 (half-maximal concentration required for full activation) of compounds for the activation of AMPK was evaluated by 33P-based assay using SAMS peptide (commercially available) derived from ACC-1. Twenty Î¼l of phosphorylated AMPK diluted in assay buffer, (50 mM HEPES, 1 mM EGTA, 10 mM MgCl2, 0.25 mM DTT, 0.01% Tween-20, 0.01% BSA (pH 7.5)) was added to 384 well plates containing 1 μL of test compound. Following a fifteen minute room temperature incubation, 10 Î¼L of protein phosphatase PP2A was added to the plate to dephosphorylate pThr172 of AMPK. After incubation for 90 minutes, 10 μL of substrate mixture containing 41 nM okadaic acid, 82 μM SAMS peptide, 82 μM ATP and tracer amounts (6.8 nM) of 33P-containing ATP was added to the plate. The reaction was terminated after 60 minutes incubation at room temperature by the addition of 15 μL of 2% H3PO4. Subsequently, 45 μl of reaction mix was transferred to 384 well Millipore MZPH filter plates (MZPHNO50) pre-treated with 25 μL of 2% H3PO4 and the plates were washed three times with assay buffer. 20 μL of Ready Safe scintillation fluid was added to dried plates followed by detection on the Trilux detector.";"B";"BAO_0000223";"protein complex format";"Homo sapiens";"None";"None";"None";"None";"";"";"";"CHEMBL2096907";"AMP-activated protein kinase, AMPK";"Homo sapiens";"PROTEIN COMPLEX GROUP";"CHEMBL3886819";"37";"BindingDB Patent Bioactivity Data";"";"2016";"None";"";"";"";"169.4"
"CHEMBL3893781";"";"None";"363.80";"1";"5.56";"BDBM237984";"O=C(O)c1c[nH]c2cc(Cl)c(-c3ccc(-c4ccccc4O)cc3)cc12";"EC50";"'='";"2.4";"nM";"8.62";"";"415085";"UO_0000065";"23.69";"0.45";"3.06";"11.76";"0";"CHEMBL3888750";"33P-Based Assay: The biochemical EC50 (half-maximal concentration required for full activation) of compounds for the activation of AMPK was evaluated by 33P-based assay using SAMS peptide (commercially available) derived from ACC-1. Twenty Î¼l of phosphorylated AMPK diluted in assay buffer, (50 mM HEPES, 1 mM EGTA, 10 mM MgCl2, 0.25 mM DTT, 0.01% Tween-20, 0.01% BSA (pH 7.5)) was added to 384 well plates containing 1 μL of test compound. Following a fifteen minute room temperature incubation, 10 Î¼L of protein phosphatase PP2A was added to the plate to dephosphorylate pThr172 of AMPK. After incubation for 90 minutes, 10 μL of substrate mixture containing 41 nM okadaic acid, 82 μM SAMS peptide, 82 μM ATP and tracer amounts (6.8 nM) of 33P-containing ATP was added to the plate. The reaction was terminated after 60 minutes incubation at room temperature by the addition of 15 μL of 2% H3PO4. Subsequently, 45 μl of reaction mix was transferred to 384 well Millipore MZPH filter plates (MZPHNO50) pre-treated with 25 μL of 2% H3PO4 and the plates were washed three times with assay buffer. 20 μL of Ready Safe scintillation fluid was added to dried plates followed by detection on the Trilux detector.";"B";"BAO_0000223";"protein complex format";"Homo sapiens";"None";"None";"None";"None";"";"";"";"CHEMBL2096907";"AMP-activated protein kinase, AMPK";"Homo sapiens";"PROTEIN COMPLEX GROUP";"CHEMBL3886819";"37";"BindingDB Patent Bioactivity Data";"";"2016";"None";"";"";"";"2.4"
"CHEMBL3899409";"";"None";"302.72";"0";"3.07";"BDBM238025";"O=C(O)c1n[nH]c2cc(Cl)c(-c3ccc(CO)cc3)cc12";"EC50";"'='";"174.6";"nM";"6.76";"";"415126";"UO_0000065";"22.32";"0.44";"3.69";"7.84";"0";"CHEMBL3888750";"33P-Based Assay: The biochemical EC50 (half-maximal concentration required for full activation) of compounds for the activation of AMPK was evaluated by 33P-based assay using SAMS peptide (commercially available) derived from ACC-1. Twenty Î¼l of phosphorylated AMPK diluted in assay buffer, (50 mM HEPES, 1 mM EGTA, 10 mM MgCl2, 0.25 mM DTT, 0.01% Tween-20, 0.01% BSA (pH 7.5)) was added to 384 well plates containing 1 μL of test compound. Following a fifteen minute room temperature incubation, 10 Î¼L of protein phosphatase PP2A was added to the plate to dephosphorylate pThr172 of AMPK. After incubation for 90 minutes, 10 μL of substrate mixture containing 41 nM okadaic acid, 82 μM SAMS peptide, 82 μM ATP and tracer amounts (6.8 nM) of 33P-containing ATP was added to the plate. The reaction was terminated after 60 minutes incubation at room temperature by the addition of 15 μL of 2% H3PO4. Subsequently, 45 μl of reaction mix was transferred to 384 well Millipore MZPH filter plates (MZPHNO50) pre-treated with 25 μL of 2% H3PO4 and the plates were washed three times with assay buffer. 20 μL of Ready Safe scintillation fluid was added to dried plates followed by detection on the Trilux detector.";"B";"BAO_0000223";"protein complex format";"Homo sapiens";"None";"None";"None";"None";"";"";"";"CHEMBL2096907";"AMP-activated protein kinase, AMPK";"Homo sapiens";"PROTEIN COMPLEX GROUP";"CHEMBL3886819";"37";"BindingDB Patent Bioactivity Data";"";"2016";"None";"";"";"";"174.6"
"CHEMBL3932978";"";"None";"369.81";"0";"3.49";"BDBM238036";"NC(=O)C1(c2ccc(-c3cc4c(C(=O)O)n[nH]c4cc3Cl)cc2)CCC1";"EC50";"'='";"160.3";"nM";"6.79";"";"415137";"UO_0000065";"18.37";"0.36";"3.31";"6.23";"0";"CHEMBL3888750";"33P-Based Assay: The biochemical EC50 (half-maximal concentration required for full activation) of compounds for the activation of AMPK was evaluated by 33P-based assay using SAMS peptide (commercially available) derived from ACC-1. Twenty Î¼l of phosphorylated AMPK diluted in assay buffer, (50 mM HEPES, 1 mM EGTA, 10 mM MgCl2, 0.25 mM DTT, 0.01% Tween-20, 0.01% BSA (pH 7.5)) was added to 384 well plates containing 1 μL of test compound. Following a fifteen minute room temperature incubation, 10 Î¼L of protein phosphatase PP2A was added to the plate to dephosphorylate pThr172 of AMPK. After incubation for 90 minutes, 10 μL of substrate mixture containing 41 nM okadaic acid, 82 μM SAMS peptide, 82 μM ATP and tracer amounts (6.8 nM) of 33P-containing ATP was added to the plate. The reaction was terminated after 60 minutes incubation at room temperature by the addition of 15 μL of 2% H3PO4. Subsequently, 45 μl of reaction mix was transferred to 384 well Millipore MZPH filter plates (MZPHNO50) pre-treated with 25 μL of 2% H3PO4 and the plates were washed three times with assay buffer. 20 μL of Ready Safe scintillation fluid was added to dried plates followed by detection on the Trilux detector.";"B";"BAO_0000223";"protein complex format";"Homo sapiens";"None";"None";"None";"None";"";"";"";"CHEMBL2096907";"AMP-activated protein kinase, AMPK";"Homo sapiens";"PROTEIN COMPLEX GROUP";"CHEMBL3886819";"37";"BindingDB Patent Bioactivity Data";"";"2016";"None";"";"";"";"160.3"
"CHEMBL3894037";"";"None";"342.78";"0";"4.09";"BDBM238038";"O=C(O)c1n[nH]c2cc(Cl)c(-c3ccc(C4CCOC4)cc3)cc12";"EC50";"'='";"93.8";"nM";"7.03";"";"415139";"UO_0000065";"20.50";"0.40";"2.94";"9.34";"0";"CHEMBL3888750";"33P-Based Assay: The biochemical EC50 (half-maximal concentration required for full activation) of compounds for the activation of AMPK was evaluated by 33P-based assay using SAMS peptide (commercially available) derived from ACC-1. Twenty Î¼l of phosphorylated AMPK diluted in assay buffer, (50 mM HEPES, 1 mM EGTA, 10 mM MgCl2, 0.25 mM DTT, 0.01% Tween-20, 0.01% BSA (pH 7.5)) was added to 384 well plates containing 1 μL of test compound. Following a fifteen minute room temperature incubation, 10 Î¼L of protein phosphatase PP2A was added to the plate to dephosphorylate pThr172 of AMPK. After incubation for 90 minutes, 10 μL of substrate mixture containing 41 nM okadaic acid, 82 μM SAMS peptide, 82 μM ATP and tracer amounts (6.8 nM) of 33P-containing ATP was added to the plate. The reaction was terminated after 60 minutes incubation at room temperature by the addition of 15 μL of 2% H3PO4. Subsequently, 45 μl of reaction mix was transferred to 384 well Millipore MZPH filter plates (MZPHNO50) pre-treated with 25 μL of 2% H3PO4 and the plates were washed three times with assay buffer. 20 μL of Ready Safe scintillation fluid was added to dried plates followed by detection on the Trilux detector.";"B";"BAO_0000223";"protein complex format";"Homo sapiens";"None";"None";"None";"None";"";"";"";"CHEMBL2096907";"AMP-activated protein kinase, AMPK";"Homo sapiens";"PROTEIN COMPLEX GROUP";"CHEMBL3886819";"37";"BindingDB Patent Bioactivity Data";"";"2016";"None";"";"";"";"93.8"
"CHEMBL3959536";"";"None";"330.77";"0";"4.29";"BDBM238039";"COC(C)c1ccc(-c2cc3c(C(=O)O)n[nH]c3cc2Cl)cc1";"EC50";"'='";"132.5";"nM";"6.88";"";"415140";"UO_0000065";"20.79";"0.41";"2.59";"9.14";"0";"CHEMBL3888750";"33P-Based Assay: The biochemical EC50 (half-maximal concentration required for full activation) of compounds for the activation of AMPK was evaluated by 33P-based assay using SAMS peptide (commercially available) derived from ACC-1. Twenty Î¼l of phosphorylated AMPK diluted in assay buffer, (50 mM HEPES, 1 mM EGTA, 10 mM MgCl2, 0.25 mM DTT, 0.01% Tween-20, 0.01% BSA (pH 7.5)) was added to 384 well plates containing 1 μL of test compound. Following a fifteen minute room temperature incubation, 10 Î¼L of protein phosphatase PP2A was added to the plate to dephosphorylate pThr172 of AMPK. After incubation for 90 minutes, 10 μL of substrate mixture containing 41 nM okadaic acid, 82 μM SAMS peptide, 82 μM ATP and tracer amounts (6.8 nM) of 33P-containing ATP was added to the plate. The reaction was terminated after 60 minutes incubation at room temperature by the addition of 15 μL of 2% H3PO4. Subsequently, 45 μl of reaction mix was transferred to 384 well Millipore MZPH filter plates (MZPHNO50) pre-treated with 25 μL of 2% H3PO4 and the plates were washed three times with assay buffer. 20 μL of Ready Safe scintillation fluid was added to dried plates followed by detection on the Trilux detector.";"B";"BAO_0000223";"protein complex format";"Homo sapiens";"None";"None";"None";"None";"";"";"";"CHEMBL2096907";"AMP-activated protein kinase, AMPK";"Homo sapiens";"PROTEIN COMPLEX GROUP";"CHEMBL3886819";"37";"BindingDB Patent Bioactivity Data";"";"2016";"None";"";"";"";"132.5"
"CHEMBL512504";"";"None";"360.39";"0";"4.21";"A769662";"N#Cc1c(O)c2c(-c3ccc(-c4ccccc4O)cc3)csc2[nH]c1=O";"EC50";"'='";"576.0";"nM";"6.24";"";"";"UO_0000065";"17.31";"0.33";"2.03";"6.43";"0";"CHEMBL3635663";"Activation of AMPK (unknown origin) by luminescence assay";"B";"BAO_0000223";"protein complex format";"Homo sapiens";"None";"None";"None";"None";"";"";"";"CHEMBL2096907";"AMP-activated protein kinase, AMPK";"Homo sapiens";"PROTEIN COMPLEX GROUP";"CHEMBL3632550";"1";"Scientific Literature";"Bioorg Med Chem Lett";"2015";"None";"";"";"";"576.0"
"CHEMBL3898048";"";"None";"373.81";"1";"5.57";"BDBM238077";"O=C(O)c1c[nH]c2cc(Cl)c(-c3ccc(C4CCCCO4)cc3)c(F)c12";"EC50";"'='";"33.95";"nM";"7.47";"";"415183";"UO_0000065";"19.98";"0.39";"1.90";"11.99";"0";"CHEMBL3888750";"33P-Based Assay: The biochemical EC50 (half-maximal concentration required for full activation) of compounds for the activation of AMPK was evaluated by 33P-based assay using SAMS peptide (commercially available) derived from ACC-1. Twenty Î¼l of phosphorylated AMPK diluted in assay buffer, (50 mM HEPES, 1 mM EGTA, 10 mM MgCl2, 0.25 mM DTT, 0.01% Tween-20, 0.01% BSA (pH 7.5)) was added to 384 well plates containing 1 μL of test compound. Following a fifteen minute room temperature incubation, 10 Î¼L of protein phosphatase PP2A was added to the plate to dephosphorylate pThr172 of AMPK. After incubation for 90 minutes, 10 μL of substrate mixture containing 41 nM okadaic acid, 82 μM SAMS peptide, 82 μM ATP and tracer amounts (6.8 nM) of 33P-containing ATP was added to the plate. The reaction was terminated after 60 minutes incubation at room temperature by the addition of 15 μL of 2% H3PO4. Subsequently, 45 μl of reaction mix was transferred to 384 well Millipore MZPH filter plates (MZPHNO50) pre-treated with 25 μL of 2% H3PO4 and the plates were washed three times with assay buffer. 20 μL of Ready Safe scintillation fluid was added to dried plates followed by detection on the Trilux detector.";"B";"BAO_0000223";"protein complex format";"Homo sapiens";"None";"None";"None";"None";"";"";"";"CHEMBL2096907";"AMP-activated protein kinase, AMPK";"Homo sapiens";"PROTEIN COMPLEX GROUP";"CHEMBL3886819";"37";"BindingDB Patent Bioactivity Data";"";"2016";"None";"";"";"";"33.95"
"CHEMBL3970868";"";"None";"355.82";"1";"5.43";"BDBM238084";"O=C(O)c1c[nH]c2cc(Cl)c(-c3ccc(C4CCCCO4)cc3)cc12";"EC50";"'='";"2.602";"nM";"8.59";"";"415191";"UO_0000065";"24.13";"0.47";"3.15";"13.78";"0";"CHEMBL3888750";"33P-Based Assay: The biochemical EC50 (half-maximal concentration required for full activation) of compounds for the activation of AMPK was evaluated by 33P-based assay using SAMS peptide (commercially available) derived from ACC-1. Twenty Î¼l of phosphorylated AMPK diluted in assay buffer, (50 mM HEPES, 1 mM EGTA, 10 mM MgCl2, 0.25 mM DTT, 0.01% Tween-20, 0.01% BSA (pH 7.5)) was added to 384 well plates containing 1 μL of test compound. Following a fifteen minute room temperature incubation, 10 Î¼L of protein phosphatase PP2A was added to the plate to dephosphorylate pThr172 of AMPK. After incubation for 90 minutes, 10 μL of substrate mixture containing 41 nM okadaic acid, 82 μM SAMS peptide, 82 μM ATP and tracer amounts (6.8 nM) of 33P-containing ATP was added to the plate. The reaction was terminated after 60 minutes incubation at room temperature by the addition of 15 μL of 2% H3PO4. Subsequently, 45 μl of reaction mix was transferred to 384 well Millipore MZPH filter plates (MZPHNO50) pre-treated with 25 μL of 2% H3PO4 and the plates were washed three times with assay buffer. 20 μL of Ready Safe scintillation fluid was added to dried plates followed by detection on the Trilux detector.";"B";"BAO_0000223";"protein complex format";"Homo sapiens";"None";"None";"None";"None";"";"";"";"CHEMBL2096907";"AMP-activated protein kinase, AMPK";"Homo sapiens";"PROTEIN COMPLEX GROUP";"CHEMBL3886819";"37";"BindingDB Patent Bioactivity Data";"";"2016";"None";"";"";"";"2.602"
"CHEMBL4636831";"";"None";"633.64";"2";"6.03";"2";"O=C(Nc1ccc(C(=O)N2CCN(Cc3ccc(C(F)(F)F)cc3)CC2)cc1)N1CCN(Cc2ccc(C(F)(F)F)cc2)CC1";"EC50";"'='";"7.9";"nM";"8.10";"";"";"UO_0000065";"12.79";"0.25";"2.07";"13.70";"0";"CHEMBL4627834";"Activation of AMPK in human MDA-MB-435 cells measured after 2 hrs by anti-phospho-Acetyl-CoA Carboxylase (Ser79) antibody-based ELISA";"B";"BAO_0000219";"cell-based format";"Homo sapiens";"None";"None";"MDA-MB-435";"None";"";"";"";"CHEMBL2096907";"AMP-activated protein kinase, AMPK";"Homo sapiens";"PROTEIN COMPLEX GROUP";"CHEMBL4627268";"1";"Scientific Literature";"Bioorg Med Chem";"2020";"CHEMBL3307686";"";"";"";"0.0079"
"CHEMBL3985144";"";"None";"345.78";"0";"4.21";"BDBM238086";"COCCOc1ccc(-c2cc3c(C(=O)O)c[nH]c3cc2Cl)cc1";"EC50";"'='";"16.9";"nM";"7.77";"";"415194";"UO_0000065";"22.48";"0.44";"3.56";"10.86";"0";"CHEMBL3888750";"33P-Based Assay: The biochemical EC50 (half-maximal concentration required for full activation) of compounds for the activation of AMPK was evaluated by 33P-based assay using SAMS peptide (commercially available) derived from ACC-1. Twenty Î¼l of phosphorylated AMPK diluted in assay buffer, (50 mM HEPES, 1 mM EGTA, 10 mM MgCl2, 0.25 mM DTT, 0.01% Tween-20, 0.01% BSA (pH 7.5)) was added to 384 well plates containing 1 μL of test compound. Following a fifteen minute room temperature incubation, 10 Î¼L of protein phosphatase PP2A was added to the plate to dephosphorylate pThr172 of AMPK. After incubation for 90 minutes, 10 μL of substrate mixture containing 41 nM okadaic acid, 82 μM SAMS peptide, 82 μM ATP and tracer amounts (6.8 nM) of 33P-containing ATP was added to the plate. The reaction was terminated after 60 minutes incubation at room temperature by the addition of 15 μL of 2% H3PO4. Subsequently, 45 μl of reaction mix was transferred to 384 well Millipore MZPH filter plates (MZPHNO50) pre-treated with 25 μL of 2% H3PO4 and the plates were washed three times with assay buffer. 20 μL of Ready Safe scintillation fluid was added to dried plates followed by detection on the Trilux detector.";"B";"BAO_0000223";"protein complex format";"Homo sapiens";"None";"None";"None";"None";"";"";"";"CHEMBL2096907";"AMP-activated protein kinase, AMPK";"Homo sapiens";"PROTEIN COMPLEX GROUP";"CHEMBL3886819";"37";"BindingDB Patent Bioactivity Data";"";"2016";"None";"";"";"";"16.9"
"CHEMBL3983982";"";"None";"345.78";"0";"3.95";"BDBM238088";"CC(CO)Oc1ccc(-c2cc3c(C(=O)O)c[nH]c3cc2Cl)cc1";"EC50";"'='";"28.1";"nM";"7.55";"";"415196";"UO_0000065";"21.84";"0.43";"3.60";"9.15";"0";"CHEMBL3888750";"33P-Based Assay: The biochemical EC50 (half-maximal concentration required for full activation) of compounds for the activation of AMPK was evaluated by 33P-based assay using SAMS peptide (commercially available) derived from ACC-1. Twenty Î¼l of phosphorylated AMPK diluted in assay buffer, (50 mM HEPES, 1 mM EGTA, 10 mM MgCl2, 0.25 mM DTT, 0.01% Tween-20, 0.01% BSA (pH 7.5)) was added to 384 well plates containing 1 μL of test compound. Following a fifteen minute room temperature incubation, 10 Î¼L of protein phosphatase PP2A was added to the plate to dephosphorylate pThr172 of AMPK. After incubation for 90 minutes, 10 μL of substrate mixture containing 41 nM okadaic acid, 82 μM SAMS peptide, 82 μM ATP and tracer amounts (6.8 nM) of 33P-containing ATP was added to the plate. The reaction was terminated after 60 minutes incubation at room temperature by the addition of 15 μL of 2% H3PO4. Subsequently, 45 μl of reaction mix was transferred to 384 well Millipore MZPH filter plates (MZPHNO50) pre-treated with 25 μL of 2% H3PO4 and the plates were washed three times with assay buffer. 20 μL of Ready Safe scintillation fluid was added to dried plates followed by detection on the Trilux detector.";"B";"BAO_0000223";"protein complex format";"Homo sapiens";"None";"None";"None";"None";"";"";"";"CHEMBL2096907";"AMP-activated protein kinase, AMPK";"Homo sapiens";"PROTEIN COMPLEX GROUP";"CHEMBL3886819";"37";"BindingDB Patent Bioactivity Data";"";"2016";"None";"";"";"";"28.1"
"CHEMBL3912567";"";"None";"357.36";"0";"4.23";"BDBM238073";"O=C(O)c1c[nH]c2cc(F)c(-c3ccc(C4(CO)CCC4)cc3F)cc12";"EC50";"'='";"31.9";"nM";"7.50";"";"415178";"UO_0000065";"20.98";"0.39";"3.27";"10.22";"0";"CHEMBL3888750";"33P-Based Assay: The biochemical EC50 (half-maximal concentration required for full activation) of compounds for the activation of AMPK was evaluated by 33P-based assay using SAMS peptide (commercially available) derived from ACC-1. Twenty Î¼l of phosphorylated AMPK diluted in assay buffer, (50 mM HEPES, 1 mM EGTA, 10 mM MgCl2, 0.25 mM DTT, 0.01% Tween-20, 0.01% BSA (pH 7.5)) was added to 384 well plates containing 1 μL of test compound. Following a fifteen minute room temperature incubation, 10 Î¼L of protein phosphatase PP2A was added to the plate to dephosphorylate pThr172 of AMPK. After incubation for 90 minutes, 10 μL of substrate mixture containing 41 nM okadaic acid, 82 μM SAMS peptide, 82 μM ATP and tracer amounts (6.8 nM) of 33P-containing ATP was added to the plate. The reaction was terminated after 60 minutes incubation at room temperature by the addition of 15 μL of 2% H3PO4. Subsequently, 45 μl of reaction mix was transferred to 384 well Millipore MZPH filter plates (MZPHNO50) pre-treated with 25 μL of 2% H3PO4 and the plates were washed three times with assay buffer. 20 μL of Ready Safe scintillation fluid was added to dried plates followed by detection on the Trilux detector.";"B";"BAO_0000223";"protein complex format";"Homo sapiens";"None";"None";"None";"None";"";"";"";"CHEMBL2096907";"AMP-activated protein kinase, AMPK";"Homo sapiens";"PROTEIN COMPLEX GROUP";"CHEMBL3886819";"37";"BindingDB Patent Bioactivity Data";"";"2016";"None";"";"";"";"31.9"
"CHEMBL3935032";"";"None";"357.36";"0";"4.71";"BDBM238074";"O=C(O)c1c[nH]c2cc(F)c(-c3ccc(C4CCOCC4)cc3)c(F)c12";"EC50";"'='";"129.4";"nM";"6.89";"";"415179";"UO_0000065";"19.27";"0.36";"2.18";"11.05";"0";"CHEMBL3888750";"33P-Based Assay: The biochemical EC50 (half-maximal concentration required for full activation) of compounds for the activation of AMPK was evaluated by 33P-based assay using SAMS peptide (commercially available) derived from ACC-1. Twenty Î¼l of phosphorylated AMPK diluted in assay buffer, (50 mM HEPES, 1 mM EGTA, 10 mM MgCl2, 0.25 mM DTT, 0.01% Tween-20, 0.01% BSA (pH 7.5)) was added to 384 well plates containing 1 μL of test compound. Following a fifteen minute room temperature incubation, 10 Î¼L of protein phosphatase PP2A was added to the plate to dephosphorylate pThr172 of AMPK. After incubation for 90 minutes, 10 μL of substrate mixture containing 41 nM okadaic acid, 82 μM SAMS peptide, 82 μM ATP and tracer amounts (6.8 nM) of 33P-containing ATP was added to the plate. The reaction was terminated after 60 minutes incubation at room temperature by the addition of 15 μL of 2% H3PO4. Subsequently, 45 μl of reaction mix was transferred to 384 well Millipore MZPH filter plates (MZPHNO50) pre-treated with 25 μL of 2% H3PO4 and the plates were washed three times with assay buffer. 20 μL of Ready Safe scintillation fluid was added to dried plates followed by detection on the Trilux detector.";"B";"BAO_0000223";"protein complex format";"Homo sapiens";"None";"None";"None";"None";"";"";"";"CHEMBL2096907";"AMP-activated protein kinase, AMPK";"Homo sapiens";"PROTEIN COMPLEX GROUP";"CHEMBL3886819";"37";"BindingDB Patent Bioactivity Data";"";"2016";"None";"";"";"";"129.4"
"CHEMBL4114253";"";"None";"570.07";"1";"4.11";"BDBM240772";"CCNS(C)(=O)=Nc1ccc(-c2ccc(-c3nc4[nH]c(O[C@@H]5CO[C@H]6[C@@H]5OC[C@H]6O)nc4cc3Cl)cc2)cc1";"EC50";"'='";"61.0";"nM";"7.21";"";"420103";"UO_0000065";"12.66";"0.25";"3.10";"5.51";"0";"CHEMBL3888860";"Activation Assay: In the 384-well plates 1.25 μl of test compound in assay buffer was mixed with 1.25 μl of AMPK and 1.25 μl of the peptide (final concentration of 1 μM) and 1.25 μl of ATP (final concentration of 30 μM), both dissolved in assay buffer. This step was followed by an incubation time of 60 min. Then 5 μl of ADP Glo Reagent was added. This was followed by 40 min of incubation. Then 10 μl of Kinase Detection Reagent was admixed. The plates were sealed and after an incubation period of 30 min, the luminescence signal was measured in an Envision reader. All incubation steps were accomplished at room temperature. Assay buffer: 20 mM HEPES pH 7.0, 0.025% BSA, 15 mM MgCl2, 0.01% Brij.";"B";"BAO_0000223";"protein complex format";"Homo sapiens";"None";"None";"None";"None";"";"";"";"CHEMBL2096907";"AMP-activated protein kinase, AMPK";"Homo sapiens";"PROTEIN COMPLEX GROUP";"CHEMBL3886866";"37";"BindingDB Patent Bioactivity Data";"";"2016";"None";"";"";"";"61.0"
"CHEMBL3915965";"";"None";"355.82";"0";"4.87";"BDBM237959";"Cc1cc(C2(O)CCC2)ccc1-c1cc2c(C(=O)O)c[nH]c2cc1Cl";"EC50";"'='";"821.0";"nM";"6.09";"";"415060";"UO_0000065";"17.10";"0.33";"1.22";"8.30";"0";"CHEMBL3888750";"33P-Based Assay: The biochemical EC50 (half-maximal concentration required for full activation) of compounds for the activation of AMPK was evaluated by 33P-based assay using SAMS peptide (commercially available) derived from ACC-1. Twenty Î¼l of phosphorylated AMPK diluted in assay buffer, (50 mM HEPES, 1 mM EGTA, 10 mM MgCl2, 0.25 mM DTT, 0.01% Tween-20, 0.01% BSA (pH 7.5)) was added to 384 well plates containing 1 μL of test compound. Following a fifteen minute room temperature incubation, 10 Î¼L of protein phosphatase PP2A was added to the plate to dephosphorylate pThr172 of AMPK. After incubation for 90 minutes, 10 μL of substrate mixture containing 41 nM okadaic acid, 82 μM SAMS peptide, 82 μM ATP and tracer amounts (6.8 nM) of 33P-containing ATP was added to the plate. The reaction was terminated after 60 minutes incubation at room temperature by the addition of 15 μL of 2% H3PO4. Subsequently, 45 μl of reaction mix was transferred to 384 well Millipore MZPH filter plates (MZPHNO50) pre-treated with 25 μL of 2% H3PO4 and the plates were washed three times with assay buffer. 20 μL of Ready Safe scintillation fluid was added to dried plates followed by detection on the Trilux detector.";"B";"BAO_0000223";"protein complex format";"Homo sapiens";"None";"None";"None";"None";"";"";"";"CHEMBL2096907";"AMP-activated protein kinase, AMPK";"Homo sapiens";"PROTEIN COMPLEX GROUP";"CHEMBL3886819";"37";"BindingDB Patent Bioactivity Data";"";"2016";"None";"";"";"";"821.0"
"CHEMBL3969021";"";"None";"385.85";"0";"4.87";"BDBM237967";"O=C(O)c1c[nH]c2cc(Cl)c(-c3ccc(O[C@H]4CCCC[C@@H]4O)cc3)cc12";"EC50";"'='";"203.8";"nM";"6.69";"";"415068";"UO_0000065";"17.34";"0.34";"1.82";"8.11";"0";"CHEMBL3888750";"33P-Based Assay: The biochemical EC50 (half-maximal concentration required for full activation) of compounds for the activation of AMPK was evaluated by 33P-based assay using SAMS peptide (commercially available) derived from ACC-1. Twenty Î¼l of phosphorylated AMPK diluted in assay buffer, (50 mM HEPES, 1 mM EGTA, 10 mM MgCl2, 0.25 mM DTT, 0.01% Tween-20, 0.01% BSA (pH 7.5)) was added to 384 well plates containing 1 μL of test compound. Following a fifteen minute room temperature incubation, 10 Î¼L of protein phosphatase PP2A was added to the plate to dephosphorylate pThr172 of AMPK. After incubation for 90 minutes, 10 μL of substrate mixture containing 41 nM okadaic acid, 82 μM SAMS peptide, 82 μM ATP and tracer amounts (6.8 nM) of 33P-containing ATP was added to the plate. The reaction was terminated after 60 minutes incubation at room temperature by the addition of 15 μL of 2% H3PO4. Subsequently, 45 μl of reaction mix was transferred to 384 well Millipore MZPH filter plates (MZPHNO50) pre-treated with 25 μL of 2% H3PO4 and the plates were washed three times with assay buffer. 20 μL of Ready Safe scintillation fluid was added to dried plates followed by detection on the Trilux detector.";"B";"BAO_0000223";"protein complex format";"Homo sapiens";"None";"None";"None";"None";"";"";"";"CHEMBL2096907";"AMP-activated protein kinase, AMPK";"Homo sapiens";"PROTEIN COMPLEX GROUP";"CHEMBL3886819";"37";"BindingDB Patent Bioactivity Data";"";"2016";"None";"";"";"";"203.8"
"CHEMBL3941924";"";"None";"366.80";"0";"4.43";"BDBM237986";"N#Cc1cc(C2(O)CCC2)ccc1-c1cc2c(C(=O)O)c[nH]c2cc1Cl";"EC50";"'='";"263.6";"nM";"6.58";"";"415087";"UO_0000065";"17.94";"0.35";"2.15";"6.77";"0";"CHEMBL3888750";"33P-Based Assay: The biochemical EC50 (half-maximal concentration required for full activation) of compounds for the activation of AMPK was evaluated by 33P-based assay using SAMS peptide (commercially available) derived from ACC-1. Twenty Î¼l of phosphorylated AMPK diluted in assay buffer, (50 mM HEPES, 1 mM EGTA, 10 mM MgCl2, 0.25 mM DTT, 0.01% Tween-20, 0.01% BSA (pH 7.5)) was added to 384 well plates containing 1 μL of test compound. Following a fifteen minute room temperature incubation, 10 Î¼L of protein phosphatase PP2A was added to the plate to dephosphorylate pThr172 of AMPK. After incubation for 90 minutes, 10 μL of substrate mixture containing 41 nM okadaic acid, 82 μM SAMS peptide, 82 μM ATP and tracer amounts (6.8 nM) of 33P-containing ATP was added to the plate. The reaction was terminated after 60 minutes incubation at room temperature by the addition of 15 μL of 2% H3PO4. Subsequently, 45 μl of reaction mix was transferred to 384 well Millipore MZPH filter plates (MZPHNO50) pre-treated with 25 μL of 2% H3PO4 and the plates were washed three times with assay buffer. 20 μL of Ready Safe scintillation fluid was added to dried plates followed by detection on the Trilux detector.";"B";"BAO_0000223";"protein complex format";"Homo sapiens";"None";"None";"None";"None";"";"";"";"CHEMBL2096907";"AMP-activated protein kinase, AMPK";"Homo sapiens";"PROTEIN COMPLEX GROUP";"CHEMBL3886819";"37";"BindingDB Patent Bioactivity Data";"";"2016";"None";"";"";"";"263.6"
"CHEMBL3891221";"";"None";"341.79";"0";"4.56";"1; PF-06409577";"O=C(O)c1c[nH]c2cc(Cl)c(-c3ccc(C4(O)CCC4)cc3)cc12";"EC50";"'='";"110.0";"nM";"6.96";"";"";"UO_0000065";"20.36";"0.40";"2.40";"9.49";"0";"CHEMBL4234629";"Activation of AMPK in cryopreserved human hepatocytes assessed as increase in phosphorylation of acetyl-CoA carboxylase at Ser79 residue after 1 hr by Meso Scale Discovery assay";"B";"BAO_0000219";"cell-based format";"Homo sapiens";"None";"None";"None";"None";"";"";"";"CHEMBL2096907";"AMP-activated protein kinase, AMPK";"Homo sapiens";"PROTEIN COMPLEX GROUP";"CHEMBL4229467";"1";"Scientific Literature";"J Med Chem";"2018";"None";"";"";"";"0.11"
"CHEMBL3898135";"";"None";"400.86";"0";"4.33";"BDBM237972";"COc1cc(-c2cc3c(C(=O)O)c[nH]c3cc2Cl)ccc1OC[C@@H]1CCCN1";"EC50";"'='";"209.0";"nM";"6.68";"";"415073";"UO_0000065";"16.66";"0.33";"2.35";"7.99";"0";"CHEMBL3888750";"33P-Based Assay: The biochemical EC50 (half-maximal concentration required for full activation) of compounds for the activation of AMPK was evaluated by 33P-based assay using SAMS peptide (commercially available) derived from ACC-1. Twenty Î¼l of phosphorylated AMPK diluted in assay buffer, (50 mM HEPES, 1 mM EGTA, 10 mM MgCl2, 0.25 mM DTT, 0.01% Tween-20, 0.01% BSA (pH 7.5)) was added to 384 well plates containing 1 μL of test compound. Following a fifteen minute room temperature incubation, 10 Î¼L of protein phosphatase PP2A was added to the plate to dephosphorylate pThr172 of AMPK. After incubation for 90 minutes, 10 μL of substrate mixture containing 41 nM okadaic acid, 82 μM SAMS peptide, 82 μM ATP and tracer amounts (6.8 nM) of 33P-containing ATP was added to the plate. The reaction was terminated after 60 minutes incubation at room temperature by the addition of 15 μL of 2% H3PO4. Subsequently, 45 μl of reaction mix was transferred to 384 well Millipore MZPH filter plates (MZPHNO50) pre-treated with 25 μL of 2% H3PO4 and the plates were washed three times with assay buffer. 20 μL of Ready Safe scintillation fluid was added to dried plates followed by detection on the Trilux detector.";"B";"BAO_0000223";"protein complex format";"Homo sapiens";"None";"None";"None";"None";"";"";"";"CHEMBL2096907";"AMP-activated protein kinase, AMPK";"Homo sapiens";"PROTEIN COMPLEX GROUP";"CHEMBL3886819";"37";"BindingDB Patent Bioactivity Data";"";"2016";"None";"";"";"";"209.0"
"CHEMBL3900958";"";"None";"450.94";"0";"3.46";"BDBM238083";"COc1cc(-c2cc3c(C(=O)NS(C)(=O)=O)c[nH]c3cc2Cl)ccc1C(C)(C)CO";"EC50";"'='";"62.3";"nM";"7.21";"";"415190";"UO_0000065";"15.98";"0.33";"3.75";"6.64";"0";"CHEMBL3888750";"33P-Based Assay: The biochemical EC50 (half-maximal concentration required for full activation) of compounds for the activation of AMPK was evaluated by 33P-based assay using SAMS peptide (commercially available) derived from ACC-1. Twenty Î¼l of phosphorylated AMPK diluted in assay buffer, (50 mM HEPES, 1 mM EGTA, 10 mM MgCl2, 0.25 mM DTT, 0.01% Tween-20, 0.01% BSA (pH 7.5)) was added to 384 well plates containing 1 μL of test compound. Following a fifteen minute room temperature incubation, 10 Î¼L of protein phosphatase PP2A was added to the plate to dephosphorylate pThr172 of AMPK. After incubation for 90 minutes, 10 μL of substrate mixture containing 41 nM okadaic acid, 82 μM SAMS peptide, 82 μM ATP and tracer amounts (6.8 nM) of 33P-containing ATP was added to the plate. The reaction was terminated after 60 minutes incubation at room temperature by the addition of 15 μL of 2% H3PO4. Subsequently, 45 μl of reaction mix was transferred to 384 well Millipore MZPH filter plates (MZPHNO50) pre-treated with 25 μL of 2% H3PO4 and the plates were washed three times with assay buffer. 20 μL of Ready Safe scintillation fluid was added to dried plates followed by detection on the Trilux detector.";"B";"BAO_0000223";"protein complex format";"Homo sapiens";"None";"None";"None";"None";"";"";"";"CHEMBL2096907";"AMP-activated protein kinase, AMPK";"Homo sapiens";"PROTEIN COMPLEX GROUP";"CHEMBL3886819";"37";"BindingDB Patent Bioactivity Data";"";"2016";"None";"";"";"";"62.3"
"CHEMBL3908241";"";"None";"387.82";"0";"3.16";"BDBM238089";"COc1nc(N2CC[C@H](O)C2)ccc1-c1cc2c(C(=O)O)c[nH]c2cc1Cl";"EC50";"'='";"6.2";"nM";"8.21";"";"415197";"UO_0000065";"21.16";"0.42";"5.05";"8.32";"0";"CHEMBL3888750";"33P-Based Assay: The biochemical EC50 (half-maximal concentration required for full activation) of compounds for the activation of AMPK was evaluated by 33P-based assay using SAMS peptide (commercially available) derived from ACC-1. Twenty Î¼l of phosphorylated AMPK diluted in assay buffer, (50 mM HEPES, 1 mM EGTA, 10 mM MgCl2, 0.25 mM DTT, 0.01% Tween-20, 0.01% BSA (pH 7.5)) was added to 384 well plates containing 1 μL of test compound. Following a fifteen minute room temperature incubation, 10 Î¼L of protein phosphatase PP2A was added to the plate to dephosphorylate pThr172 of AMPK. After incubation for 90 minutes, 10 μL of substrate mixture containing 41 nM okadaic acid, 82 μM SAMS peptide, 82 μM ATP and tracer amounts (6.8 nM) of 33P-containing ATP was added to the plate. The reaction was terminated after 60 minutes incubation at room temperature by the addition of 15 μL of 2% H3PO4. Subsequently, 45 μl of reaction mix was transferred to 384 well Millipore MZPH filter plates (MZPHNO50) pre-treated with 25 μL of 2% H3PO4 and the plates were washed three times with assay buffer. 20 μL of Ready Safe scintillation fluid was added to dried plates followed by detection on the Trilux detector.";"B";"BAO_0000223";"protein complex format";"Homo sapiens";"None";"None";"None";"None";"";"";"";"CHEMBL2096907";"AMP-activated protein kinase, AMPK";"Homo sapiens";"PROTEIN COMPLEX GROUP";"CHEMBL3886819";"37";"BindingDB Patent Bioactivity Data";"";"2016";"None";"";"";"";"6.2"
"CHEMBL3931591";"";"None";"371.82";"0";"4.43";"BDBM238057";"COc1cc(-c2cc3c(C(=O)O)c[nH]c3cc2Cl)ccc1[C@H]1C[C@H](O)C1";"EC50";"'='";"35.26";"nM";"7.45";"";"415158";"UO_0000065";"20.04";"0.39";"3.02";"9.03";"0";"CHEMBL3888750";"33P-Based Assay: The biochemical EC50 (half-maximal concentration required for full activation) of compounds for the activation of AMPK was evaluated by 33P-based assay using SAMS peptide (commercially available) derived from ACC-1. Twenty Î¼l of phosphorylated AMPK diluted in assay buffer, (50 mM HEPES, 1 mM EGTA, 10 mM MgCl2, 0.25 mM DTT, 0.01% Tween-20, 0.01% BSA (pH 7.5)) was added to 384 well plates containing 1 μL of test compound. Following a fifteen minute room temperature incubation, 10 Î¼L of protein phosphatase PP2A was added to the plate to dephosphorylate pThr172 of AMPK. After incubation for 90 minutes, 10 μL of substrate mixture containing 41 nM okadaic acid, 82 μM SAMS peptide, 82 μM ATP and tracer amounts (6.8 nM) of 33P-containing ATP was added to the plate. The reaction was terminated after 60 minutes incubation at room temperature by the addition of 15 μL of 2% H3PO4. Subsequently, 45 μl of reaction mix was transferred to 384 well Millipore MZPH filter plates (MZPHNO50) pre-treated with 25 μL of 2% H3PO4 and the plates were washed three times with assay buffer. 20 μL of Ready Safe scintillation fluid was added to dried plates followed by detection on the Trilux detector.";"B";"BAO_0000223";"protein complex format";"Homo sapiens";"None";"None";"None";"None";"";"";"";"CHEMBL2096907";"AMP-activated protein kinase, AMPK";"Homo sapiens";"PROTEIN COMPLEX GROUP";"CHEMBL3886819";"37";"BindingDB Patent Bioactivity Data";"";"2016";"None";"";"";"";"35.26"
"CHEMBL3986871";"";"None";"345.79";"0";"3.66";"BDBM238079";"COc1nc(N(C)C)ccc1-c1cc2c(C(=O)O)c[nH]c2cc1Cl";"EC50";"'='";"11.7";"nM";"7.93";"";"415186";"UO_0000065";"22.94";"0.45";"4.27";"10.11";"0";"CHEMBL3888750";"33P-Based Assay: The biochemical EC50 (half-maximal concentration required for full activation) of compounds for the activation of AMPK was evaluated by 33P-based assay using SAMS peptide (commercially available) derived from ACC-1. Twenty Î¼l of phosphorylated AMPK diluted in assay buffer, (50 mM HEPES, 1 mM EGTA, 10 mM MgCl2, 0.25 mM DTT, 0.01% Tween-20, 0.01% BSA (pH 7.5)) was added to 384 well plates containing 1 μL of test compound. Following a fifteen minute room temperature incubation, 10 Î¼L of protein phosphatase PP2A was added to the plate to dephosphorylate pThr172 of AMPK. After incubation for 90 minutes, 10 μL of substrate mixture containing 41 nM okadaic acid, 82 μM SAMS peptide, 82 μM ATP and tracer amounts (6.8 nM) of 33P-containing ATP was added to the plate. The reaction was terminated after 60 minutes incubation at room temperature by the addition of 15 μL of 2% H3PO4. Subsequently, 45 μl of reaction mix was transferred to 384 well Millipore MZPH filter plates (MZPHNO50) pre-treated with 25 μL of 2% H3PO4 and the plates were washed three times with assay buffer. 20 μL of Ready Safe scintillation fluid was added to dried plates followed by detection on the Trilux detector.";"B";"BAO_0000223";"protein complex format";"Homo sapiens";"None";"None";"None";"None";"";"";"";"CHEMBL2096907";"AMP-activated protein kinase, AMPK";"Homo sapiens";"PROTEIN COMPLEX GROUP";"CHEMBL3886819";"37";"BindingDB Patent Bioactivity Data";"";"2016";"None";"";"";"";"11.7"
"CHEMBL4640891";"";"None";"682.62";"2";"5.41";"11";"COc1ccc(CN2CCN(C(=O)Nc3ccc(C(=O)N4CCCN(Cc5ccc(C(F)(F)F)cc5)CC4)cc3)CC2)cc1.Cl.Cl";"EC50";"'='";"42.0";"nM";"7.38";"";"";"UO_0000065";"12.10";"0.23";"1.97";"10.79";"0";"CHEMBL4627834";"Activation of AMPK in human MDA-MB-435 cells measured after 2 hrs by anti-phospho-Acetyl-CoA Carboxylase (Ser79) antibody-based ELISA";"B";"BAO_0000219";"cell-based format";"Homo sapiens";"None";"None";"MDA-MB-435";"None";"";"";"";"CHEMBL2096907";"AMP-activated protein kinase, AMPK";"Homo sapiens";"PROTEIN COMPLEX GROUP";"CHEMBL4627268";"1";"Scientific Literature";"Bioorg Med Chem";"2020";"CHEMBL3307686";"";"";"";"0.042"
"CHEMBL4646300";"";"None";"595.67";"1";"4.92";"16b";"COc1ccc(CN2CCC(C(=O)Nc3ccc(C(=O)N4CCN(Cc5ccc(C(F)(F)F)cc5)CC4)cc3)CC2)cn1";"EC50";"'='";"12.0";"nM";"7.92";"";"";"UO_0000065";"13.30";"0.25";"3.00";"10.15";"0";"CHEMBL4627834";"Activation of AMPK in human MDA-MB-435 cells measured after 2 hrs by anti-phospho-Acetyl-CoA Carboxylase (Ser79) antibody-based ELISA";"B";"BAO_0000219";"cell-based format";"Homo sapiens";"None";"None";"MDA-MB-435";"None";"";"";"";"CHEMBL2096907";"AMP-activated protein kinase, AMPK";"Homo sapiens";"PROTEIN COMPLEX GROUP";"CHEMBL4627268";"1";"Scientific Literature";"Bioorg Med Chem";"2020";"CHEMBL3307686";"";"";"";"0.012"
"CHEMBL1551724";"ACADESINE";"3.0";"258.23";"0";"-2.82";"AICAR";"NC(=O)c1ncn([C@@H]2O[C@H](CO)[C@@H](O)[C@H]2O)c1N";"EC50";"";"";"";"";"";"Not Determined";"";"";"";"";"";"0";"CHEMBL4627834";"Activation of AMPK in human MDA-MB-435 cells measured after 2 hrs by anti-phospho-Acetyl-CoA Carboxylase (Ser79) antibody-based ELISA";"B";"BAO_0000219";"cell-based format";"Homo sapiens";"None";"None";"MDA-MB-435";"None";"";"";"";"CHEMBL2096907";"AMP-activated protein kinase, AMPK";"Homo sapiens";"PROTEIN COMPLEX GROUP";"CHEMBL4627268";"1";"Scientific Literature";"Bioorg Med Chem";"2020";"CHEMBL3307686";"";"";"";""
"CHEMBL4644719";"";"None";"433.53";"0";"4.70";"1";"Cc1nc(OCc2[nH]cc(C)c(=O)c2C)ccc1C1=CCN(Cc2ccc(F)cc2)CC1";"EC50";"'='";"16.0";"nM";"7.80";"";"";"UO_0000065";"17.98";"0.33";"3.10";"13.39";"0";"CHEMBL4627834";"Activation of AMPK in human MDA-MB-435 cells measured after 2 hrs by anti-phospho-Acetyl-CoA Carboxylase (Ser79) antibody-based ELISA";"B";"BAO_0000219";"cell-based format";"Homo sapiens";"None";"None";"MDA-MB-435";"None";"";"";"";"CHEMBL2096907";"AMP-activated protein kinase, AMPK";"Homo sapiens";"PROTEIN COMPLEX GROUP";"CHEMBL4627268";"1";"Scientific Literature";"Bioorg Med Chem";"2020";"CHEMBL3307686";"";"";"";"0.016"
"CHEMBL4639010";"";"None";"667.60";"2";"5.52";"16a";"COc1ccc(CN2CCC(C(=O)Nc3ccc(C(=O)N4CCN(Cc5ccc(C(F)(F)F)cc5)CC4)cc3)CC2)cc1.Cl.Cl";"EC50";"'='";"11.0";"nM";"7.96";"";"";"UO_0000065";"13.38";"0.25";"2.44";"12.22";"0";"CHEMBL4627834";"Activation of AMPK in human MDA-MB-435 cells measured after 2 hrs by anti-phospho-Acetyl-CoA Carboxylase (Ser79) antibody-based ELISA";"B";"BAO_0000219";"cell-based format";"Homo sapiens";"None";"None";"MDA-MB-435";"None";"";"";"";"CHEMBL2096907";"AMP-activated protein kinase, AMPK";"Homo sapiens";"PROTEIN COMPLEX GROUP";"CHEMBL4627268";"1";"Scientific Literature";"Bioorg Med Chem";"2020";"CHEMBL3307686";"";"";"";"0.011"
"CHEMBL4648182";"";"None";"965.09";"2";"5.50";"20";"COc1ccc(CN2CCC(c3nnc(-c4ccc(C(=O)N5CCN(Cc6ccc(C(F)(F)F)cc6)CC5)cc4)o3)CC2)cn1.Cc1ccc(S(=O)(=O)O)cc1.Cc1ccc(S(=O)(=O)O)cc1";"EC50";"'='";"4.5";"nM";"8.35";"";"";"UO_0000065";"13.45";"0.25";"2.85";"9.50";"0";"CHEMBL4627834";"Activation of AMPK in human MDA-MB-435 cells measured after 2 hrs by anti-phospho-Acetyl-CoA Carboxylase (Ser79) antibody-based ELISA";"B";"BAO_0000219";"cell-based format";"Homo sapiens";"None";"None";"MDA-MB-435";"None";"";"";"";"CHEMBL2096907";"AMP-activated protein kinase, AMPK";"Homo sapiens";"PROTEIN COMPLEX GROUP";"CHEMBL4627268";"1";"Scientific Literature";"Bioorg Med Chem";"2020";"CHEMBL3307686";"";"";"";"0.0045"
"CHEMBL5173850";"";"None";"535.66";"1";"3.48";"19";"O=C(NC1CCN(C(=O)C2CCCCC2)CC1)c1ccc(C(=O)N2CCN(Cc3ccc(F)cc3)CC2)cn1";"EC50";"'='";"300.0";"nM";"6.52";"";"";"UO_0000065";"12.18";"0.23";"3.04";"7.60";"0";"CHEMBL5110776";"Activation of AMPK in human HepG2 cells assessed as increase in ACC phosphorylation at Ser79 incubated for 1 hr";"B";"BAO_0000219";"cell-based format";"Homo sapiens";"None";"None";"HepG2";"None";"";"";"";"CHEMBL2096907";"AMP-activated protein kinase, AMPK";"Homo sapiens";"PROTEIN COMPLEX GROUP";"CHEMBL5108030";"1";"Scientific Literature";"Bioorg Med Chem";"2022";"None";"TIME = 1.0 hr";"ACTIVATOR";"";"300.0"
"CHEMBL5187706";"";"None";"618.76";"1";"3.62";"45";"COc1ccc(C(=O)C2CCN(C(=O)c3ccc(C(=O)NC4CCN(Cc5ccc(S(C)(=O)=O)cc5)CC4)cn3)CC2)cc1";"EC50";"";"";"";"";"";"NA";"";"";"";"";"";"0";"CHEMBL5110776";"Activation of AMPK in human HepG2 cells assessed as increase in ACC phosphorylation at Ser79 incubated for 1 hr";"B";"BAO_0000219";"cell-based format";"Homo sapiens";"None";"None";"HepG2";"None";"";"";"";"CHEMBL2096907";"AMP-activated protein kinase, AMPK";"Homo sapiens";"PROTEIN COMPLEX GROUP";"CHEMBL5108030";"1";"Scientific Literature";"Bioorg Med Chem";"2022";"None";"TIME = 1.0 hr";"";"";""
"CHEMBL5208119";"";"None";"597.72";"1";"4.18";"48";"COc1ccc(C(=O)C2CCN(C(=O)c3ccc(C(=O)NC4CCN(Cc5ccc(NC(C)=O)cc5)CC4)cn3)CC2)cc1";"EC50";"'='";"1000.0";"nM";"6.00";"";"";"UO_0000065";"10.04";"0.19";"1.82";"4.96";"0";"CHEMBL5110776";"Activation of AMPK in human HepG2 cells assessed as increase in ACC phosphorylation at Ser79 incubated for 1 hr";"B";"BAO_0000219";"cell-based format";"Homo sapiens";"None";"None";"HepG2";"None";"";"";"";"CHEMBL2096907";"AMP-activated protein kinase, AMPK";"Homo sapiens";"PROTEIN COMPLEX GROUP";"CHEMBL5108030";"1";"Scientific Literature";"Bioorg Med Chem";"2022";"None";"TIME = 1.0 hr";"ACTIVATOR";"";"1000.0"
"CHEMBL5200329";"";"None";"601.71";"1";"4.27";"59";"N#Cc1ccc(CN2CCC(NC(=O)c3ccc(C(=O)N4CCC(C(=O)c5ccc(-n6ccnc6)cc5)CC4)nc3)CC2)cc1";"EC50";"'='";"312.0";"nM";"6.51";"";"";"UO_0000065";"10.81";"0.20";"2.24";"5.24";"0";"CHEMBL5110776";"Activation of AMPK in human HepG2 cells assessed as increase in ACC phosphorylation at Ser79 incubated for 1 hr";"B";"BAO_0000219";"cell-based format";"Homo sapiens";"None";"None";"HepG2";"None";"";"";"";"CHEMBL2096907";"AMP-activated protein kinase, AMPK";"Homo sapiens";"PROTEIN COMPLEX GROUP";"CHEMBL5108030";"1";"Scientific Literature";"Bioorg Med Chem";"2022";"None";"TIME = 1.0 hr";"ACTIVATOR";"";"312.0"
"CHEMBL3968108";"";"None";"363.77";"0";"4.09";"BDBM237975";"O=C(O)c1c[nH]c2cc(Cl)c(-c3ccc(OCCCO)c(F)c3)cc12";"EC50";"'='";"89.2";"nM";"7.05";"";"415076";"UO_0000065";"19.38";"0.39";"2.96";"8.54";"0";"CHEMBL3888750";"33P-Based Assay: The biochemical EC50 (half-maximal concentration required for full activation) of compounds for the activation of AMPK was evaluated by 33P-based assay using SAMS peptide (commercially available) derived from ACC-1. Twenty Î¼l of phosphorylated AMPK diluted in assay buffer, (50 mM HEPES, 1 mM EGTA, 10 mM MgCl2, 0.25 mM DTT, 0.01% Tween-20, 0.01% BSA (pH 7.5)) was added to 384 well plates containing 1 μL of test compound. Following a fifteen minute room temperature incubation, 10 Î¼L of protein phosphatase PP2A was added to the plate to dephosphorylate pThr172 of AMPK. After incubation for 90 minutes, 10 μL of substrate mixture containing 41 nM okadaic acid, 82 μM SAMS peptide, 82 μM ATP and tracer amounts (6.8 nM) of 33P-containing ATP was added to the plate. The reaction was terminated after 60 minutes incubation at room temperature by the addition of 15 μL of 2% H3PO4. Subsequently, 45 μl of reaction mix was transferred to 384 well Millipore MZPH filter plates (MZPHNO50) pre-treated with 25 μL of 2% H3PO4 and the plates were washed three times with assay buffer. 20 μL of Ready Safe scintillation fluid was added to dried plates followed by detection on the Trilux detector.";"B";"BAO_0000223";"protein complex format";"Homo sapiens";"None";"None";"None";"None";"";"";"";"CHEMBL2096907";"AMP-activated protein kinase, AMPK";"Homo sapiens";"PROTEIN COMPLEX GROUP";"CHEMBL3886819";"37";"BindingDB Patent Bioactivity Data";"";"2016";"None";"";"";"";"89.2"
"CHEMBL3903116";"";"None";"373.81";"0";"4.74";"BDBM238072";"O=C(O)c1c[nH]c2cc(Cl)c(-c3ccc(C4(CO)CCC4)cc3F)cc12";"EC50";"'='";"17.51";"nM";"7.76";"";"415177";"UO_0000065";"20.75";"0.41";"3.02";"10.58";"0";"CHEMBL3888750";"33P-Based Assay: The biochemical EC50 (half-maximal concentration required for full activation) of compounds for the activation of AMPK was evaluated by 33P-based assay using SAMS peptide (commercially available) derived from ACC-1. Twenty Î¼l of phosphorylated AMPK diluted in assay buffer, (50 mM HEPES, 1 mM EGTA, 10 mM MgCl2, 0.25 mM DTT, 0.01% Tween-20, 0.01% BSA (pH 7.5)) was added to 384 well plates containing 1 μL of test compound. Following a fifteen minute room temperature incubation, 10 Î¼L of protein phosphatase PP2A was added to the plate to dephosphorylate pThr172 of AMPK. After incubation for 90 minutes, 10 μL of substrate mixture containing 41 nM okadaic acid, 82 μM SAMS peptide, 82 μM ATP and tracer amounts (6.8 nM) of 33P-containing ATP was added to the plate. The reaction was terminated after 60 minutes incubation at room temperature by the addition of 15 μL of 2% H3PO4. Subsequently, 45 μl of reaction mix was transferred to 384 well Millipore MZPH filter plates (MZPHNO50) pre-treated with 25 μL of 2% H3PO4 and the plates were washed three times with assay buffer. 20 μL of Ready Safe scintillation fluid was added to dried plates followed by detection on the Trilux detector.";"B";"BAO_0000223";"protein complex format";"Homo sapiens";"None";"None";"None";"None";"";"";"";"CHEMBL2096907";"AMP-activated protein kinase, AMPK";"Homo sapiens";"PROTEIN COMPLEX GROUP";"CHEMBL3886819";"37";"BindingDB Patent Bioactivity Data";"";"2016";"None";"";"";"";"17.51"
"CHEMBL4643931";"";"None";"668.59";"2";"5.02";"14a";"COc1ccc(CN2CCN(C(=O)Nc3cccc(C(=O)N4CCN(Cc5ccc(C(F)(F)F)cc5)CC4)c3)CC2)cc1.Cl.Cl";"EC50";"'='";"22.0";"nM";"7.66";"";"";"UO_0000065";"12.86";"0.24";"2.64";"11.20";"0";"CHEMBL4627834";"Activation of AMPK in human MDA-MB-435 cells measured after 2 hrs by anti-phospho-Acetyl-CoA Carboxylase (Ser79) antibody-based ELISA";"B";"BAO_0000219";"cell-based format";"Homo sapiens";"None";"None";"MDA-MB-435";"None";"";"";"";"CHEMBL2096907";"AMP-activated protein kinase, AMPK";"Homo sapiens";"PROTEIN COMPLEX GROUP";"CHEMBL4627268";"1";"Scientific Literature";"Bioorg Med Chem";"2020";"CHEMBL3307686";"";"";"";"0.022"
"CHEMBL4640384";"";"None";"1109.28";"2";"5.32";"24";"COc1ccc(CN2CCC(c3nc4cc(C(=O)N5CCN(Cc6ccc(C(F)(F)F)cc6)CC5)ccc4[nH]3)CC2)cn1.Cc1ccc(S(=O)(=O)O)cc1.Cc1ccc(S(=O)(=O)O)cc1.Cc1ccc(S(=O)(=O)O)cc1";"EC50";"'='";"91.0";"nM";"7.04";"";"";"UO_0000065";"11.88";"0.22";"1.72";"9.07";"0";"CHEMBL4627834";"Activation of AMPK in human MDA-MB-435 cells measured after 2 hrs by anti-phospho-Acetyl-CoA Carboxylase (Ser79) antibody-based ELISA";"B";"BAO_0000219";"cell-based format";"Homo sapiens";"None";"None";"MDA-MB-435";"None";"";"";"";"CHEMBL2096907";"AMP-activated protein kinase, AMPK";"Homo sapiens";"PROTEIN COMPLEX GROUP";"CHEMBL4627268";"1";"Scientific Literature";"Bioorg Med Chem";"2020";"CHEMBL3307686";"";"";"";"0.091"
"CHEMBL4643520";"";"None";"937.08";"2";"5.32";"28; ASP4132";"COc1ccc(CN2CCC(c3ccc4[nH]c(C(=O)N5CCN(Cc6ccc(C(F)(F)F)cc6)CC5)nc4c3)CC2)cn1.Cc1ccc(S(=O)(=O)O)cc1.Cc1ccc(S(=O)(=O)O)cc1";"EC50";"'='";"18.0";"nM";"7.75";"";"";"UO_0000065";"13.07";"0.25";"2.42";"9.98";"0";"CHEMBL4627834";"Activation of AMPK in human MDA-MB-435 cells measured after 2 hrs by anti-phospho-Acetyl-CoA Carboxylase (Ser79) antibody-based ELISA";"B";"BAO_0000219";"cell-based format";"Homo sapiens";"None";"None";"MDA-MB-435";"None";"";"";"";"CHEMBL2096907";"AMP-activated protein kinase, AMPK";"Homo sapiens";"PROTEIN COMPLEX GROUP";"CHEMBL4627268";"1";"Scientific Literature";"Bioorg Med Chem";"2020";"CHEMBL3307686";"";"";"";"0.018"
"CHEMBL5196333";"";"None";"543.69";"1";"4.31";"22";"CC(C)(c1ccccc1)N1CCC(NC(=O)c2ccc(C(=O)N3CCN(Cc4ccc(F)cc4)CC3)cn2)CC1";"EC50";"'='";"2788.0";"nM";"5.55";"";"";"UO_0000065";"10.22";"0.19";"1.24";"8.08";"0";"CHEMBL5110776";"Activation of AMPK in human HepG2 cells assessed as increase in ACC phosphorylation at Ser79 incubated for 1 hr";"B";"BAO_0000219";"cell-based format";"Homo sapiens";"None";"None";"HepG2";"None";"";"";"";"CHEMBL2096907";"AMP-activated protein kinase, AMPK";"Homo sapiens";"PROTEIN COMPLEX GROUP";"CHEMBL5108030";"1";"Scientific Literature";"Bioorg Med Chem";"2022";"None";"TIME = 1.0 hr";"ACTIVATOR";"";"2788.0"
"CHEMBL5184733";"";"None";"559.62";"1";"4.31";"39";"N#Cc1ccc(CN2CCC(NC(=O)c3ccc(C(=O)N4CCC(Oc5ccc(F)cc5F)CC4)nc3)CC2)cc1";"EC50";"'='";"13.0";"nM";"7.89";"";"";"UO_0000065";"14.09";"0.26";"3.58";"8.00";"0";"CHEMBL5110776";"Activation of AMPK in human HepG2 cells assessed as increase in ACC phosphorylation at Ser79 incubated for 1 hr";"B";"BAO_0000219";"cell-based format";"Homo sapiens";"None";"None";"HepG2";"None";"";"";"";"CHEMBL2096907";"AMP-activated protein kinase, AMPK";"Homo sapiens";"PROTEIN COMPLEX GROUP";"CHEMBL5108030";"1";"Scientific Literature";"Bioorg Med Chem";"2022";"None";"TIME = 1.0 hr";"ACTIVATOR";"";"13.0"
"CHEMBL3967075";"";"None";"357.79";"0";"3.45";"BDBM238010";"O=C(O)c1c[nH]c2cc(Cl)c(-c3ccc(C4(CO)COC4)cc3)cc12";"EC50";"'='";"58.1";"nM";"7.24";"";"415111";"UO_0000065";"20.22";"0.40";"3.79";"8.77";"0";"CHEMBL3888750";"33P-Based Assay: The biochemical EC50 (half-maximal concentration required for full activation) of compounds for the activation of AMPK was evaluated by 33P-based assay using SAMS peptide (commercially available) derived from ACC-1. Twenty Î¼l of phosphorylated AMPK diluted in assay buffer, (50 mM HEPES, 1 mM EGTA, 10 mM MgCl2, 0.25 mM DTT, 0.01% Tween-20, 0.01% BSA (pH 7.5)) was added to 384 well plates containing 1 μL of test compound. Following a fifteen minute room temperature incubation, 10 Î¼L of protein phosphatase PP2A was added to the plate to dephosphorylate pThr172 of AMPK. After incubation for 90 minutes, 10 μL of substrate mixture containing 41 nM okadaic acid, 82 μM SAMS peptide, 82 μM ATP and tracer amounts (6.8 nM) of 33P-containing ATP was added to the plate. The reaction was terminated after 60 minutes incubation at room temperature by the addition of 15 μL of 2% H3PO4. Subsequently, 45 μl of reaction mix was transferred to 384 well Millipore MZPH filter plates (MZPHNO50) pre-treated with 25 μL of 2% H3PO4 and the plates were washed three times with assay buffer. 20 μL of Ready Safe scintillation fluid was added to dried plates followed by detection on the Trilux detector.";"B";"BAO_0000223";"protein complex format";"Homo sapiens";"None";"None";"None";"None";"";"";"";"CHEMBL2096907";"AMP-activated protein kinase, AMPK";"Homo sapiens";"PROTEIN COMPLEX GROUP";"CHEMBL3886819";"37";"BindingDB Patent Bioactivity Data";"";"2016";"None";"";"";"";"58.1"
"CHEMBL3890545";"";"None";"332.74";"0";"2.95";"BDBM238033";"O=C(O)c1n[nH]c2cc(Cl)c(-c3ccc(OCCO)cc3)cc12";"EC50";"'='";"44.8";"nM";"7.35";"";"415134";"UO_0000065";"22.09";"0.44";"4.40";"7.70";"0";"CHEMBL3888750";"33P-Based Assay: The biochemical EC50 (half-maximal concentration required for full activation) of compounds for the activation of AMPK was evaluated by 33P-based assay using SAMS peptide (commercially available) derived from ACC-1. Twenty Î¼l of phosphorylated AMPK diluted in assay buffer, (50 mM HEPES, 1 mM EGTA, 10 mM MgCl2, 0.25 mM DTT, 0.01% Tween-20, 0.01% BSA (pH 7.5)) was added to 384 well plates containing 1 μL of test compound. Following a fifteen minute room temperature incubation, 10 Î¼L of protein phosphatase PP2A was added to the plate to dephosphorylate pThr172 of AMPK. After incubation for 90 minutes, 10 μL of substrate mixture containing 41 nM okadaic acid, 82 μM SAMS peptide, 82 μM ATP and tracer amounts (6.8 nM) of 33P-containing ATP was added to the plate. The reaction was terminated after 60 minutes incubation at room temperature by the addition of 15 μL of 2% H3PO4. Subsequently, 45 μl of reaction mix was transferred to 384 well Millipore MZPH filter plates (MZPHNO50) pre-treated with 25 μL of 2% H3PO4 and the plates were washed three times with assay buffer. 20 μL of Ready Safe scintillation fluid was added to dried plates followed by detection on the Trilux detector.";"B";"BAO_0000223";"protein complex format";"Homo sapiens";"None";"None";"None";"None";"";"";"";"CHEMBL2096907";"AMP-activated protein kinase, AMPK";"Homo sapiens";"PROTEIN COMPLEX GROUP";"CHEMBL3886819";"37";"BindingDB Patent Bioactivity Data";"";"2016";"None";"";"";"";"44.8"
"CHEMBL3904166";"";"None";"370.84";"0";"4.39";"BDBM238041";"O=C(O)c1n[nH]c2cc(Cl)c(-c3ccc(C4(CO)CCCC4)cc3)cc12";"EC50";"'='";"17.2";"nM";"7.76";"";"415142";"UO_0000065";"20.94";"0.41";"3.37";"9.01";"0";"CHEMBL3888750";"33P-Based Assay: The biochemical EC50 (half-maximal concentration required for full activation) of compounds for the activation of AMPK was evaluated by 33P-based assay using SAMS peptide (commercially available) derived from ACC-1. Twenty Î¼l of phosphorylated AMPK diluted in assay buffer, (50 mM HEPES, 1 mM EGTA, 10 mM MgCl2, 0.25 mM DTT, 0.01% Tween-20, 0.01% BSA (pH 7.5)) was added to 384 well plates containing 1 μL of test compound. Following a fifteen minute room temperature incubation, 10 Î¼L of protein phosphatase PP2A was added to the plate to dephosphorylate pThr172 of AMPK. After incubation for 90 minutes, 10 μL of substrate mixture containing 41 nM okadaic acid, 82 μM SAMS peptide, 82 μM ATP and tracer amounts (6.8 nM) of 33P-containing ATP was added to the plate. The reaction was terminated after 60 minutes incubation at room temperature by the addition of 15 μL of 2% H3PO4. Subsequently, 45 μl of reaction mix was transferred to 384 well Millipore MZPH filter plates (MZPHNO50) pre-treated with 25 μL of 2% H3PO4 and the plates were washed three times with assay buffer. 20 μL of Ready Safe scintillation fluid was added to dried plates followed by detection on the Trilux detector.";"B";"BAO_0000223";"protein complex format";"Homo sapiens";"None";"None";"None";"None";"";"";"";"CHEMBL2096907";"AMP-activated protein kinase, AMPK";"Homo sapiens";"PROTEIN COMPLEX GROUP";"CHEMBL3886819";"37";"BindingDB Patent Bioactivity Data";"";"2016";"None";"";"";"";"17.2"
"CHEMBL3950117";"";"None";"340.35";"0";"3.96";"BDBM238043";"O=C(O)c1n[nH]c2cc(F)c(-c3ccc(C4CCOCC4)cc3)cc12";"EC50";"'='";"304.8";"nM";"6.52";"";"415144";"UO_0000065";"19.14";"0.36";"2.56";"8.66";"0";"CHEMBL3888750";"33P-Based Assay: The biochemical EC50 (half-maximal concentration required for full activation) of compounds for the activation of AMPK was evaluated by 33P-based assay using SAMS peptide (commercially available) derived from ACC-1. Twenty Î¼l of phosphorylated AMPK diluted in assay buffer, (50 mM HEPES, 1 mM EGTA, 10 mM MgCl2, 0.25 mM DTT, 0.01% Tween-20, 0.01% BSA (pH 7.5)) was added to 384 well plates containing 1 μL of test compound. Following a fifteen minute room temperature incubation, 10 Î¼L of protein phosphatase PP2A was added to the plate to dephosphorylate pThr172 of AMPK. After incubation for 90 minutes, 10 μL of substrate mixture containing 41 nM okadaic acid, 82 μM SAMS peptide, 82 μM ATP and tracer amounts (6.8 nM) of 33P-containing ATP was added to the plate. The reaction was terminated after 60 minutes incubation at room temperature by the addition of 15 μL of 2% H3PO4. Subsequently, 45 μl of reaction mix was transferred to 384 well Millipore MZPH filter plates (MZPHNO50) pre-treated with 25 μL of 2% H3PO4 and the plates were washed three times with assay buffer. 20 μL of Ready Safe scintillation fluid was added to dried plates followed by detection on the Trilux detector.";"B";"BAO_0000223";"protein complex format";"Homo sapiens";"None";"None";"None";"None";"";"";"";"CHEMBL2096907";"AMP-activated protein kinase, AMPK";"Homo sapiens";"PROTEIN COMPLEX GROUP";"CHEMBL3886819";"37";"BindingDB Patent Bioactivity Data";"";"2016";"None";"";"";"";"304.8"
"CHEMBL3949999";"";"None";"391.88";"0";"4.63";"BDBM238047";"O=S(=O)(O)c1c[nH]c2cc(Cl)c(-c3ccc(C4CCOCC4)cc3)cc12";"EC50";"'='";"82.8";"nM";"7.08";"";"415148";"UO_0000065";"18.07";"0.37";"2.45";"8.92";"0";"CHEMBL3888750";"33P-Based Assay: The biochemical EC50 (half-maximal concentration required for full activation) of compounds for the activation of AMPK was evaluated by 33P-based assay using SAMS peptide (commercially available) derived from ACC-1. Twenty Î¼l of phosphorylated AMPK diluted in assay buffer, (50 mM HEPES, 1 mM EGTA, 10 mM MgCl2, 0.25 mM DTT, 0.01% Tween-20, 0.01% BSA (pH 7.5)) was added to 384 well plates containing 1 μL of test compound. Following a fifteen minute room temperature incubation, 10 Î¼L of protein phosphatase PP2A was added to the plate to dephosphorylate pThr172 of AMPK. After incubation for 90 minutes, 10 μL of substrate mixture containing 41 nM okadaic acid, 82 μM SAMS peptide, 82 μM ATP and tracer amounts (6.8 nM) of 33P-containing ATP was added to the plate. The reaction was terminated after 60 minutes incubation at room temperature by the addition of 15 μL of 2% H3PO4. Subsequently, 45 μl of reaction mix was transferred to 384 well Millipore MZPH filter plates (MZPHNO50) pre-treated with 25 μL of 2% H3PO4 and the plates were washed three times with assay buffer. 20 μL of Ready Safe scintillation fluid was added to dried plates followed by detection on the Trilux detector.";"B";"BAO_0000223";"protein complex format";"Homo sapiens";"None";"None";"None";"None";"";"";"";"CHEMBL2096907";"AMP-activated protein kinase, AMPK";"Homo sapiens";"PROTEIN COMPLEX GROUP";"CHEMBL3886819";"37";"BindingDB Patent Bioactivity Data";"";"2016";"None";"";"";"";"82.8"
"CHEMBL3940126";"";"None";"355.82";"1";"5.08";"BDBM238049";"O=C(O)c1c[nH]c2cc(Cl)c(-c3ccc(C4CCOCC4)cc3)cc12";"EC50";"'='";"39.3";"nM";"7.41";"";"415150";"UO_0000065";"20.81";"0.40";"2.33";"11.88";"0";"CHEMBL3888750";"33P-Based Assay: The biochemical EC50 (half-maximal concentration required for full activation) of compounds for the activation of AMPK was evaluated by 33P-based assay using SAMS peptide (commercially available) derived from ACC-1. Twenty Î¼l of phosphorylated AMPK diluted in assay buffer, (50 mM HEPES, 1 mM EGTA, 10 mM MgCl2, 0.25 mM DTT, 0.01% Tween-20, 0.01% BSA (pH 7.5)) was added to 384 well plates containing 1 μL of test compound. Following a fifteen minute room temperature incubation, 10 Î¼L of protein phosphatase PP2A was added to the plate to dephosphorylate pThr172 of AMPK. After incubation for 90 minutes, 10 μL of substrate mixture containing 41 nM okadaic acid, 82 μM SAMS peptide, 82 μM ATP and tracer amounts (6.8 nM) of 33P-containing ATP was added to the plate. The reaction was terminated after 60 minutes incubation at room temperature by the addition of 15 μL of 2% H3PO4. Subsequently, 45 μl of reaction mix was transferred to 384 well Millipore MZPH filter plates (MZPHNO50) pre-treated with 25 μL of 2% H3PO4 and the plates were washed three times with assay buffer. 20 μL of Ready Safe scintillation fluid was added to dried plates followed by detection on the Trilux detector.";"B";"BAO_0000223";"protein complex format";"Homo sapiens";"None";"None";"None";"None";"";"";"";"CHEMBL2096907";"AMP-activated protein kinase, AMPK";"Homo sapiens";"PROTEIN COMPLEX GROUP";"CHEMBL3886819";"37";"BindingDB Patent Bioactivity Data";"";"2016";"None";"";"";"";"39.3"
"CHEMBL4109075";"";"None";"357.36";"0";"4.23";"BDBM238052";"O=C(O)c1c[nH]c2cc(F)c(-c3ccc(C4(CO)CCC4)cc3)c(F)c12";"EC50";"'='";"9.3";"nM";"8.03";"";"415153";"UO_0000065";"22.47";"0.42";"3.80";"10.95";"0";"CHEMBL3888750";"33P-Based Assay: The biochemical EC50 (half-maximal concentration required for full activation) of compounds for the activation of AMPK was evaluated by 33P-based assay using SAMS peptide (commercially available) derived from ACC-1. Twenty Î¼l of phosphorylated AMPK diluted in assay buffer, (50 mM HEPES, 1 mM EGTA, 10 mM MgCl2, 0.25 mM DTT, 0.01% Tween-20, 0.01% BSA (pH 7.5)) was added to 384 well plates containing 1 μL of test compound. Following a fifteen minute room temperature incubation, 10 Î¼L of protein phosphatase PP2A was added to the plate to dephosphorylate pThr172 of AMPK. After incubation for 90 minutes, 10 μL of substrate mixture containing 41 nM okadaic acid, 82 μM SAMS peptide, 82 μM ATP and tracer amounts (6.8 nM) of 33P-containing ATP was added to the plate. The reaction was terminated after 60 minutes incubation at room temperature by the addition of 15 μL of 2% H3PO4. Subsequently, 45 μl of reaction mix was transferred to 384 well Millipore MZPH filter plates (MZPHNO50) pre-treated with 25 μL of 2% H3PO4 and the plates were washed three times with assay buffer. 20 μL of Ready Safe scintillation fluid was added to dried plates followed by detection on the Trilux detector.";"B";"BAO_0000223";"protein complex format";"Homo sapiens";"None";"None";"None";"None";"";"";"";"CHEMBL2096907";"AMP-activated protein kinase, AMPK";"Homo sapiens";"PROTEIN COMPLEX GROUP";"CHEMBL3886819";"37";"BindingDB Patent Bioactivity Data";"";"2016";"None";"";"";"";"9.3"
"CHEMBL4112187";"";"None";"416.88";"0";"5.00";"BDBM238094";"O=C(O)c1c[nH]c2cc(Cl)c(-c3ccc(OCCCN4CC[C@@H](F)C4)cc3)cc12";"EC50";"'='";"57.7";"nM";"7.24";"";"415202";"UO_0000065";"17.36";"0.34";"2.24";"11.04";"0";"CHEMBL3888750";"33P-Based Assay: The biochemical EC50 (half-maximal concentration required for full activation) of compounds for the activation of AMPK was evaluated by 33P-based assay using SAMS peptide (commercially available) derived from ACC-1. Twenty Î¼l of phosphorylated AMPK diluted in assay buffer, (50 mM HEPES, 1 mM EGTA, 10 mM MgCl2, 0.25 mM DTT, 0.01% Tween-20, 0.01% BSA (pH 7.5)) was added to 384 well plates containing 1 μL of test compound. Following a fifteen minute room temperature incubation, 10 Î¼L of protein phosphatase PP2A was added to the plate to dephosphorylate pThr172 of AMPK. After incubation for 90 minutes, 10 μL of substrate mixture containing 41 nM okadaic acid, 82 μM SAMS peptide, 82 μM ATP and tracer amounts (6.8 nM) of 33P-containing ATP was added to the plate. The reaction was terminated after 60 minutes incubation at room temperature by the addition of 15 μL of 2% H3PO4. Subsequently, 45 μl of reaction mix was transferred to 384 well Millipore MZPH filter plates (MZPHNO50) pre-treated with 25 μL of 2% H3PO4 and the plates were washed three times with assay buffer. 20 μL of Ready Safe scintillation fluid was added to dried plates followed by detection on the Trilux detector.";"B";"BAO_0000223";"protein complex format";"Homo sapiens";"None";"None";"None";"None";"";"";"";"CHEMBL2096907";"AMP-activated protein kinase, AMPK";"Homo sapiens";"PROTEIN COMPLEX GROUP";"CHEMBL3886819";"37";"BindingDB Patent Bioactivity Data";"";"2016";"None";"";"";"";"57.7"
"CHEMBL3922534";"";"None";"321.38";"0";"4.21";"BDBM237954";"Cc1cc2[nH]cc(C(=O)O)c2cc1-c1ccc(C2(O)CCC2)cc1";"EC50";"'='";"74.2";"nM";"7.13";"";"415055";"UO_0000065";"22.18";"0.41";"2.92";"9.72";"0";"CHEMBL3888750";"33P-Based Assay: The biochemical EC50 (half-maximal concentration required for full activation) of compounds for the activation of AMPK was evaluated by 33P-based assay using SAMS peptide (commercially available) derived from ACC-1. Twenty Î¼l of phosphorylated AMPK diluted in assay buffer, (50 mM HEPES, 1 mM EGTA, 10 mM MgCl2, 0.25 mM DTT, 0.01% Tween-20, 0.01% BSA (pH 7.5)) was added to 384 well plates containing 1 μL of test compound. Following a fifteen minute room temperature incubation, 10 Î¼L of protein phosphatase PP2A was added to the plate to dephosphorylate pThr172 of AMPK. After incubation for 90 minutes, 10 μL of substrate mixture containing 41 nM okadaic acid, 82 μM SAMS peptide, 82 μM ATP and tracer amounts (6.8 nM) of 33P-containing ATP was added to the plate. The reaction was terminated after 60 minutes incubation at room temperature by the addition of 15 μL of 2% H3PO4. Subsequently, 45 μl of reaction mix was transferred to 384 well Millipore MZPH filter plates (MZPHNO50) pre-treated with 25 μL of 2% H3PO4 and the plates were washed three times with assay buffer. 20 μL of Ready Safe scintillation fluid was added to dried plates followed by detection on the Trilux detector.";"B";"BAO_0000223";"protein complex format";"Homo sapiens";"None";"None";"None";"None";"";"";"";"CHEMBL2096907";"AMP-activated protein kinase, AMPK";"Homo sapiens";"PROTEIN COMPLEX GROUP";"CHEMBL3886819";"37";"BindingDB Patent Bioactivity Data";"";"2016";"None";"";"";"";"74.2"
"CHEMBL3975968";"";"None";"370.84";"0";"4.32";"BDBM237965";"O=C(O)c1c[nH]c2cc(Cl)c(-c3ccc(OC[C@@H]4CCCN4)cc3)cc12";"EC50";"'='";"65.3";"nM";"7.18";"";"415066";"UO_0000065";"19.38";"0.38";"2.87";"9.66";"0";"CHEMBL3888750";"33P-Based Assay: The biochemical EC50 (half-maximal concentration required for full activation) of compounds for the activation of AMPK was evaluated by 33P-based assay using SAMS peptide (commercially available) derived from ACC-1. Twenty Î¼l of phosphorylated AMPK diluted in assay buffer, (50 mM HEPES, 1 mM EGTA, 10 mM MgCl2, 0.25 mM DTT, 0.01% Tween-20, 0.01% BSA (pH 7.5)) was added to 384 well plates containing 1 μL of test compound. Following a fifteen minute room temperature incubation, 10 Î¼L of protein phosphatase PP2A was added to the plate to dephosphorylate pThr172 of AMPK. After incubation for 90 minutes, 10 μL of substrate mixture containing 41 nM okadaic acid, 82 μM SAMS peptide, 82 μM ATP and tracer amounts (6.8 nM) of 33P-containing ATP was added to the plate. The reaction was terminated after 60 minutes incubation at room temperature by the addition of 15 μL of 2% H3PO4. Subsequently, 45 μl of reaction mix was transferred to 384 well Millipore MZPH filter plates (MZPHNO50) pre-treated with 25 μL of 2% H3PO4 and the plates were washed three times with assay buffer. 20 μL of Ready Safe scintillation fluid was added to dried plates followed by detection on the Trilux detector.";"B";"BAO_0000223";"protein complex format";"Homo sapiens";"None";"None";"None";"None";"";"";"";"CHEMBL2096907";"AMP-activated protein kinase, AMPK";"Homo sapiens";"PROTEIN COMPLEX GROUP";"CHEMBL3886819";"37";"BindingDB Patent Bioactivity Data";"";"2016";"None";"";"";"";"65.3"
"CHEMBL3937304";"";"None";"373.79";"0";"3.41";"BDBM237979";"COc1cc(C2(O)COC2)ccc1-c1cc2c(C(=O)O)c[nH]c2cc1Cl";"EC50";"'='";"33.3";"nM";"7.48";"";"415080";"UO_0000065";"20.00";"0.39";"4.07";"8.15";"0";"CHEMBL3888750";"33P-Based Assay: The biochemical EC50 (half-maximal concentration required for full activation) of compounds for the activation of AMPK was evaluated by 33P-based assay using SAMS peptide (commercially available) derived from ACC-1. Twenty Î¼l of phosphorylated AMPK diluted in assay buffer, (50 mM HEPES, 1 mM EGTA, 10 mM MgCl2, 0.25 mM DTT, 0.01% Tween-20, 0.01% BSA (pH 7.5)) was added to 384 well plates containing 1 μL of test compound. Following a fifteen minute room temperature incubation, 10 Î¼L of protein phosphatase PP2A was added to the plate to dephosphorylate pThr172 of AMPK. After incubation for 90 minutes, 10 μL of substrate mixture containing 41 nM okadaic acid, 82 μM SAMS peptide, 82 μM ATP and tracer amounts (6.8 nM) of 33P-containing ATP was added to the plate. The reaction was terminated after 60 minutes incubation at room temperature by the addition of 15 μL of 2% H3PO4. Subsequently, 45 μl of reaction mix was transferred to 384 well Millipore MZPH filter plates (MZPHNO50) pre-treated with 25 μL of 2% H3PO4 and the plates were washed three times with assay buffer. 20 μL of Ready Safe scintillation fluid was added to dried plates followed by detection on the Trilux detector.";"B";"BAO_0000223";"protein complex format";"Homo sapiens";"None";"None";"None";"None";"";"";"";"CHEMBL2096907";"AMP-activated protein kinase, AMPK";"Homo sapiens";"PROTEIN COMPLEX GROUP";"CHEMBL3886819";"37";"BindingDB Patent Bioactivity Data";"";"2016";"None";"";"";"";"33.3"
"CHEMBL3970578";"";"None";"354.84";"1";"5.63";"BDBM238024";"O=C(O)c1n[nH]c2cc(Cl)c(-c3ccc(C4CCCCC4)cc3)cc12";"EC50";"'='";"205.8";"nM";"6.69";"";"415125";"UO_0000065";"18.84";"0.37";"1.06";"10.13";"0";"CHEMBL3888750";"33P-Based Assay: The biochemical EC50 (half-maximal concentration required for full activation) of compounds for the activation of AMPK was evaluated by 33P-based assay using SAMS peptide (commercially available) derived from ACC-1. Twenty Î¼l of phosphorylated AMPK diluted in assay buffer, (50 mM HEPES, 1 mM EGTA, 10 mM MgCl2, 0.25 mM DTT, 0.01% Tween-20, 0.01% BSA (pH 7.5)) was added to 384 well plates containing 1 μL of test compound. Following a fifteen minute room temperature incubation, 10 Î¼L of protein phosphatase PP2A was added to the plate to dephosphorylate pThr172 of AMPK. After incubation for 90 minutes, 10 μL of substrate mixture containing 41 nM okadaic acid, 82 μM SAMS peptide, 82 μM ATP and tracer amounts (6.8 nM) of 33P-containing ATP was added to the plate. The reaction was terminated after 60 minutes incubation at room temperature by the addition of 15 μL of 2% H3PO4. Subsequently, 45 μl of reaction mix was transferred to 384 well Millipore MZPH filter plates (MZPHNO50) pre-treated with 25 μL of 2% H3PO4 and the plates were washed three times with assay buffer. 20 μL of Ready Safe scintillation fluid was added to dried plates followed by detection on the Trilux detector.";"B";"BAO_0000223";"protein complex format";"Homo sapiens";"None";"None";"None";"None";"";"";"";"CHEMBL2096907";"AMP-activated protein kinase, AMPK";"Homo sapiens";"PROTEIN COMPLEX GROUP";"CHEMBL3886819";"37";"BindingDB Patent Bioactivity Data";"";"2016";"None";"";"";"";"205.8"
"CHEMBL3976646";"";"None";"344.80";"0";"3.85";"BDBM238029";"CC(C)(CO)c1ccc(-c2cc3c(C(=O)O)n[nH]c3cc2Cl)cc1";"EC50";"'='";"27.0";"nM";"7.57";"";"415130";"UO_0000065";"21.95";"0.43";"3.72";"8.78";"0";"CHEMBL3888750";"33P-Based Assay: The biochemical EC50 (half-maximal concentration required for full activation) of compounds for the activation of AMPK was evaluated by 33P-based assay using SAMS peptide (commercially available) derived from ACC-1. Twenty Î¼l of phosphorylated AMPK diluted in assay buffer, (50 mM HEPES, 1 mM EGTA, 10 mM MgCl2, 0.25 mM DTT, 0.01% Tween-20, 0.01% BSA (pH 7.5)) was added to 384 well plates containing 1 μL of test compound. Following a fifteen minute room temperature incubation, 10 Î¼L of protein phosphatase PP2A was added to the plate to dephosphorylate pThr172 of AMPK. After incubation for 90 minutes, 10 μL of substrate mixture containing 41 nM okadaic acid, 82 μM SAMS peptide, 82 μM ATP and tracer amounts (6.8 nM) of 33P-containing ATP was added to the plate. The reaction was terminated after 60 minutes incubation at room temperature by the addition of 15 μL of 2% H3PO4. Subsequently, 45 μl of reaction mix was transferred to 384 well Millipore MZPH filter plates (MZPHNO50) pre-treated with 25 μL of 2% H3PO4 and the plates were washed three times with assay buffer. 20 μL of Ready Safe scintillation fluid was added to dried plates followed by detection on the Trilux detector.";"B";"BAO_0000223";"protein complex format";"Homo sapiens";"None";"None";"None";"None";"";"";"";"CHEMBL2096907";"AMP-activated protein kinase, AMPK";"Homo sapiens";"PROTEIN COMPLEX GROUP";"CHEMBL3886819";"37";"BindingDB Patent Bioactivity Data";"";"2016";"None";"";"";"";"27.0"
"CHEMBL5179319";"";"None";"551.69";"1";"4.45";"26";"COc1ccc(CC2CCN(C(=O)c3ccc(C(=O)NC4CCN(Cc5ccc(C#N)cc5)CC4)nc3)CC2)cc1";"EC50";"'='";"1.0";"nM";"9.00";"";"";"UO_0000065";"16.31";"0.30";"4.55";"9.13";"0";"CHEMBL5110776";"Activation of AMPK in human HepG2 cells assessed as increase in ACC phosphorylation at Ser79 incubated for 1 hr";"B";"BAO_0000219";"cell-based format";"Homo sapiens";"None";"None";"HepG2";"None";"";"";"";"CHEMBL2096907";"AMP-activated protein kinase, AMPK";"Homo sapiens";"PROTEIN COMPLEX GROUP";"CHEMBL5108030";"1";"Scientific Literature";"Bioorg Med Chem";"2022";"None";"TIME = 1.0 hr";"ACTIVATOR";"";"1.0"
"CHEMBL4110199";"";"None";"596.11";"1";"4.59";"BDBM240770";"CS(=O)(=Nc1ccc(-c2ccc(-c3nc4[nH]c(O[C@@H]5CO[C@H]6[C@@H]5OC[C@H]6O)nc4cc3Cl)cc2)cc1)N1CCCC1";"EC50";"'='";"54.0";"nM";"7.27";"";"420101";"UO_0000065";"12.19";"0.24";"2.68";"5.95";"0";"CHEMBL3888860";"Activation Assay: In the 384-well plates 1.25 μl of test compound in assay buffer was mixed with 1.25 μl of AMPK and 1.25 μl of the peptide (final concentration of 1 μM) and 1.25 μl of ATP (final concentration of 30 μM), both dissolved in assay buffer. This step was followed by an incubation time of 60 min. Then 5 μl of ADP Glo Reagent was added. This was followed by 40 min of incubation. Then 10 μl of Kinase Detection Reagent was admixed. The plates were sealed and after an incubation period of 30 min, the luminescence signal was measured in an Envision reader. All incubation steps were accomplished at room temperature. Assay buffer: 20 mM HEPES pH 7.0, 0.025% BSA, 15 mM MgCl2, 0.01% Brij.";"B";"BAO_0000223";"protein complex format";"Homo sapiens";"None";"None";"None";"None";"";"";"";"CHEMBL2096907";"AMP-activated protein kinase, AMPK";"Homo sapiens";"PROTEIN COMPLEX GROUP";"CHEMBL3886866";"37";"BindingDB Patent Bioactivity Data";"";"2016";"None";"";"";"";"54.0"
"CHEMBL4108349";"";"None";"556.04";"1";"3.44";"BDBM240781";"CN=S(=O)(NC)c1ccc(-c2ccc(-c3nc4[nH]c(O[C@@H]5CO[C@H]6[C@@H]5OC[C@H]6O)nc4cc3Cl)cc2)cc1";"EC50";"'='";"67.0";"nM";"7.17";"";"420113";"UO_0000065";"12.90";"0.26";"3.73";"5.48";"0";"CHEMBL3888860";"Activation Assay: In the 384-well plates 1.25 μl of test compound in assay buffer was mixed with 1.25 μl of AMPK and 1.25 μl of the peptide (final concentration of 1 μM) and 1.25 μl of ATP (final concentration of 30 μM), both dissolved in assay buffer. This step was followed by an incubation time of 60 min. Then 5 μl of ADP Glo Reagent was added. This was followed by 40 min of incubation. Then 10 μl of Kinase Detection Reagent was admixed. The plates were sealed and after an incubation period of 30 min, the luminescence signal was measured in an Envision reader. All incubation steps were accomplished at room temperature. Assay buffer: 20 mM HEPES pH 7.0, 0.025% BSA, 15 mM MgCl2, 0.01% Brij.";"B";"BAO_0000223";"protein complex format";"Homo sapiens";"None";"None";"None";"None";"";"";"";"CHEMBL2096907";"AMP-activated protein kinase, AMPK";"Homo sapiens";"PROTEIN COMPLEX GROUP";"CHEMBL3886866";"37";"BindingDB Patent Bioactivity Data";"";"2016";"None";"";"";"";"67.0"
"CHEMBL3942768";"";"None";"316.74";"0";"3.98";"BDBM238013";"CCOc1ccc(-c2cc3c(C(=O)O)n[nH]c3cc2Cl)cc1";"EC50";"'='";"38.5";"nM";"7.42";"";"415114";"UO_0000065";"23.41";"0.46";"3.43";"9.86";"0";"CHEMBL3888750";"33P-Based Assay: The biochemical EC50 (half-maximal concentration required for full activation) of compounds for the activation of AMPK was evaluated by 33P-based assay using SAMS peptide (commercially available) derived from ACC-1. Twenty Î¼l of phosphorylated AMPK diluted in assay buffer, (50 mM HEPES, 1 mM EGTA, 10 mM MgCl2, 0.25 mM DTT, 0.01% Tween-20, 0.01% BSA (pH 7.5)) was added to 384 well plates containing 1 μL of test compound. Following a fifteen minute room temperature incubation, 10 Î¼L of protein phosphatase PP2A was added to the plate to dephosphorylate pThr172 of AMPK. After incubation for 90 minutes, 10 μL of substrate mixture containing 41 nM okadaic acid, 82 μM SAMS peptide, 82 μM ATP and tracer amounts (6.8 nM) of 33P-containing ATP was added to the plate. The reaction was terminated after 60 minutes incubation at room temperature by the addition of 15 μL of 2% H3PO4. Subsequently, 45 μl of reaction mix was transferred to 384 well Millipore MZPH filter plates (MZPHNO50) pre-treated with 25 μL of 2% H3PO4 and the plates were washed three times with assay buffer. 20 μL of Ready Safe scintillation fluid was added to dried plates followed by detection on the Trilux detector.";"B";"BAO_0000223";"protein complex format";"Homo sapiens";"None";"None";"None";"None";"";"";"";"CHEMBL2096907";"AMP-activated protein kinase, AMPK";"Homo sapiens";"PROTEIN COMPLEX GROUP";"CHEMBL3886819";"37";"BindingDB Patent Bioactivity Data";"";"2016";"None";"";"";"";"38.5"
"CHEMBL3923669";"";"None";"364.79";"0";"4.95";"BDBM238015";"O=C(O)c1n[nH]c2cc(Cl)c(-c3ccc(-c4ccccc4O)cc3)cc12";"EC50";"'='";"1.8";"nM";"8.74";"";"415116";"UO_0000065";"23.97";"0.46";"3.79";"10.14";"0";"CHEMBL3888750";"33P-Based Assay: The biochemical EC50 (half-maximal concentration required for full activation) of compounds for the activation of AMPK was evaluated by 33P-based assay using SAMS peptide (commercially available) derived from ACC-1. Twenty Î¼l of phosphorylated AMPK diluted in assay buffer, (50 mM HEPES, 1 mM EGTA, 10 mM MgCl2, 0.25 mM DTT, 0.01% Tween-20, 0.01% BSA (pH 7.5)) was added to 384 well plates containing 1 μL of test compound. Following a fifteen minute room temperature incubation, 10 Î¼L of protein phosphatase PP2A was added to the plate to dephosphorylate pThr172 of AMPK. After incubation for 90 minutes, 10 μL of substrate mixture containing 41 nM okadaic acid, 82 μM SAMS peptide, 82 μM ATP and tracer amounts (6.8 nM) of 33P-containing ATP was added to the plate. The reaction was terminated after 60 minutes incubation at room temperature by the addition of 15 μL of 2% H3PO4. Subsequently, 45 μl of reaction mix was transferred to 384 well Millipore MZPH filter plates (MZPHNO50) pre-treated with 25 μL of 2% H3PO4 and the plates were washed three times with assay buffer. 20 μL of Ready Safe scintillation fluid was added to dried plates followed by detection on the Trilux detector.";"B";"BAO_0000223";"protein complex format";"Homo sapiens";"None";"None";"None";"None";"";"";"";"CHEMBL2096907";"AMP-activated protein kinase, AMPK";"Homo sapiens";"PROTEIN COMPLEX GROUP";"CHEMBL3886819";"37";"BindingDB Patent Bioactivity Data";"";"2016";"None";"";"";"";"1.8"
"CHEMBL3978737";"";"None";"314.73";"0";"3.52";"BDBM238027";"O=C(O)c1n[nH]c2cc(Cl)c(-c3ccc4c(c3)CCO4)cc12";"EC50";"'='";"344.5";"nM";"6.46";"";"415128";"UO_0000065";"20.53";"0.40";"2.94";"8.59";"0";"CHEMBL3888750";"33P-Based Assay: The biochemical EC50 (half-maximal concentration required for full activation) of compounds for the activation of AMPK was evaluated by 33P-based assay using SAMS peptide (commercially available) derived from ACC-1. Twenty Î¼l of phosphorylated AMPK diluted in assay buffer, (50 mM HEPES, 1 mM EGTA, 10 mM MgCl2, 0.25 mM DTT, 0.01% Tween-20, 0.01% BSA (pH 7.5)) was added to 384 well plates containing 1 μL of test compound. Following a fifteen minute room temperature incubation, 10 Î¼L of protein phosphatase PP2A was added to the plate to dephosphorylate pThr172 of AMPK. After incubation for 90 minutes, 10 μL of substrate mixture containing 41 nM okadaic acid, 82 μM SAMS peptide, 82 μM ATP and tracer amounts (6.8 nM) of 33P-containing ATP was added to the plate. The reaction was terminated after 60 minutes incubation at room temperature by the addition of 15 μL of 2% H3PO4. Subsequently, 45 μl of reaction mix was transferred to 384 well Millipore MZPH filter plates (MZPHNO50) pre-treated with 25 μL of 2% H3PO4 and the plates were washed three times with assay buffer. 20 μL of Ready Safe scintillation fluid was added to dried plates followed by detection on the Trilux detector.";"B";"BAO_0000223";"protein complex format";"Homo sapiens";"None";"None";"None";"None";"";"";"";"CHEMBL2096907";"AMP-activated protein kinase, AMPK";"Homo sapiens";"PROTEIN COMPLEX GROUP";"CHEMBL3886819";"37";"BindingDB Patent Bioactivity Data";"";"2016";"None";"";"";"";"344.5"
"CHEMBL3949321";"";"None";"313.78";"1";"5.31";"BDBM238070";"CC(C)c1ccc(-c2cc3c(C(=O)O)c[nH]c3cc2Cl)cc1";"EC50";"'='";"192.0";"nM";"6.72";"";"415174";"UO_0000065";"21.41";"0.42";"1.41";"12.65";"0";"CHEMBL3888750";"33P-Based Assay: The biochemical EC50 (half-maximal concentration required for full activation) of compounds for the activation of AMPK was evaluated by 33P-based assay using SAMS peptide (commercially available) derived from ACC-1. Twenty Î¼l of phosphorylated AMPK diluted in assay buffer, (50 mM HEPES, 1 mM EGTA, 10 mM MgCl2, 0.25 mM DTT, 0.01% Tween-20, 0.01% BSA (pH 7.5)) was added to 384 well plates containing 1 μL of test compound. Following a fifteen minute room temperature incubation, 10 Î¼L of protein phosphatase PP2A was added to the plate to dephosphorylate pThr172 of AMPK. After incubation for 90 minutes, 10 μL of substrate mixture containing 41 nM okadaic acid, 82 μM SAMS peptide, 82 μM ATP and tracer amounts (6.8 nM) of 33P-containing ATP was added to the plate. The reaction was terminated after 60 minutes incubation at room temperature by the addition of 15 μL of 2% H3PO4. Subsequently, 45 μl of reaction mix was transferred to 384 well Millipore MZPH filter plates (MZPHNO50) pre-treated with 25 μL of 2% H3PO4 and the plates were washed three times with assay buffer. 20 μL of Ready Safe scintillation fluid was added to dried plates followed by detection on the Trilux detector.";"B";"BAO_0000223";"protein complex format";"Homo sapiens";"None";"None";"None";"None";"";"";"";"CHEMBL2096907";"AMP-activated protein kinase, AMPK";"Homo sapiens";"PROTEIN COMPLEX GROUP";"CHEMBL3886819";"37";"BindingDB Patent Bioactivity Data";"";"2016";"None";"";"";"";"192.0"
"CHEMBL3956640";"";"None";"375.81";"0";"3.96";"BDBM237976";"COc1cc(-c2cc3c(C(=O)O)c[nH]c3cc2Cl)ccc1OCCCO";"EC50";"'='";"133.0";"nM";"6.88";"";"415077";"UO_0000065";"18.30";"0.36";"2.92";"7.49";"0";"CHEMBL3888750";"33P-Based Assay: The biochemical EC50 (half-maximal concentration required for full activation) of compounds for the activation of AMPK was evaluated by 33P-based assay using SAMS peptide (commercially available) derived from ACC-1. Twenty Î¼l of phosphorylated AMPK diluted in assay buffer, (50 mM HEPES, 1 mM EGTA, 10 mM MgCl2, 0.25 mM DTT, 0.01% Tween-20, 0.01% BSA (pH 7.5)) was added to 384 well plates containing 1 μL of test compound. Following a fifteen minute room temperature incubation, 10 Î¼L of protein phosphatase PP2A was added to the plate to dephosphorylate pThr172 of AMPK. After incubation for 90 minutes, 10 μL of substrate mixture containing 41 nM okadaic acid, 82 μM SAMS peptide, 82 μM ATP and tracer amounts (6.8 nM) of 33P-containing ATP was added to the plate. The reaction was terminated after 60 minutes incubation at room temperature by the addition of 15 μL of 2% H3PO4. Subsequently, 45 μl of reaction mix was transferred to 384 well Millipore MZPH filter plates (MZPHNO50) pre-treated with 25 μL of 2% H3PO4 and the plates were washed three times with assay buffer. 20 μL of Ready Safe scintillation fluid was added to dried plates followed by detection on the Trilux detector.";"B";"BAO_0000223";"protein complex format";"Homo sapiens";"None";"None";"None";"None";"";"";"";"CHEMBL2096907";"AMP-activated protein kinase, AMPK";"Homo sapiens";"PROTEIN COMPLEX GROUP";"CHEMBL3886819";"37";"BindingDB Patent Bioactivity Data";"";"2016";"None";"";"";"";"133.0"
"CHEMBL4107956";"";"None";"343.33";"0";"4.66";"BDBM238062";"O=C(O)c1c[nH]c2cc(F)c(-c3ccc([C@H]4CCCO4)cc3)c(F)c12";"EC50";"'='";"16.75";"nM";"7.78";"";"415164";"UO_0000065";"22.65";"0.42";"3.12";"12.48";"0";"CHEMBL3888750";"33P-Based Assay: The biochemical EC50 (half-maximal concentration required for full activation) of compounds for the activation of AMPK was evaluated by 33P-based assay using SAMS peptide (commercially available) derived from ACC-1. Twenty Î¼l of phosphorylated AMPK diluted in assay buffer, (50 mM HEPES, 1 mM EGTA, 10 mM MgCl2, 0.25 mM DTT, 0.01% Tween-20, 0.01% BSA (pH 7.5)) was added to 384 well plates containing 1 μL of test compound. Following a fifteen minute room temperature incubation, 10 Î¼L of protein phosphatase PP2A was added to the plate to dephosphorylate pThr172 of AMPK. After incubation for 90 minutes, 10 μL of substrate mixture containing 41 nM okadaic acid, 82 μM SAMS peptide, 82 μM ATP and tracer amounts (6.8 nM) of 33P-containing ATP was added to the plate. The reaction was terminated after 60 minutes incubation at room temperature by the addition of 15 μL of 2% H3PO4. Subsequently, 45 μl of reaction mix was transferred to 384 well Millipore MZPH filter plates (MZPHNO50) pre-treated with 25 μL of 2% H3PO4 and the plates were washed three times with assay buffer. 20 μL of Ready Safe scintillation fluid was added to dried plates followed by detection on the Trilux detector.";"B";"BAO_0000223";"protein complex format";"Homo sapiens";"None";"None";"None";"None";"";"";"";"CHEMBL2096907";"AMP-activated protein kinase, AMPK";"Homo sapiens";"PROTEIN COMPLEX GROUP";"CHEMBL3886819";"37";"BindingDB Patent Bioactivity Data";"";"2016";"None";"";"";"";"16.75"
"CHEMBL3913606";"";"None";"339.37";"0";"4.91";"BDBM238078";"O=C(O)c1c[nH]c2cc(F)c(-c3ccc(C4CCCCO4)cc3)cc12";"EC50";"'='";"10.96";"nM";"7.96";"";"415185";"UO_0000065";"23.46";"0.43";"3.05";"12.77";"0";"CHEMBL3888750";"33P-Based Assay: The biochemical EC50 (half-maximal concentration required for full activation) of compounds for the activation of AMPK was evaluated by 33P-based assay using SAMS peptide (commercially available) derived from ACC-1. Twenty Î¼l of phosphorylated AMPK diluted in assay buffer, (50 mM HEPES, 1 mM EGTA, 10 mM MgCl2, 0.25 mM DTT, 0.01% Tween-20, 0.01% BSA (pH 7.5)) was added to 384 well plates containing 1 μL of test compound. Following a fifteen minute room temperature incubation, 10 Î¼L of protein phosphatase PP2A was added to the plate to dephosphorylate pThr172 of AMPK. After incubation for 90 minutes, 10 μL of substrate mixture containing 41 nM okadaic acid, 82 μM SAMS peptide, 82 μM ATP and tracer amounts (6.8 nM) of 33P-containing ATP was added to the plate. The reaction was terminated after 60 minutes incubation at room temperature by the addition of 15 μL of 2% H3PO4. Subsequently, 45 μl of reaction mix was transferred to 384 well Millipore MZPH filter plates (MZPHNO50) pre-treated with 25 μL of 2% H3PO4 and the plates were washed three times with assay buffer. 20 μL of Ready Safe scintillation fluid was added to dried plates followed by detection on the Trilux detector.";"B";"BAO_0000223";"protein complex format";"Homo sapiens";"None";"None";"None";"None";"";"";"";"CHEMBL2096907";"AMP-activated protein kinase, AMPK";"Homo sapiens";"PROTEIN COMPLEX GROUP";"CHEMBL3886819";"37";"BindingDB Patent Bioactivity Data";"";"2016";"None";"";"";"";"10.96"
"CHEMBL3979636";"";"None";"408.25";"1";"5.67";"BDBM237985";"O=C(O)c1c[nH]c2cc(Br)c(-c3ccc(-c4ccccc4O)cc3)cc12";"EC50";"'='";"4.3";"nM";"8.37";"";"415086";"UO_0000065";"20.49";"0.44";"2.70";"11.41";"0";"CHEMBL3888750";"33P-Based Assay: The biochemical EC50 (half-maximal concentration required for full activation) of compounds for the activation of AMPK was evaluated by 33P-based assay using SAMS peptide (commercially available) derived from ACC-1. Twenty Î¼l of phosphorylated AMPK diluted in assay buffer, (50 mM HEPES, 1 mM EGTA, 10 mM MgCl2, 0.25 mM DTT, 0.01% Tween-20, 0.01% BSA (pH 7.5)) was added to 384 well plates containing 1 μL of test compound. Following a fifteen minute room temperature incubation, 10 Î¼L of protein phosphatase PP2A was added to the plate to dephosphorylate pThr172 of AMPK. After incubation for 90 minutes, 10 μL of substrate mixture containing 41 nM okadaic acid, 82 μM SAMS peptide, 82 μM ATP and tracer amounts (6.8 nM) of 33P-containing ATP was added to the plate. The reaction was terminated after 60 minutes incubation at room temperature by the addition of 15 μL of 2% H3PO4. Subsequently, 45 μl of reaction mix was transferred to 384 well Millipore MZPH filter plates (MZPHNO50) pre-treated with 25 μL of 2% H3PO4 and the plates were washed three times with assay buffer. 20 μL of Ready Safe scintillation fluid was added to dried plates followed by detection on the Trilux detector.";"B";"BAO_0000223";"protein complex format";"Homo sapiens";"None";"None";"None";"None";"";"";"";"CHEMBL2096907";"AMP-activated protein kinase, AMPK";"Homo sapiens";"PROTEIN COMPLEX GROUP";"CHEMBL3886819";"37";"BindingDB Patent Bioactivity Data";"";"2016";"None";"";"";"";"4.3"
"CHEMBL3934606";"";"None";"369.80";"0";"4.69";"BDBM237995";"O=C(O)c1c[nH]c2cc(Cl)c(-c3ccc(C4(C(=O)O)CCC4)cc3)cc12";"EC50";"'='";"1995.0";"nM";"5.70";"";"415096";"UO_0000065";"15.41";"0.30";"1.01";"6.31";"0";"CHEMBL3888750";"33P-Based Assay: The biochemical EC50 (half-maximal concentration required for full activation) of compounds for the activation of AMPK was evaluated by 33P-based assay using SAMS peptide (commercially available) derived from ACC-1. Twenty Î¼l of phosphorylated AMPK diluted in assay buffer, (50 mM HEPES, 1 mM EGTA, 10 mM MgCl2, 0.25 mM DTT, 0.01% Tween-20, 0.01% BSA (pH 7.5)) was added to 384 well plates containing 1 μL of test compound. Following a fifteen minute room temperature incubation, 10 Î¼L of protein phosphatase PP2A was added to the plate to dephosphorylate pThr172 of AMPK. After incubation for 90 minutes, 10 μL of substrate mixture containing 41 nM okadaic acid, 82 μM SAMS peptide, 82 μM ATP and tracer amounts (6.8 nM) of 33P-containing ATP was added to the plate. The reaction was terminated after 60 minutes incubation at room temperature by the addition of 15 μL of 2% H3PO4. Subsequently, 45 μl of reaction mix was transferred to 384 well Millipore MZPH filter plates (MZPHNO50) pre-treated with 25 μL of 2% H3PO4 and the plates were washed three times with assay buffer. 20 μL of Ready Safe scintillation fluid was added to dried plates followed by detection on the Trilux detector.";"B";"BAO_0000223";"protein complex format";"Homo sapiens";"None";"None";"None";"None";"";"";"";"CHEMBL2096907";"AMP-activated protein kinase, AMPK";"Homo sapiens";"PROTEIN COMPLEX GROUP";"CHEMBL3886819";"37";"BindingDB Patent Bioactivity Data";"";"2016";"None";"";"";"";"1995.0"
"CHEMBL3973071";"";"None";"372.81";"0";"2.79";"BDBM237996";"O=C1COC(c2ccc(-c3cc4c(cc3Cl)NCC4C(=O)O)cc2)CN1";"EC50";"'='";"103.9";"nM";"6.98";"";"415097";"UO_0000065";"18.73";"0.37";"4.19";"7.97";"0";"CHEMBL3888750";"33P-Based Assay: The biochemical EC50 (half-maximal concentration required for full activation) of compounds for the activation of AMPK was evaluated by 33P-based assay using SAMS peptide (commercially available) derived from ACC-1. Twenty Î¼l of phosphorylated AMPK diluted in assay buffer, (50 mM HEPES, 1 mM EGTA, 10 mM MgCl2, 0.25 mM DTT, 0.01% Tween-20, 0.01% BSA (pH 7.5)) was added to 384 well plates containing 1 μL of test compound. Following a fifteen minute room temperature incubation, 10 Î¼L of protein phosphatase PP2A was added to the plate to dephosphorylate pThr172 of AMPK. After incubation for 90 minutes, 10 μL of substrate mixture containing 41 nM okadaic acid, 82 μM SAMS peptide, 82 μM ATP and tracer amounts (6.8 nM) of 33P-containing ATP was added to the plate. The reaction was terminated after 60 minutes incubation at room temperature by the addition of 15 μL of 2% H3PO4. Subsequently, 45 μl of reaction mix was transferred to 384 well Millipore MZPH filter plates (MZPHNO50) pre-treated with 25 μL of 2% H3PO4 and the plates were washed three times with assay buffer. 20 μL of Ready Safe scintillation fluid was added to dried plates followed by detection on the Trilux detector.";"B";"BAO_0000223";"protein complex format";"Homo sapiens";"None";"None";"None";"None";"";"";"";"CHEMBL2096907";"AMP-activated protein kinase, AMPK";"Homo sapiens";"PROTEIN COMPLEX GROUP";"CHEMBL3886819";"37";"BindingDB Patent Bioactivity Data";"";"2016";"None";"";"";"";"103.9"
"CHEMBL3957267";"";"None";"340.81";"0";"4.61";"BDBM238000";"O=C(O)c1c[nH]c2cc(Cl)c(-c3ccc(C4CCCN4)cc3)cc12";"EC50";"'='";"819.0";"nM";"6.09";"";"415101";"UO_0000065";"17.86";"0.35";"1.48";"9.35";"0";"CHEMBL3888750";"33P-Based Assay: The biochemical EC50 (half-maximal concentration required for full activation) of compounds for the activation of AMPK was evaluated by 33P-based assay using SAMS peptide (commercially available) derived from ACC-1. Twenty Î¼l of phosphorylated AMPK diluted in assay buffer, (50 mM HEPES, 1 mM EGTA, 10 mM MgCl2, 0.25 mM DTT, 0.01% Tween-20, 0.01% BSA (pH 7.5)) was added to 384 well plates containing 1 μL of test compound. Following a fifteen minute room temperature incubation, 10 Î¼L of protein phosphatase PP2A was added to the plate to dephosphorylate pThr172 of AMPK. After incubation for 90 minutes, 10 μL of substrate mixture containing 41 nM okadaic acid, 82 μM SAMS peptide, 82 μM ATP and tracer amounts (6.8 nM) of 33P-containing ATP was added to the plate. The reaction was terminated after 60 minutes incubation at room temperature by the addition of 15 μL of 2% H3PO4. Subsequently, 45 μl of reaction mix was transferred to 384 well Millipore MZPH filter plates (MZPHNO50) pre-treated with 25 μL of 2% H3PO4 and the plates were washed three times with assay buffer. 20 μL of Ready Safe scintillation fluid was added to dried plates followed by detection on the Trilux detector.";"B";"BAO_0000223";"protein complex format";"Homo sapiens";"None";"None";"None";"None";"";"";"";"CHEMBL2096907";"AMP-activated protein kinase, AMPK";"Homo sapiens";"PROTEIN COMPLEX GROUP";"CHEMBL3886819";"37";"BindingDB Patent Bioactivity Data";"";"2016";"None";"";"";"";"819.0"
"CHEMBL3951995";"";"None";"349.75";"0";"3.70";"BDBM238002";"O=C(O)c1c[nH]c2cc(Cl)c(-c3ccc(OCCO)cc3F)cc12";"EC50";"'='";"99.2";"nM";"7.00";"";"415103";"UO_0000065";"20.02";"0.40";"3.30";"8.48";"0";"CHEMBL3888750";"33P-Based Assay: The biochemical EC50 (half-maximal concentration required for full activation) of compounds for the activation of AMPK was evaluated by 33P-based assay using SAMS peptide (commercially available) derived from ACC-1. Twenty Î¼l of phosphorylated AMPK diluted in assay buffer, (50 mM HEPES, 1 mM EGTA, 10 mM MgCl2, 0.25 mM DTT, 0.01% Tween-20, 0.01% BSA (pH 7.5)) was added to 384 well plates containing 1 μL of test compound. Following a fifteen minute room temperature incubation, 10 Î¼L of protein phosphatase PP2A was added to the plate to dephosphorylate pThr172 of AMPK. After incubation for 90 minutes, 10 μL of substrate mixture containing 41 nM okadaic acid, 82 μM SAMS peptide, 82 μM ATP and tracer amounts (6.8 nM) of 33P-containing ATP was added to the plate. The reaction was terminated after 60 minutes incubation at room temperature by the addition of 15 μL of 2% H3PO4. Subsequently, 45 μl of reaction mix was transferred to 384 well Millipore MZPH filter plates (MZPHNO50) pre-treated with 25 μL of 2% H3PO4 and the plates were washed three times with assay buffer. 20 μL of Ready Safe scintillation fluid was added to dried plates followed by detection on the Trilux detector.";"B";"BAO_0000223";"protein complex format";"Homo sapiens";"None";"None";"None";"None";"";"";"";"CHEMBL2096907";"AMP-activated protein kinase, AMPK";"Homo sapiens";"PROTEIN COMPLEX GROUP";"CHEMBL3886819";"37";"BindingDB Patent Bioactivity Data";"";"2016";"None";"";"";"";"99.2"
"CHEMBL3976662";"";"None";"357.79";"0";"4.21";"BDBM238005";"O=C(O)c1c[nH]c2cc(Cl)c(-c3ccc(OCC4COC4)cc3)cc12";"EC50";"'='";"65.4";"nM";"7.18";"";"415106";"UO_0000065";"20.08";"0.39";"2.97";"10.04";"0";"CHEMBL3888750";"33P-Based Assay: The biochemical EC50 (half-maximal concentration required for full activation) of compounds for the activation of AMPK was evaluated by 33P-based assay using SAMS peptide (commercially available) derived from ACC-1. Twenty Î¼l of phosphorylated AMPK diluted in assay buffer, (50 mM HEPES, 1 mM EGTA, 10 mM MgCl2, 0.25 mM DTT, 0.01% Tween-20, 0.01% BSA (pH 7.5)) was added to 384 well plates containing 1 μL of test compound. Following a fifteen minute room temperature incubation, 10 Î¼L of protein phosphatase PP2A was added to the plate to dephosphorylate pThr172 of AMPK. After incubation for 90 minutes, 10 μL of substrate mixture containing 41 nM okadaic acid, 82 μM SAMS peptide, 82 μM ATP and tracer amounts (6.8 nM) of 33P-containing ATP was added to the plate. The reaction was terminated after 60 minutes incubation at room temperature by the addition of 15 μL of 2% H3PO4. Subsequently, 45 μl of reaction mix was transferred to 384 well Millipore MZPH filter plates (MZPHNO50) pre-treated with 25 μL of 2% H3PO4 and the plates were washed three times with assay buffer. 20 μL of Ready Safe scintillation fluid was added to dried plates followed by detection on the Trilux detector.";"B";"BAO_0000223";"protein complex format";"Homo sapiens";"None";"None";"None";"None";"";"";"";"CHEMBL2096907";"AMP-activated protein kinase, AMPK";"Homo sapiens";"PROTEIN COMPLEX GROUP";"CHEMBL3886819";"37";"BindingDB Patent Bioactivity Data";"";"2016";"None";"";"";"";"65.4"
"CHEMBL3938598";"";"None";"359.77";"0";"4.04";"BDBM238006";"O=C(O)CCOc1ccc(-c2cc3c(C(=O)O)c[nH]c3cc2Cl)cc1";"EC50";"'='";"372.3";"nM";"6.43";"";"415107";"UO_0000065";"17.87";"0.35";"2.39";"6.45";"0";"CHEMBL3888750";"33P-Based Assay: The biochemical EC50 (half-maximal concentration required for full activation) of compounds for the activation of AMPK was evaluated by 33P-based assay using SAMS peptide (commercially available) derived from ACC-1. Twenty Î¼l of phosphorylated AMPK diluted in assay buffer, (50 mM HEPES, 1 mM EGTA, 10 mM MgCl2, 0.25 mM DTT, 0.01% Tween-20, 0.01% BSA (pH 7.5)) was added to 384 well plates containing 1 μL of test compound. Following a fifteen minute room temperature incubation, 10 Î¼L of protein phosphatase PP2A was added to the plate to dephosphorylate pThr172 of AMPK. After incubation for 90 minutes, 10 μL of substrate mixture containing 41 nM okadaic acid, 82 μM SAMS peptide, 82 μM ATP and tracer amounts (6.8 nM) of 33P-containing ATP was added to the plate. The reaction was terminated after 60 minutes incubation at room temperature by the addition of 15 μL of 2% H3PO4. Subsequently, 45 μl of reaction mix was transferred to 384 well Millipore MZPH filter plates (MZPHNO50) pre-treated with 25 μL of 2% H3PO4 and the plates were washed three times with assay buffer. 20 μL of Ready Safe scintillation fluid was added to dried plates followed by detection on the Trilux detector.";"B";"BAO_0000223";"protein complex format";"Homo sapiens";"None";"None";"None";"None";"";"";"";"CHEMBL2096907";"AMP-activated protein kinase, AMPK";"Homo sapiens";"PROTEIN COMPLEX GROUP";"CHEMBL3886819";"37";"BindingDB Patent Bioactivity Data";"";"2016";"None";"";"";"";"372.3"
"CHEMBL3945541";"";"None";"330.73";"0";"3.35";"BDBM238035";"O=C(O)c1n[nH]c2cc(Cl)c(-c3ccc4c(c3)OCCO4)cc12";"EC50";"'='";"369.2";"nM";"6.43";"";"415136";"UO_0000065";"19.45";"0.38";"3.08";"7.62";"0";"CHEMBL3888750";"33P-Based Assay: The biochemical EC50 (half-maximal concentration required for full activation) of compounds for the activation of AMPK was evaluated by 33P-based assay using SAMS peptide (commercially available) derived from ACC-1. Twenty Î¼l of phosphorylated AMPK diluted in assay buffer, (50 mM HEPES, 1 mM EGTA, 10 mM MgCl2, 0.25 mM DTT, 0.01% Tween-20, 0.01% BSA (pH 7.5)) was added to 384 well plates containing 1 μL of test compound. Following a fifteen minute room temperature incubation, 10 Î¼L of protein phosphatase PP2A was added to the plate to dephosphorylate pThr172 of AMPK. After incubation for 90 minutes, 10 μL of substrate mixture containing 41 nM okadaic acid, 82 μM SAMS peptide, 82 μM ATP and tracer amounts (6.8 nM) of 33P-containing ATP was added to the plate. The reaction was terminated after 60 minutes incubation at room temperature by the addition of 15 μL of 2% H3PO4. Subsequently, 45 μl of reaction mix was transferred to 384 well Millipore MZPH filter plates (MZPHNO50) pre-treated with 25 μL of 2% H3PO4 and the plates were washed three times with assay buffer. 20 μL of Ready Safe scintillation fluid was added to dried plates followed by detection on the Trilux detector.";"B";"BAO_0000223";"protein complex format";"Homo sapiens";"None";"None";"None";"None";"";"";"";"CHEMBL2096907";"AMP-activated protein kinase, AMPK";"Homo sapiens";"PROTEIN COMPLEX GROUP";"CHEMBL3886819";"37";"BindingDB Patent Bioactivity Data";"";"2016";"None";"";"";"";"369.2"
"CHEMBL3972626";"";"None";"373.84";"0";"4.17";"BDBM237983";"COc1cc(-c2cc3c(cc2Cl)N=CC3C(=O)O)ccc1C(C)(C)CO";"EC50";"'='";"26.9";"nM";"7.57";"";"415084";"UO_0000065";"20.25";"0.40";"3.40";"9.57";"0";"CHEMBL3888750";"33P-Based Assay: The biochemical EC50 (half-maximal concentration required for full activation) of compounds for the activation of AMPK was evaluated by 33P-based assay using SAMS peptide (commercially available) derived from ACC-1. Twenty Î¼l of phosphorylated AMPK diluted in assay buffer, (50 mM HEPES, 1 mM EGTA, 10 mM MgCl2, 0.25 mM DTT, 0.01% Tween-20, 0.01% BSA (pH 7.5)) was added to 384 well plates containing 1 μL of test compound. Following a fifteen minute room temperature incubation, 10 Î¼L of protein phosphatase PP2A was added to the plate to dephosphorylate pThr172 of AMPK. After incubation for 90 minutes, 10 μL of substrate mixture containing 41 nM okadaic acid, 82 μM SAMS peptide, 82 μM ATP and tracer amounts (6.8 nM) of 33P-containing ATP was added to the plate. The reaction was terminated after 60 minutes incubation at room temperature by the addition of 15 μL of 2% H3PO4. Subsequently, 45 μl of reaction mix was transferred to 384 well Millipore MZPH filter plates (MZPHNO50) pre-treated with 25 μL of 2% H3PO4 and the plates were washed three times with assay buffer. 20 μL of Ready Safe scintillation fluid was added to dried plates followed by detection on the Trilux detector.";"B";"BAO_0000223";"protein complex format";"Homo sapiens";"None";"None";"None";"None";"";"";"";"CHEMBL2096907";"AMP-activated protein kinase, AMPK";"Homo sapiens";"PROTEIN COMPLEX GROUP";"CHEMBL3886819";"37";"BindingDB Patent Bioactivity Data";"";"2016";"None";"";"";"";"26.9"
"CHEMBL3968100";"";"None";"441.90";"0";"4.01";"BDBM238032";"COc1ccc(-c2cc3c(C(=O)NS(=O)(=O)c4ccccc4)n[nH]c3cc2Cl)cc1";"EC50";"'='";"169.1";"nM";"6.77";"";"415133";"UO_0000065";"15.32";"0.31";"2.76";"6.69";"0";"CHEMBL3888750";"33P-Based Assay: The biochemical EC50 (half-maximal concentration required for full activation) of compounds for the activation of AMPK was evaluated by 33P-based assay using SAMS peptide (commercially available) derived from ACC-1. Twenty Î¼l of phosphorylated AMPK diluted in assay buffer, (50 mM HEPES, 1 mM EGTA, 10 mM MgCl2, 0.25 mM DTT, 0.01% Tween-20, 0.01% BSA (pH 7.5)) was added to 384 well plates containing 1 μL of test compound. Following a fifteen minute room temperature incubation, 10 Î¼L of protein phosphatase PP2A was added to the plate to dephosphorylate pThr172 of AMPK. After incubation for 90 minutes, 10 μL of substrate mixture containing 41 nM okadaic acid, 82 μM SAMS peptide, 82 μM ATP and tracer amounts (6.8 nM) of 33P-containing ATP was added to the plate. The reaction was terminated after 60 minutes incubation at room temperature by the addition of 15 μL of 2% H3PO4. Subsequently, 45 μl of reaction mix was transferred to 384 well Millipore MZPH filter plates (MZPHNO50) pre-treated with 25 μL of 2% H3PO4 and the plates were washed three times with assay buffer. 20 μL of Ready Safe scintillation fluid was added to dried plates followed by detection on the Trilux detector.";"B";"BAO_0000223";"protein complex format";"Homo sapiens";"None";"None";"None";"None";"";"";"";"CHEMBL2096907";"AMP-activated protein kinase, AMPK";"Homo sapiens";"PROTEIN COMPLEX GROUP";"CHEMBL3886819";"37";"BindingDB Patent Bioactivity Data";"";"2016";"None";"";"";"";"169.1"
"CHEMBL4250253";"";"None";"521.91";"1";"1.01";"M2";"COc1nc(N(C)C)ccc1-c1cc2c(C(=O)O[C@@H]3O[C@H](C(=O)O)[C@@H](O)[C@H](O)[C@H]3O)c[nH]c2cc1Cl";"EC50";"'='";"2110.0";"nM";"5.68";"";"";"UO_0000065";"10.87";"0.22";"4.67";"3.25";"0";"CHEMBL4234629";"Activation of AMPK in cryopreserved human hepatocytes assessed as increase in phosphorylation of acetyl-CoA carboxylase at Ser79 residue after 1 hr by Meso Scale Discovery assay";"B";"BAO_0000219";"cell-based format";"Homo sapiens";"None";"None";"None";"None";"";"";"";"CHEMBL2096907";"AMP-activated protein kinase, AMPK";"Homo sapiens";"PROTEIN COMPLEX GROUP";"CHEMBL4229467";"1";"Scientific Literature";"J Med Chem";"2018";"None";"";"";"";"2.11"
"CHEMBL5197719";"";"None";"546.68";"1";"4.31";"27";"N#Cc1ccc(CC2CCN(C(=O)c3ccc(C(=O)NC4CCN(Cc5ccc(C#N)cc5)CC4)nc3)CC2)cc1";"EC50";"'='";"14.0";"nM";"7.85";"";"";"UO_0000065";"14.37";"0.26";"3.54";"6.94";"0";"CHEMBL5110776";"Activation of AMPK in human HepG2 cells assessed as increase in ACC phosphorylation at Ser79 incubated for 1 hr";"B";"BAO_0000219";"cell-based format";"Homo sapiens";"None";"None";"HepG2";"None";"";"";"";"CHEMBL2096907";"AMP-activated protein kinase, AMPK";"Homo sapiens";"PROTEIN COMPLEX GROUP";"CHEMBL5108030";"1";"Scientific Literature";"Bioorg Med Chem";"2022";"None";"TIME = 1.0 hr";"ACTIVATOR";"";"14.0"
"CHEMBL5204391";"";"None";"602.72";"1";"2.50";"16";"COc1ccc(S(=O)(=O)N2CCN(C(=O)c3ccc(C(=O)NC4CCN(Cc5ccc(C#N)cc5)CC4)nc3)CC2)cc1";"EC50";"'='";"548.0";"nM";"6.26";"";"";"UO_0000065";"10.39";"0.20";"3.76";"4.61";"0";"CHEMBL5110776";"Activation of AMPK in human HepG2 cells assessed as increase in ACC phosphorylation at Ser79 incubated for 1 hr";"B";"BAO_0000219";"cell-based format";"Homo sapiens";"None";"None";"HepG2";"None";"";"";"";"CHEMBL2096907";"AMP-activated protein kinase, AMPK";"Homo sapiens";"PROTEIN COMPLEX GROUP";"CHEMBL5108030";"1";"Scientific Literature";"Bioorg Med Chem";"2022";"None";"TIME = 1.0 hr";"ACTIVATOR";"";"548.0"
"CHEMBL5181121";"";"None";"555.65";"1";"4.07";"35";"N#Cc1ccc(CN2CCC(NC(=O)c3ccc(C(=O)N4CCC(C(O)c5ccc(F)cc5)CC4)cn3)CC2)cc1";"EC50";"'='";"55.0";"nM";"7.26";"";"";"UO_0000065";"13.07";"0.24";"3.19";"6.63";"0";"CHEMBL5110776";"Activation of AMPK in human HepG2 cells assessed as increase in ACC phosphorylation at Ser79 incubated for 1 hr";"B";"BAO_0000219";"cell-based format";"Homo sapiens";"None";"None";"HepG2";"None";"";"";"";"CHEMBL2096907";"AMP-activated protein kinase, AMPK";"Homo sapiens";"PROTEIN COMPLEX GROUP";"CHEMBL5108030";"1";"Scientific Literature";"Bioorg Med Chem";"2022";"None";"TIME = 1.0 hr";"ACTIVATOR";"";"55.0"
"CHEMBL5183579";"";"None";"557.65";"2";"5.05";"37";"N#Cc1ccc(CN2CCC(NC(=O)c3ccc(C(=O)N4CCC(C(F)c5ccc(F)cc5)CC4)cn3)CC2)cc1";"EC50";"'='";"6.0";"nM";"8.22";"";"";"UO_0000065";"14.74";"0.27";"3.17";"9.20";"0";"CHEMBL5110776";"Activation of AMPK in human HepG2 cells assessed as increase in ACC phosphorylation at Ser79 incubated for 1 hr";"B";"BAO_0000219";"cell-based format";"Homo sapiens";"None";"None";"HepG2";"None";"";"";"";"CHEMBL2096907";"AMP-activated protein kinase, AMPK";"Homo sapiens";"PROTEIN COMPLEX GROUP";"CHEMBL5108030";"1";"Scientific Literature";"Bioorg Med Chem";"2022";"None";"TIME = 1.0 hr";"ACTIVATOR";"";"6.0"
"CHEMBL5182648";"";"None";"597.74";"1";"4.95";"49";"O=C(NC1CCN(Cc2ccc(F)cc2)CC1)c1ccc(C(=O)N2CCC(C(=O)c3ccc(N4CCCC4)cc3)CC2)nc1";"EC50";"'='";"12.0";"nM";"7.92";"";"";"UO_0000065";"13.25";"0.25";"2.97";"9.23";"0";"CHEMBL5110776";"Activation of AMPK in human HepG2 cells assessed as increase in ACC phosphorylation at Ser79 incubated for 1 hr";"B";"BAO_0000219";"cell-based format";"Homo sapiens";"None";"None";"HepG2";"None";"";"";"";"CHEMBL2096907";"AMP-activated protein kinase, AMPK";"Homo sapiens";"PROTEIN COMPLEX GROUP";"CHEMBL5108030";"1";"Scientific Literature";"Bioorg Med Chem";"2022";"None";"TIME = 1.0 hr";"ACTIVATOR";"";"12.0"
"CHEMBL3915611";"";"None";"348.33";"0";"4.44";"BDBM238048";"O=C(O)c1n[nH]c2cc(F)c(-c3ccc(-c4ccccc4O)cc3)cc12";"EC50";"'='";"6.5";"nM";"8.19";"";"415149";"UO_0000065";"23.50";"0.43";"3.75";"9.50";"0";"CHEMBL3888750";"33P-Based Assay: The biochemical EC50 (half-maximal concentration required for full activation) of compounds for the activation of AMPK was evaluated by 33P-based assay using SAMS peptide (commercially available) derived from ACC-1. Twenty Î¼l of phosphorylated AMPK diluted in assay buffer, (50 mM HEPES, 1 mM EGTA, 10 mM MgCl2, 0.25 mM DTT, 0.01% Tween-20, 0.01% BSA (pH 7.5)) was added to 384 well plates containing 1 μL of test compound. Following a fifteen minute room temperature incubation, 10 Î¼L of protein phosphatase PP2A was added to the plate to dephosphorylate pThr172 of AMPK. After incubation for 90 minutes, 10 μL of substrate mixture containing 41 nM okadaic acid, 82 μM SAMS peptide, 82 μM ATP and tracer amounts (6.8 nM) of 33P-containing ATP was added to the plate. The reaction was terminated after 60 minutes incubation at room temperature by the addition of 15 μL of 2% H3PO4. Subsequently, 45 μl of reaction mix was transferred to 384 well Millipore MZPH filter plates (MZPHNO50) pre-treated with 25 μL of 2% H3PO4 and the plates were washed three times with assay buffer. 20 μL of Ready Safe scintillation fluid was added to dried plates followed by detection on the Trilux detector.";"B";"BAO_0000223";"protein complex format";"Homo sapiens";"None";"None";"None";"None";"";"";"";"CHEMBL2096907";"AMP-activated protein kinase, AMPK";"Homo sapiens";"PROTEIN COMPLEX GROUP";"CHEMBL3886819";"37";"BindingDB Patent Bioactivity Data";"";"2016";"None";"";"";"";"6.5"
"CHEMBL3921758";"";"None";"331.76";"0";"3.56";"BDBM238051";"O=C(O)c1c[nH]c2cc(Cl)c(-c3ccc(OCCO)cc3)cc12";"EC50";"'='";"72.8";"nM";"7.14";"";"415152";"UO_0000065";"21.52";"0.42";"3.58";"8.65";"0";"CHEMBL3888750";"33P-Based Assay: The biochemical EC50 (half-maximal concentration required for full activation) of compounds for the activation of AMPK was evaluated by 33P-based assay using SAMS peptide (commercially available) derived from ACC-1. Twenty Î¼l of phosphorylated AMPK diluted in assay buffer, (50 mM HEPES, 1 mM EGTA, 10 mM MgCl2, 0.25 mM DTT, 0.01% Tween-20, 0.01% BSA (pH 7.5)) was added to 384 well plates containing 1 μL of test compound. Following a fifteen minute room temperature incubation, 10 Î¼L of protein phosphatase PP2A was added to the plate to dephosphorylate pThr172 of AMPK. After incubation for 90 minutes, 10 μL of substrate mixture containing 41 nM okadaic acid, 82 μM SAMS peptide, 82 μM ATP and tracer amounts (6.8 nM) of 33P-containing ATP was added to the plate. The reaction was terminated after 60 minutes incubation at room temperature by the addition of 15 μL of 2% H3PO4. Subsequently, 45 μl of reaction mix was transferred to 384 well Millipore MZPH filter plates (MZPHNO50) pre-treated with 25 μL of 2% H3PO4 and the plates were washed three times with assay buffer. 20 μL of Ready Safe scintillation fluid was added to dried plates followed by detection on the Trilux detector.";"B";"BAO_0000223";"protein complex format";"Homo sapiens";"None";"None";"None";"None";"";"";"";"CHEMBL2096907";"AMP-activated protein kinase, AMPK";"Homo sapiens";"PROTEIN COMPLEX GROUP";"CHEMBL3886819";"37";"BindingDB Patent Bioactivity Data";"";"2016";"None";"";"";"";"72.8"
"CHEMBL3936902";"";"None";"325.34";"0";"4.52";"BDBM238061";"O=C(O)c1c[nH]c2cc(F)c(-c3ccc(C4CCCO4)cc3)cc12";"EC50";"'='";"165.0";"nM";"6.78";"";"415162";"UO_0000065";"20.85";"0.39";"2.26";"10.88";"0";"CHEMBL3888750";"33P-Based Assay: The biochemical EC50 (half-maximal concentration required for full activation) of compounds for the activation of AMPK was evaluated by 33P-based assay using SAMS peptide (commercially available) derived from ACC-1. Twenty Î¼l of phosphorylated AMPK diluted in assay buffer, (50 mM HEPES, 1 mM EGTA, 10 mM MgCl2, 0.25 mM DTT, 0.01% Tween-20, 0.01% BSA (pH 7.5)) was added to 384 well plates containing 1 μL of test compound. Following a fifteen minute room temperature incubation, 10 Î¼L of protein phosphatase PP2A was added to the plate to dephosphorylate pThr172 of AMPK. After incubation for 90 minutes, 10 μL of substrate mixture containing 41 nM okadaic acid, 82 μM SAMS peptide, 82 μM ATP and tracer amounts (6.8 nM) of 33P-containing ATP was added to the plate. The reaction was terminated after 60 minutes incubation at room temperature by the addition of 15 μL of 2% H3PO4. Subsequently, 45 μl of reaction mix was transferred to 384 well Millipore MZPH filter plates (MZPHNO50) pre-treated with 25 μL of 2% H3PO4 and the plates were washed three times with assay buffer. 20 μL of Ready Safe scintillation fluid was added to dried plates followed by detection on the Trilux detector.";"B";"BAO_0000223";"protein complex format";"Homo sapiens";"None";"None";"None";"None";"";"";"";"CHEMBL2096907";"AMP-activated protein kinase, AMPK";"Homo sapiens";"PROTEIN COMPLEX GROUP";"CHEMBL3886819";"37";"BindingDB Patent Bioactivity Data";"";"2016";"None";"";"";"";"165.0"
"CHEMBL3978549";"";"None";"292.29";"0";"3.41";"BDBM237951";"COc1ccc(-c2cc3c(C(=O)O)c[nH]c3cc2C#N)cc1";"EC50";"'='";"570.2";"nM";"6.24";"";"415052";"UO_0000065";"21.36";"0.39";"2.83";"7.25";"0";"CHEMBL3888750";"33P-Based Assay: The biochemical EC50 (half-maximal concentration required for full activation) of compounds for the activation of AMPK was evaluated by 33P-based assay using SAMS peptide (commercially available) derived from ACC-1. Twenty Î¼l of phosphorylated AMPK diluted in assay buffer, (50 mM HEPES, 1 mM EGTA, 10 mM MgCl2, 0.25 mM DTT, 0.01% Tween-20, 0.01% BSA (pH 7.5)) was added to 384 well plates containing 1 μL of test compound. Following a fifteen minute room temperature incubation, 10 Î¼L of protein phosphatase PP2A was added to the plate to dephosphorylate pThr172 of AMPK. After incubation for 90 minutes, 10 μL of substrate mixture containing 41 nM okadaic acid, 82 μM SAMS peptide, 82 μM ATP and tracer amounts (6.8 nM) of 33P-containing ATP was added to the plate. The reaction was terminated after 60 minutes incubation at room temperature by the addition of 15 μL of 2% H3PO4. Subsequently, 45 μl of reaction mix was transferred to 384 well Millipore MZPH filter plates (MZPHNO50) pre-treated with 25 μL of 2% H3PO4 and the plates were washed three times with assay buffer. 20 μL of Ready Safe scintillation fluid was added to dried plates followed by detection on the Trilux detector.";"B";"BAO_0000223";"protein complex format";"Homo sapiens";"None";"None";"None";"None";"";"";"";"CHEMBL2096907";"AMP-activated protein kinase, AMPK";"Homo sapiens";"PROTEIN COMPLEX GROUP";"CHEMBL3886819";"37";"BindingDB Patent Bioactivity Data";"";"2016";"None";"";"";"";"570.2"
"CHEMBL3894643";"";"None";"315.76";"0";"3.72";"BDBM237988";"O=C(O)c1c[nH]c2cc(Cl)c(-c3ccc(CCO)cc3)cc12";"EC50";"'='";"14.0";"nM";"7.85";"";"415089";"UO_0000065";"24.87";"0.49";"4.13";"10.71";"0";"CHEMBL3888750";"33P-Based Assay: The biochemical EC50 (half-maximal concentration required for full activation) of compounds for the activation of AMPK was evaluated by 33P-based assay using SAMS peptide (commercially available) derived from ACC-1. Twenty Î¼l of phosphorylated AMPK diluted in assay buffer, (50 mM HEPES, 1 mM EGTA, 10 mM MgCl2, 0.25 mM DTT, 0.01% Tween-20, 0.01% BSA (pH 7.5)) was added to 384 well plates containing 1 μL of test compound. Following a fifteen minute room temperature incubation, 10 Î¼L of protein phosphatase PP2A was added to the plate to dephosphorylate pThr172 of AMPK. After incubation for 90 minutes, 10 μL of substrate mixture containing 41 nM okadaic acid, 82 μM SAMS peptide, 82 μM ATP and tracer amounts (6.8 nM) of 33P-containing ATP was added to the plate. The reaction was terminated after 60 minutes incubation at room temperature by the addition of 15 μL of 2% H3PO4. Subsequently, 45 μl of reaction mix was transferred to 384 well Millipore MZPH filter plates (MZPHNO50) pre-treated with 25 μL of 2% H3PO4 and the plates were washed three times with assay buffer. 20 μL of Ready Safe scintillation fluid was added to dried plates followed by detection on the Trilux detector.";"B";"BAO_0000223";"protein complex format";"Homo sapiens";"None";"None";"None";"None";"";"";"";"CHEMBL2096907";"AMP-activated protein kinase, AMPK";"Homo sapiens";"PROTEIN COMPLEX GROUP";"CHEMBL3886819";"37";"BindingDB Patent Bioactivity Data";"";"2016";"None";"";"";"";"14.0"
"CHEMBL3959268";"";"None";"355.82";"0";"4.60";"BDBM237989";"O=C(O)c1c[nH]c2cc(Cl)c(-c3ccc(C4(CO)CCC4)cc3)cc12";"EC50";"'='";"4.3";"nM";"8.37";"";"415090";"UO_0000065";"23.51";"0.46";"3.77";"11.41";"0";"CHEMBL3888750";"33P-Based Assay: The biochemical EC50 (half-maximal concentration required for full activation) of compounds for the activation of AMPK was evaluated by 33P-based assay using SAMS peptide (commercially available) derived from ACC-1. Twenty Î¼l of phosphorylated AMPK diluted in assay buffer, (50 mM HEPES, 1 mM EGTA, 10 mM MgCl2, 0.25 mM DTT, 0.01% Tween-20, 0.01% BSA (pH 7.5)) was added to 384 well plates containing 1 μL of test compound. Following a fifteen minute room temperature incubation, 10 Î¼L of protein phosphatase PP2A was added to the plate to dephosphorylate pThr172 of AMPK. After incubation for 90 minutes, 10 μL of substrate mixture containing 41 nM okadaic acid, 82 μM SAMS peptide, 82 μM ATP and tracer amounts (6.8 nM) of 33P-containing ATP was added to the plate. The reaction was terminated after 60 minutes incubation at room temperature by the addition of 15 μL of 2% H3PO4. Subsequently, 45 μl of reaction mix was transferred to 384 well Millipore MZPH filter plates (MZPHNO50) pre-treated with 25 μL of 2% H3PO4 and the plates were washed three times with assay buffer. 20 μL of Ready Safe scintillation fluid was added to dried plates followed by detection on the Trilux detector.";"B";"BAO_0000223";"protein complex format";"Homo sapiens";"None";"None";"None";"None";"";"";"";"CHEMBL2096907";"AMP-activated protein kinase, AMPK";"Homo sapiens";"PROTEIN COMPLEX GROUP";"CHEMBL3886819";"37";"BindingDB Patent Bioactivity Data";"";"2016";"None";"";"";"";"4.3"
"CHEMBL3948897";"";"None";"354.84";"0";"4.61";"BDBM237991";"CN1CCC(c2ccc(-c3cc4c(C(=O)O)c[nH]c4cc3Cl)cc2)C1";"EC50";"'='";"44.3";"nM";"7.35";"";"415092";"UO_0000065";"20.72";"0.40";"2.74";"13.05";"0";"CHEMBL3888750";"33P-Based Assay: The biochemical EC50 (half-maximal concentration required for full activation) of compounds for the activation of AMPK was evaluated by 33P-based assay using SAMS peptide (commercially available) derived from ACC-1. Twenty Î¼l of phosphorylated AMPK diluted in assay buffer, (50 mM HEPES, 1 mM EGTA, 10 mM MgCl2, 0.25 mM DTT, 0.01% Tween-20, 0.01% BSA (pH 7.5)) was added to 384 well plates containing 1 μL of test compound. Following a fifteen minute room temperature incubation, 10 Î¼L of protein phosphatase PP2A was added to the plate to dephosphorylate pThr172 of AMPK. After incubation for 90 minutes, 10 μL of substrate mixture containing 41 nM okadaic acid, 82 μM SAMS peptide, 82 μM ATP and tracer amounts (6.8 nM) of 33P-containing ATP was added to the plate. The reaction was terminated after 60 minutes incubation at room temperature by the addition of 15 μL of 2% H3PO4. Subsequently, 45 μl of reaction mix was transferred to 384 well Millipore MZPH filter plates (MZPHNO50) pre-treated with 25 μL of 2% H3PO4 and the plates were washed three times with assay buffer. 20 μL of Ready Safe scintillation fluid was added to dried plates followed by detection on the Trilux detector.";"B";"BAO_0000223";"protein complex format";"Homo sapiens";"None";"None";"None";"None";"";"";"";"CHEMBL2096907";"AMP-activated protein kinase, AMPK";"Homo sapiens";"PROTEIN COMPLEX GROUP";"CHEMBL3886819";"37";"BindingDB Patent Bioactivity Data";"";"2016";"None";"";"";"";"44.3"
"CHEMBL3927536";"";"None";"312.76";"0";"4.07";"BDBM238030";"O=C(O)c1n[nH]c2cc(Cl)c(-c3ccc4c(c3)CCC4)cc12";"EC50";"'='";"47.8";"nM";"7.32";"";"415131";"UO_0000065";"23.41";"0.45";"3.25";"11.10";"0";"CHEMBL3888750";"33P-Based Assay: The biochemical EC50 (half-maximal concentration required for full activation) of compounds for the activation of AMPK was evaluated by 33P-based assay using SAMS peptide (commercially available) derived from ACC-1. Twenty Î¼l of phosphorylated AMPK diluted in assay buffer, (50 mM HEPES, 1 mM EGTA, 10 mM MgCl2, 0.25 mM DTT, 0.01% Tween-20, 0.01% BSA (pH 7.5)) was added to 384 well plates containing 1 μL of test compound. Following a fifteen minute room temperature incubation, 10 Î¼L of protein phosphatase PP2A was added to the plate to dephosphorylate pThr172 of AMPK. After incubation for 90 minutes, 10 μL of substrate mixture containing 41 nM okadaic acid, 82 μM SAMS peptide, 82 μM ATP and tracer amounts (6.8 nM) of 33P-containing ATP was added to the plate. The reaction was terminated after 60 minutes incubation at room temperature by the addition of 15 μL of 2% H3PO4. Subsequently, 45 μl of reaction mix was transferred to 384 well Millipore MZPH filter plates (MZPHNO50) pre-treated with 25 μL of 2% H3PO4 and the plates were washed three times with assay buffer. 20 μL of Ready Safe scintillation fluid was added to dried plates followed by detection on the Trilux detector.";"B";"BAO_0000223";"protein complex format";"Homo sapiens";"None";"None";"None";"None";"";"";"";"CHEMBL2096907";"AMP-activated protein kinase, AMPK";"Homo sapiens";"PROTEIN COMPLEX GROUP";"CHEMBL3886819";"37";"BindingDB Patent Bioactivity Data";"";"2016";"None";"";"";"";"47.8"
"CHEMBL3891221";"";"None";"341.79";"0";"4.56";"BDBM237920";"O=C(O)c1c[nH]c2cc(Cl)c(-c3ccc(C4(O)CCC4)cc3)cc12";"EC50";"'='";"4.2";"nM";"8.38";"";"415019";"UO_0000065";"24.51";"0.48";"3.82";"11.42";"0";"CHEMBL3888750";"33P-Based Assay: The biochemical EC50 (half-maximal concentration required for full activation) of compounds for the activation of AMPK was evaluated by 33P-based assay using SAMS peptide (commercially available) derived from ACC-1. Twenty Î¼l of phosphorylated AMPK diluted in assay buffer, (50 mM HEPES, 1 mM EGTA, 10 mM MgCl2, 0.25 mM DTT, 0.01% Tween-20, 0.01% BSA (pH 7.5)) was added to 384 well plates containing 1 μL of test compound. Following a fifteen minute room temperature incubation, 10 Î¼L of protein phosphatase PP2A was added to the plate to dephosphorylate pThr172 of AMPK. After incubation for 90 minutes, 10 μL of substrate mixture containing 41 nM okadaic acid, 82 μM SAMS peptide, 82 μM ATP and tracer amounts (6.8 nM) of 33P-containing ATP was added to the plate. The reaction was terminated after 60 minutes incubation at room temperature by the addition of 15 μL of 2% H3PO4. Subsequently, 45 μl of reaction mix was transferred to 384 well Millipore MZPH filter plates (MZPHNO50) pre-treated with 25 μL of 2% H3PO4 and the plates were washed three times with assay buffer. 20 μL of Ready Safe scintillation fluid was added to dried plates followed by detection on the Trilux detector.";"B";"BAO_0000223";"protein complex format";"Homo sapiens";"None";"None";"None";"None";"";"";"";"CHEMBL2096907";"AMP-activated protein kinase, AMPK";"Homo sapiens";"PROTEIN COMPLEX GROUP";"CHEMBL3886819";"37";"BindingDB Patent Bioactivity Data";"";"2016";"None";"";"";"";"4.2"
"CHEMBL5189206";"";"None";"613.74";"1";"3.49";"53";"CS(=O)(=O)c1ccc(C(=O)C2CCN(C(=O)c3ccc(C(=O)NC4CCN(Cc5ccc(C#N)cc5)CC4)cn3)CC2)cc1";"EC50";"'='";"2000.0";"nM";"5.70";"";"";"UO_0000065";"9.29";"0.18";"2.21";"4.06";"0";"CHEMBL5110776";"Activation of AMPK in human HepG2 cells assessed as increase in ACC phosphorylation at Ser79 incubated for 1 hr";"B";"BAO_0000219";"cell-based format";"Homo sapiens";"None";"None";"HepG2";"None";"";"";"";"CHEMBL2096907";"AMP-activated protein kinase, AMPK";"Homo sapiens";"PROTEIN COMPLEX GROUP";"CHEMBL5108030";"1";"Scientific Literature";"Bioorg Med Chem";"2022";"None";"TIME = 1.0 hr";"ACTIVATOR";"";"2000.0"
"CHEMBL5184347";"";"None";"601.71";"1";"4.27";"56";"N#Cc1ccc(CN2CCC(NC(=O)c3ccc(C(=O)N4CCC(C(=O)c5ccc(-n6cccn6)cc5)CC4)nc3)CC2)cc1";"EC50";"'='";"86.0";"nM";"7.07";"";"";"UO_0000065";"11.74";"0.21";"2.80";"5.69";"0";"CHEMBL5110776";"Activation of AMPK in human HepG2 cells assessed as increase in ACC phosphorylation at Ser79 incubated for 1 hr";"B";"BAO_0000219";"cell-based format";"Homo sapiens";"None";"None";"HepG2";"None";"";"";"";"CHEMBL2096907";"AMP-activated protein kinase, AMPK";"Homo sapiens";"PROTEIN COMPLEX GROUP";"CHEMBL5108030";"1";"Scientific Literature";"Bioorg Med Chem";"2022";"None";"TIME = 1.0 hr";"ACTIVATOR";"";"86.0"
"CHEMBL3980011";"";"None";"359.81";"0";"4.16";"BDBM238059";"CC(C)(CO)c1ccc(-c2cc3c(C(=O)O)c[nH]c3cc2Cl)cc1O";"EC50";"'='";"6.56";"nM";"8.18";"";"415160";"UO_0000065";"22.74";"0.45";"4.02";"8.75";"0";"CHEMBL3888750";"33P-Based Assay: The biochemical EC50 (half-maximal concentration required for full activation) of compounds for the activation of AMPK was evaluated by 33P-based assay using SAMS peptide (commercially available) derived from ACC-1. Twenty Î¼l of phosphorylated AMPK diluted in assay buffer, (50 mM HEPES, 1 mM EGTA, 10 mM MgCl2, 0.25 mM DTT, 0.01% Tween-20, 0.01% BSA (pH 7.5)) was added to 384 well plates containing 1 μL of test compound. Following a fifteen minute room temperature incubation, 10 Î¼L of protein phosphatase PP2A was added to the plate to dephosphorylate pThr172 of AMPK. After incubation for 90 minutes, 10 μL of substrate mixture containing 41 nM okadaic acid, 82 μM SAMS peptide, 82 μM ATP and tracer amounts (6.8 nM) of 33P-containing ATP was added to the plate. The reaction was terminated after 60 minutes incubation at room temperature by the addition of 15 μL of 2% H3PO4. Subsequently, 45 μl of reaction mix was transferred to 384 well Millipore MZPH filter plates (MZPHNO50) pre-treated with 25 μL of 2% H3PO4 and the plates were washed three times with assay buffer. 20 μL of Ready Safe scintillation fluid was added to dried plates followed by detection on the Trilux detector.";"B";"BAO_0000223";"protein complex format";"Homo sapiens";"None";"None";"None";"None";"";"";"";"CHEMBL2096907";"AMP-activated protein kinase, AMPK";"Homo sapiens";"PROTEIN COMPLEX GROUP";"CHEMBL3886819";"37";"BindingDB Patent Bioactivity Data";"";"2016";"None";"";"";"";"6.56"
"CHEMBL3933251";"";"None";"387.82";"0";"3.16";"BDBM238060";"COc1nc(-c2cc3c(C(=O)O)c[nH]c3cc2Cl)ccc1N1CCC(O)C1";"EC50";"'='";"76.92";"nM";"7.11";"";"415161";"UO_0000065";"18.34";"0.36";"3.95";"7.21";"0";"CHEMBL3888750";"33P-Based Assay: The biochemical EC50 (half-maximal concentration required for full activation) of compounds for the activation of AMPK was evaluated by 33P-based assay using SAMS peptide (commercially available) derived from ACC-1. Twenty Î¼l of phosphorylated AMPK diluted in assay buffer, (50 mM HEPES, 1 mM EGTA, 10 mM MgCl2, 0.25 mM DTT, 0.01% Tween-20, 0.01% BSA (pH 7.5)) was added to 384 well plates containing 1 μL of test compound. Following a fifteen minute room temperature incubation, 10 Î¼L of protein phosphatase PP2A was added to the plate to dephosphorylate pThr172 of AMPK. After incubation for 90 minutes, 10 μL of substrate mixture containing 41 nM okadaic acid, 82 μM SAMS peptide, 82 μM ATP and tracer amounts (6.8 nM) of 33P-containing ATP was added to the plate. The reaction was terminated after 60 minutes incubation at room temperature by the addition of 15 μL of 2% H3PO4. Subsequently, 45 μl of reaction mix was transferred to 384 well Millipore MZPH filter plates (MZPHNO50) pre-treated with 25 μL of 2% H3PO4 and the plates were washed three times with assay buffer. 20 μL of Ready Safe scintillation fluid was added to dried plates followed by detection on the Trilux detector.";"B";"BAO_0000223";"protein complex format";"Homo sapiens";"None";"None";"None";"None";"";"";"";"CHEMBL2096907";"AMP-activated protein kinase, AMPK";"Homo sapiens";"PROTEIN COMPLEX GROUP";"CHEMBL3886819";"37";"BindingDB Patent Bioactivity Data";"";"2016";"None";"";"";"";"76.92"
"CHEMBL3948331";"";"None";"345.78";"0";"3.95";"BDBM237949";"O=C(O)c1c[nH]c2cc(Cl)c(-c3ccc(OCCCO)cc3)cc12";"EC50";"'='";"30.0";"nM";"7.52";"";"415050";"UO_0000065";"21.76";"0.43";"3.57";"9.11";"0";"CHEMBL3888750";"33P-Based Assay: The biochemical EC50 (half-maximal concentration required for full activation) of compounds for the activation of AMPK was evaluated by 33P-based assay using SAMS peptide (commercially available) derived from ACC-1. Twenty Î¼l of phosphorylated AMPK diluted in assay buffer, (50 mM HEPES, 1 mM EGTA, 10 mM MgCl2, 0.25 mM DTT, 0.01% Tween-20, 0.01% BSA (pH 7.5)) was added to 384 well plates containing 1 μL of test compound. Following a fifteen minute room temperature incubation, 10 Î¼L of protein phosphatase PP2A was added to the plate to dephosphorylate pThr172 of AMPK. After incubation for 90 minutes, 10 μL of substrate mixture containing 41 nM okadaic acid, 82 μM SAMS peptide, 82 μM ATP and tracer amounts (6.8 nM) of 33P-containing ATP was added to the plate. The reaction was terminated after 60 minutes incubation at room temperature by the addition of 15 μL of 2% H3PO4. Subsequently, 45 μl of reaction mix was transferred to 384 well Millipore MZPH filter plates (MZPHNO50) pre-treated with 25 μL of 2% H3PO4 and the plates were washed three times with assay buffer. 20 μL of Ready Safe scintillation fluid was added to dried plates followed by detection on the Trilux detector.";"B";"BAO_0000223";"protein complex format";"Homo sapiens";"None";"None";"None";"None";"";"";"";"CHEMBL2096907";"AMP-activated protein kinase, AMPK";"Homo sapiens";"PROTEIN COMPLEX GROUP";"CHEMBL3886819";"37";"BindingDB Patent Bioactivity Data";"";"2016";"None";"";"";"";"30.0"
"CHEMBL3970427";"";"None";"326.78";"0";"4.22";"BDBM237980";"O=C(O)c1c[nH]c2cc(Cl)c(-c3ccc(C4CCN4)cc3)cc12";"EC50";"'='";"432.5";"nM";"6.36";"";"415081";"UO_0000065";"19.47";"0.38";"2.14";"9.77";"0";"CHEMBL3888750";"33P-Based Assay: The biochemical EC50 (half-maximal concentration required for full activation) of compounds for the activation of AMPK was evaluated by 33P-based assay using SAMS peptide (commercially available) derived from ACC-1. Twenty Î¼l of phosphorylated AMPK diluted in assay buffer, (50 mM HEPES, 1 mM EGTA, 10 mM MgCl2, 0.25 mM DTT, 0.01% Tween-20, 0.01% BSA (pH 7.5)) was added to 384 well plates containing 1 μL of test compound. Following a fifteen minute room temperature incubation, 10 Î¼L of protein phosphatase PP2A was added to the plate to dephosphorylate pThr172 of AMPK. After incubation for 90 minutes, 10 μL of substrate mixture containing 41 nM okadaic acid, 82 μM SAMS peptide, 82 μM ATP and tracer amounts (6.8 nM) of 33P-containing ATP was added to the plate. The reaction was terminated after 60 minutes incubation at room temperature by the addition of 15 μL of 2% H3PO4. Subsequently, 45 μl of reaction mix was transferred to 384 well Millipore MZPH filter plates (MZPHNO50) pre-treated with 25 μL of 2% H3PO4 and the plates were washed three times with assay buffer. 20 μL of Ready Safe scintillation fluid was added to dried plates followed by detection on the Trilux detector.";"B";"BAO_0000223";"protein complex format";"Homo sapiens";"None";"None";"None";"None";"";"";"";"CHEMBL2096907";"AMP-activated protein kinase, AMPK";"Homo sapiens";"PROTEIN COMPLEX GROUP";"CHEMBL3886819";"37";"BindingDB Patent Bioactivity Data";"";"2016";"None";"";"";"";"432.5"
"CHEMBL3903760";"";"None";"332.36";"0";"3.43";"BDBM237942";"N#Cc1cc2[nH]cc(C(=O)O)c2cc1-c1ccc(C2(CO)CC2)cc1";"EC50";"'='";"16.0";"nM";"7.80";"";"415043";"UO_0000065";"23.46";"0.43";"4.37";"8.03";"0";"CHEMBL3888750";"33P-Based Assay: The biochemical EC50 (half-maximal concentration required for full activation) of compounds for the activation of AMPK was evaluated by 33P-based assay using SAMS peptide (commercially available) derived from ACC-1. Twenty Î¼l of phosphorylated AMPK diluted in assay buffer, (50 mM HEPES, 1 mM EGTA, 10 mM MgCl2, 0.25 mM DTT, 0.01% Tween-20, 0.01% BSA (pH 7.5)) was added to 384 well plates containing 1 μL of test compound. Following a fifteen minute room temperature incubation, 10 Î¼L of protein phosphatase PP2A was added to the plate to dephosphorylate pThr172 of AMPK. After incubation for 90 minutes, 10 μL of substrate mixture containing 41 nM okadaic acid, 82 μM SAMS peptide, 82 μM ATP and tracer amounts (6.8 nM) of 33P-containing ATP was added to the plate. The reaction was terminated after 60 minutes incubation at room temperature by the addition of 15 μL of 2% H3PO4. Subsequently, 45 μl of reaction mix was transferred to 384 well Millipore MZPH filter plates (MZPHNO50) pre-treated with 25 μL of 2% H3PO4 and the plates were washed three times with assay buffer. 20 μL of Ready Safe scintillation fluid was added to dried plates followed by detection on the Trilux detector.";"B";"BAO_0000223";"protein complex format";"Homo sapiens";"None";"None";"None";"None";"";"";"";"CHEMBL2096907";"AMP-activated protein kinase, AMPK";"Homo sapiens";"PROTEIN COMPLEX GROUP";"CHEMBL3886819";"37";"BindingDB Patent Bioactivity Data";"";"2016";"None";"";"";"";"16.0"
"CHEMBL3891932";"";"None";"414.89";"0";"4.29";"BDBM237958";"O=C(O)c1c[nH]c2cc(Cl)c(-c3ccc(OCCCN4CCOCC4)cc3)cc12";"EC50";"'='";"11.1";"nM";"7.96";"";"415059";"UO_0000065";"19.17";"0.37";"3.66";"10.64";"0";"CHEMBL3888750";"33P-Based Assay: The biochemical EC50 (half-maximal concentration required for full activation) of compounds for the activation of AMPK was evaluated by 33P-based assay using SAMS peptide (commercially available) derived from ACC-1. Twenty Î¼l of phosphorylated AMPK diluted in assay buffer, (50 mM HEPES, 1 mM EGTA, 10 mM MgCl2, 0.25 mM DTT, 0.01% Tween-20, 0.01% BSA (pH 7.5)) was added to 384 well plates containing 1 μL of test compound. Following a fifteen minute room temperature incubation, 10 Î¼L of protein phosphatase PP2A was added to the plate to dephosphorylate pThr172 of AMPK. After incubation for 90 minutes, 10 μL of substrate mixture containing 41 nM okadaic acid, 82 μM SAMS peptide, 82 μM ATP and tracer amounts (6.8 nM) of 33P-containing ATP was added to the plate. The reaction was terminated after 60 minutes incubation at room temperature by the addition of 15 μL of 2% H3PO4. Subsequently, 45 μl of reaction mix was transferred to 384 well Millipore MZPH filter plates (MZPHNO50) pre-treated with 25 μL of 2% H3PO4 and the plates were washed three times with assay buffer. 20 μL of Ready Safe scintillation fluid was added to dried plates followed by detection on the Trilux detector.";"B";"BAO_0000223";"protein complex format";"Homo sapiens";"None";"None";"None";"None";"";"";"";"CHEMBL2096907";"AMP-activated protein kinase, AMPK";"Homo sapiens";"PROTEIN COMPLEX GROUP";"CHEMBL3886819";"37";"BindingDB Patent Bioactivity Data";"";"2016";"None";"";"";"";"11.1"
"CHEMBL3974541";"";"None";"428.87";"0";"3.81";"BDBM237971";"O=C(O)c1c[nH]c2cc(Cl)c(-c3ccc(OCCCN4CCOCC4=O)cc3)cc12";"EC50";"'='";"32.5";"nM";"7.49";"";"415072";"UO_0000065";"17.46";"0.34";"3.68";"8.15";"0";"CHEMBL3888750";"33P-Based Assay: The biochemical EC50 (half-maximal concentration required for full activation) of compounds for the activation of AMPK was evaluated by 33P-based assay using SAMS peptide (commercially available) derived from ACC-1. Twenty Î¼l of phosphorylated AMPK diluted in assay buffer, (50 mM HEPES, 1 mM EGTA, 10 mM MgCl2, 0.25 mM DTT, 0.01% Tween-20, 0.01% BSA (pH 7.5)) was added to 384 well plates containing 1 μL of test compound. Following a fifteen minute room temperature incubation, 10 Î¼L of protein phosphatase PP2A was added to the plate to dephosphorylate pThr172 of AMPK. After incubation for 90 minutes, 10 μL of substrate mixture containing 41 nM okadaic acid, 82 μM SAMS peptide, 82 μM ATP and tracer amounts (6.8 nM) of 33P-containing ATP was added to the plate. The reaction was terminated after 60 minutes incubation at room temperature by the addition of 15 μL of 2% H3PO4. Subsequently, 45 μl of reaction mix was transferred to 384 well Millipore MZPH filter plates (MZPHNO50) pre-treated with 25 μL of 2% H3PO4 and the plates were washed three times with assay buffer. 20 μL of Ready Safe scintillation fluid was added to dried plates followed by detection on the Trilux detector.";"B";"BAO_0000223";"protein complex format";"Homo sapiens";"None";"None";"None";"None";"";"";"";"CHEMBL2096907";"AMP-activated protein kinase, AMPK";"Homo sapiens";"PROTEIN COMPLEX GROUP";"CHEMBL3886819";"37";"BindingDB Patent Bioactivity Data";"";"2016";"None";"";"";"";"32.5"
"CHEMBL2153067";"";"None";"395.85";"0";"4.58";"page no 884 R15C2";"Cc1cc(-c2c(O)c3cc(-c4ccc(N(C)C)cc4)c(Cl)cc3[nH]c2=O)no1";"EC50";"'>'";"3162.28";"nM";"";"";"";"UO_0000065";"";"";"";"";"0";"CHEMBL2154197";"Activation of recombinant human AMPK by FRET assay";"B";"BAO_0000019";"assay format";"Homo sapiens";"None";"None";"None";"None";"";"";"";"CHEMBL2096907";"AMP-activated protein kinase, AMPK";"Homo sapiens";"PROTEIN COMPLEX GROUP";"CHEMBL2150967";"1";"Scientific Literature";"ACS Med Chem Lett";"2012";"None";"";"";"";"5.5"
"CHEMBL4111853";"";"None";"359.81";"0";"4.60";"BDBM238066";"COC[C@@H](C)Oc1ccc(-c2cc3c(C(=O)O)c[nH]c3cc2Cl)cc1";"EC50";"'='";"125.0";"nM";"6.90";"";"415170";"UO_0000065";"19.19";"0.38";"2.30";"9.65";"0";"CHEMBL3888750";"33P-Based Assay: The biochemical EC50 (half-maximal concentration required for full activation) of compounds for the activation of AMPK was evaluated by 33P-based assay using SAMS peptide (commercially available) derived from ACC-1. Twenty Î¼l of phosphorylated AMPK diluted in assay buffer, (50 mM HEPES, 1 mM EGTA, 10 mM MgCl2, 0.25 mM DTT, 0.01% Tween-20, 0.01% BSA (pH 7.5)) was added to 384 well plates containing 1 μL of test compound. Following a fifteen minute room temperature incubation, 10 Î¼L of protein phosphatase PP2A was added to the plate to dephosphorylate pThr172 of AMPK. After incubation for 90 minutes, 10 μL of substrate mixture containing 41 nM okadaic acid, 82 μM SAMS peptide, 82 μM ATP and tracer amounts (6.8 nM) of 33P-containing ATP was added to the plate. The reaction was terminated after 60 minutes incubation at room temperature by the addition of 15 μL of 2% H3PO4. Subsequently, 45 μl of reaction mix was transferred to 384 well Millipore MZPH filter plates (MZPHNO50) pre-treated with 25 μL of 2% H3PO4 and the plates were washed three times with assay buffer. 20 μL of Ready Safe scintillation fluid was added to dried plates followed by detection on the Trilux detector.";"B";"BAO_0000223";"protein complex format";"Homo sapiens";"None";"None";"None";"None";"";"";"";"CHEMBL2096907";"AMP-activated protein kinase, AMPK";"Homo sapiens";"PROTEIN COMPLEX GROUP";"CHEMBL3886819";"37";"BindingDB Patent Bioactivity Data";"";"2016";"None";"";"";"";"125.0"
"CHEMBL3968294";"";"None";"592.67";"2";"5.32";"173";"COc1ccc(CN2CCC(c3ccc4[nH]c(C(=O)N5CCN(Cc6ccc(C(F)(F)F)cc6)CC5)nc4c3)CC2)cn1";"EC50";"'='";"18.0";"nM";"7.75";"";"";"UO_0000065";"13.07";"0.25";"2.42";"9.98";"0";"CHEMBL5121403";"Activation of AMPK (unknown origin)";"B";"BAO_0000223";"protein complex format";"Homo sapiens";"None";"None";"None";"None";"";"";"";"CHEMBL2096907";"AMP-activated protein kinase, AMPK";"Homo sapiens";"PROTEIN COMPLEX GROUP";"CHEMBL5120754";"1";"Scientific Literature";"Bioorg Med Chem";"2022";"None";"";"ACTIVATOR";"";"0.018000000000000002"
"CHEMBL3954907";"";"None";"398.85";"0";"4.04";"BDBM237928";"CC(=O)N1CC(COc2ccc(-c3cc4c(C(=O)O)c[nH]c4cc3Cl)cc2)C1";"EC50";"'='";"71.2";"nM";"7.15";"";"415027";"UO_0000065";"17.92";"0.35";"3.11";"8.65";"0";"CHEMBL3888750";"33P-Based Assay: The biochemical EC50 (half-maximal concentration required for full activation) of compounds for the activation of AMPK was evaluated by 33P-based assay using SAMS peptide (commercially available) derived from ACC-1. Twenty Î¼l of phosphorylated AMPK diluted in assay buffer, (50 mM HEPES, 1 mM EGTA, 10 mM MgCl2, 0.25 mM DTT, 0.01% Tween-20, 0.01% BSA (pH 7.5)) was added to 384 well plates containing 1 μL of test compound. Following a fifteen minute room temperature incubation, 10 Î¼L of protein phosphatase PP2A was added to the plate to dephosphorylate pThr172 of AMPK. After incubation for 90 minutes, 10 μL of substrate mixture containing 41 nM okadaic acid, 82 μM SAMS peptide, 82 μM ATP and tracer amounts (6.8 nM) of 33P-containing ATP was added to the plate. The reaction was terminated after 60 minutes incubation at room temperature by the addition of 15 μL of 2% H3PO4. Subsequently, 45 μl of reaction mix was transferred to 384 well Millipore MZPH filter plates (MZPHNO50) pre-treated with 25 μL of 2% H3PO4 and the plates were washed three times with assay buffer. 20 μL of Ready Safe scintillation fluid was added to dried plates followed by detection on the Trilux detector.";"B";"BAO_0000223";"protein complex format";"Homo sapiens";"None";"None";"None";"None";"";"";"";"CHEMBL2096907";"AMP-activated protein kinase, AMPK";"Homo sapiens";"PROTEIN COMPLEX GROUP";"CHEMBL3886819";"37";"BindingDB Patent Bioactivity Data";"";"2016";"None";"";"";"";"71.2"
"CHEMBL3890728";"";"None";"398.85";"0";"4.74";"BDBM237933";"COC(=O)N1CCC(c2ccc(-c3cc4c(C(=O)O)c[nH]c4cc3Cl)cc2)C1";"EC50";"'='";"150.5";"nM";"6.82";"";"415032";"UO_0000065";"17.11";"0.33";"2.08";"8.26";"0";"CHEMBL3888750";"33P-Based Assay: The biochemical EC50 (half-maximal concentration required for full activation) of compounds for the activation of AMPK was evaluated by 33P-based assay using SAMS peptide (commercially available) derived from ACC-1. Twenty Î¼l of phosphorylated AMPK diluted in assay buffer, (50 mM HEPES, 1 mM EGTA, 10 mM MgCl2, 0.25 mM DTT, 0.01% Tween-20, 0.01% BSA (pH 7.5)) was added to 384 well plates containing 1 μL of test compound. Following a fifteen minute room temperature incubation, 10 Î¼L of protein phosphatase PP2A was added to the plate to dephosphorylate pThr172 of AMPK. After incubation for 90 minutes, 10 μL of substrate mixture containing 41 nM okadaic acid, 82 μM SAMS peptide, 82 μM ATP and tracer amounts (6.8 nM) of 33P-containing ATP was added to the plate. The reaction was terminated after 60 minutes incubation at room temperature by the addition of 15 μL of 2% H3PO4. Subsequently, 45 μl of reaction mix was transferred to 384 well Millipore MZPH filter plates (MZPHNO50) pre-treated with 25 μL of 2% H3PO4 and the plates were washed three times with assay buffer. 20 μL of Ready Safe scintillation fluid was added to dried plates followed by detection on the Trilux detector.";"B";"BAO_0000223";"protein complex format";"Homo sapiens";"None";"None";"None";"None";"";"";"";"CHEMBL2096907";"AMP-activated protein kinase, AMPK";"Homo sapiens";"PROTEIN COMPLEX GROUP";"CHEMBL3886819";"37";"BindingDB Patent Bioactivity Data";"";"2016";"None";"";"";"";"150.5"
"CHEMBL3890728";"";"None";"398.85";"0";"4.74";"BDBM237933";"COC(=O)N1CCC(c2ccc(-c3cc4c(C(=O)O)c[nH]c4cc3Cl)cc2)C1";"EC50";"'='";"100.7";"nM";"7.00";"";"415033";"UO_0000065";"17.54";"0.34";"2.26";"8.47";"0";"CHEMBL3888750";"33P-Based Assay: The biochemical EC50 (half-maximal concentration required for full activation) of compounds for the activation of AMPK was evaluated by 33P-based assay using SAMS peptide (commercially available) derived from ACC-1. Twenty Î¼l of phosphorylated AMPK diluted in assay buffer, (50 mM HEPES, 1 mM EGTA, 10 mM MgCl2, 0.25 mM DTT, 0.01% Tween-20, 0.01% BSA (pH 7.5)) was added to 384 well plates containing 1 μL of test compound. Following a fifteen minute room temperature incubation, 10 Î¼L of protein phosphatase PP2A was added to the plate to dephosphorylate pThr172 of AMPK. After incubation for 90 minutes, 10 μL of substrate mixture containing 41 nM okadaic acid, 82 μM SAMS peptide, 82 μM ATP and tracer amounts (6.8 nM) of 33P-containing ATP was added to the plate. The reaction was terminated after 60 minutes incubation at room temperature by the addition of 15 μL of 2% H3PO4. Subsequently, 45 μl of reaction mix was transferred to 384 well Millipore MZPH filter plates (MZPHNO50) pre-treated with 25 μL of 2% H3PO4 and the plates were washed three times with assay buffer. 20 μL of Ready Safe scintillation fluid was added to dried plates followed by detection on the Trilux detector.";"B";"BAO_0000223";"protein complex format";"Homo sapiens";"None";"None";"None";"None";"";"";"";"CHEMBL2096907";"AMP-activated protein kinase, AMPK";"Homo sapiens";"PROTEIN COMPLEX GROUP";"CHEMBL3886819";"37";"BindingDB Patent Bioactivity Data";"";"2016";"None";"";"";"";"100.7"
"CHEMBL3913303";"";"None";"382.85";"0";"4.52";"BDBM237934";"CC(=O)N1CCC(c2ccc(-c3cc4c(C(=O)O)c[nH]c4cc3Cl)cc2)C1";"EC50";"'='";"631.9";"nM";"6.20";"";"415035";"UO_0000065";"16.19";"0.31";"1.68";"8.45";"0";"CHEMBL3888750";"33P-Based Assay: The biochemical EC50 (half-maximal concentration required for full activation) of compounds for the activation of AMPK was evaluated by 33P-based assay using SAMS peptide (commercially available) derived from ACC-1. Twenty Î¼l of phosphorylated AMPK diluted in assay buffer, (50 mM HEPES, 1 mM EGTA, 10 mM MgCl2, 0.25 mM DTT, 0.01% Tween-20, 0.01% BSA (pH 7.5)) was added to 384 well plates containing 1 μL of test compound. Following a fifteen minute room temperature incubation, 10 Î¼L of protein phosphatase PP2A was added to the plate to dephosphorylate pThr172 of AMPK. After incubation for 90 minutes, 10 μL of substrate mixture containing 41 nM okadaic acid, 82 μM SAMS peptide, 82 μM ATP and tracer amounts (6.8 nM) of 33P-containing ATP was added to the plate. The reaction was terminated after 60 minutes incubation at room temperature by the addition of 15 μL of 2% H3PO4. Subsequently, 45 μl of reaction mix was transferred to 384 well Millipore MZPH filter plates (MZPHNO50) pre-treated with 25 μL of 2% H3PO4 and the plates were washed three times with assay buffer. 20 μL of Ready Safe scintillation fluid was added to dried plates followed by detection on the Trilux detector.";"B";"BAO_0000223";"protein complex format";"Homo sapiens";"None";"None";"None";"None";"";"";"";"CHEMBL2096907";"AMP-activated protein kinase, AMPK";"Homo sapiens";"PROTEIN COMPLEX GROUP";"CHEMBL3886819";"37";"BindingDB Patent Bioactivity Data";"";"2016";"None";"";"";"";"631.9"
"CHEMBL3897149";"";"None";"400.86";"0";"3.90";"BDBM237938";"O=C(O)c1c[nH]c2cc(Cl)c(-c3ccc(OCCN4CCOCC4)cc3)cc12";"EC50";"'='";"383.3";"nM";"6.42";"";"415039";"UO_0000065";"16.01";"0.31";"2.52";"8.58";"0";"CHEMBL3888750";"33P-Based Assay: The biochemical EC50 (half-maximal concentration required for full activation) of compounds for the activation of AMPK was evaluated by 33P-based assay using SAMS peptide (commercially available) derived from ACC-1. Twenty Î¼l of phosphorylated AMPK diluted in assay buffer, (50 mM HEPES, 1 mM EGTA, 10 mM MgCl2, 0.25 mM DTT, 0.01% Tween-20, 0.01% BSA (pH 7.5)) was added to 384 well plates containing 1 μL of test compound. Following a fifteen minute room temperature incubation, 10 Î¼L of protein phosphatase PP2A was added to the plate to dephosphorylate pThr172 of AMPK. After incubation for 90 minutes, 10 μL of substrate mixture containing 41 nM okadaic acid, 82 μM SAMS peptide, 82 μM ATP and tracer amounts (6.8 nM) of 33P-containing ATP was added to the plate. The reaction was terminated after 60 minutes incubation at room temperature by the addition of 15 μL of 2% H3PO4. Subsequently, 45 μl of reaction mix was transferred to 384 well Millipore MZPH filter plates (MZPHNO50) pre-treated with 25 μL of 2% H3PO4 and the plates were washed three times with assay buffer. 20 μL of Ready Safe scintillation fluid was added to dried plates followed by detection on the Trilux detector.";"B";"BAO_0000223";"protein complex format";"Homo sapiens";"None";"None";"None";"None";"";"";"";"CHEMBL2096907";"AMP-activated protein kinase, AMPK";"Homo sapiens";"PROTEIN COMPLEX GROUP";"CHEMBL3886819";"37";"BindingDB Patent Bioactivity Data";"";"2016";"None";"";"";"";"383.3"
"CHEMBL3930689";"";"None";"355.37";"0";"4.05";"BDBM237944";"COc1cc(-c2cc3c(C(=O)O)c[nH]c3cc2F)ccc1C1(O)CCC1";"EC50";"'='";"111.1";"nM";"6.95";"";"415045";"UO_0000065";"19.57";"0.37";"2.90";"8.42";"0";"CHEMBL3888750";"33P-Based Assay: The biochemical EC50 (half-maximal concentration required for full activation) of compounds for the activation of AMPK was evaluated by 33P-based assay using SAMS peptide (commercially available) derived from ACC-1. Twenty Î¼l of phosphorylated AMPK diluted in assay buffer, (50 mM HEPES, 1 mM EGTA, 10 mM MgCl2, 0.25 mM DTT, 0.01% Tween-20, 0.01% BSA (pH 7.5)) was added to 384 well plates containing 1 μL of test compound. Following a fifteen minute room temperature incubation, 10 Î¼L of protein phosphatase PP2A was added to the plate to dephosphorylate pThr172 of AMPK. After incubation for 90 minutes, 10 μL of substrate mixture containing 41 nM okadaic acid, 82 μM SAMS peptide, 82 μM ATP and tracer amounts (6.8 nM) of 33P-containing ATP was added to the plate. The reaction was terminated after 60 minutes incubation at room temperature by the addition of 15 μL of 2% H3PO4. Subsequently, 45 μl of reaction mix was transferred to 384 well Millipore MZPH filter plates (MZPHNO50) pre-treated with 25 μL of 2% H3PO4 and the plates were washed three times with assay buffer. 20 μL of Ready Safe scintillation fluid was added to dried plates followed by detection on the Trilux detector.";"B";"BAO_0000223";"protein complex format";"Homo sapiens";"None";"None";"None";"None";"";"";"";"CHEMBL2096907";"AMP-activated protein kinase, AMPK";"Homo sapiens";"PROTEIN COMPLEX GROUP";"CHEMBL3886819";"37";"BindingDB Patent Bioactivity Data";"";"2016";"None";"";"";"";"111.1"
"CHEMBL3956469";"";"None";"345.35";"0";"4.08";"BDBM60975";"CC(C)(CO)c1ccc(-c2c(F)cc3[nH]cc(C(=O)O)c3c2F)cc1";"EC50";"'='";"124.5";"nM";"6.91";"";"415046";"UO_0000065";"19.99";"0.38";"2.82";"9.42";"0";"CHEMBL3888750";"33P-Based Assay: The biochemical EC50 (half-maximal concentration required for full activation) of compounds for the activation of AMPK was evaluated by 33P-based assay using SAMS peptide (commercially available) derived from ACC-1. Twenty Î¼l of phosphorylated AMPK diluted in assay buffer, (50 mM HEPES, 1 mM EGTA, 10 mM MgCl2, 0.25 mM DTT, 0.01% Tween-20, 0.01% BSA (pH 7.5)) was added to 384 well plates containing 1 μL of test compound. Following a fifteen minute room temperature incubation, 10 Î¼L of protein phosphatase PP2A was added to the plate to dephosphorylate pThr172 of AMPK. After incubation for 90 minutes, 10 μL of substrate mixture containing 41 nM okadaic acid, 82 μM SAMS peptide, 82 μM ATP and tracer amounts (6.8 nM) of 33P-containing ATP was added to the plate. The reaction was terminated after 60 minutes incubation at room temperature by the addition of 15 μL of 2% H3PO4. Subsequently, 45 μl of reaction mix was transferred to 384 well Millipore MZPH filter plates (MZPHNO50) pre-treated with 25 μL of 2% H3PO4 and the plates were washed three times with assay buffer. 20 μL of Ready Safe scintillation fluid was added to dried plates followed by detection on the Trilux detector.";"B";"BAO_0000223";"protein complex format";"Homo sapiens";"None";"None";"None";"None";"";"";"";"CHEMBL2096907";"AMP-activated protein kinase, AMPK";"Homo sapiens";"PROTEIN COMPLEX GROUP";"CHEMBL3886819";"37";"BindingDB Patent Bioactivity Data";"";"2016";"None";"";"";"";"124.5"
"CHEMBL3908083";"";"None";"315.76";"0";"4.59";"BDBM237950";"CCOc1ccc(-c2cc3c(C(=O)O)c[nH]c3cc2Cl)cc1";"EC50";"'='";"130.0";"nM";"6.89";"";"415051";"UO_0000065";"21.81";"0.43";"2.30";"11.05";"0";"CHEMBL3888750";"33P-Based Assay: The biochemical EC50 (half-maximal concentration required for full activation) of compounds for the activation of AMPK was evaluated by 33P-based assay using SAMS peptide (commercially available) derived from ACC-1. Twenty Î¼l of phosphorylated AMPK diluted in assay buffer, (50 mM HEPES, 1 mM EGTA, 10 mM MgCl2, 0.25 mM DTT, 0.01% Tween-20, 0.01% BSA (pH 7.5)) was added to 384 well plates containing 1 μL of test compound. Following a fifteen minute room temperature incubation, 10 Î¼L of protein phosphatase PP2A was added to the plate to dephosphorylate pThr172 of AMPK. After incubation for 90 minutes, 10 μL of substrate mixture containing 41 nM okadaic acid, 82 μM SAMS peptide, 82 μM ATP and tracer amounts (6.8 nM) of 33P-containing ATP was added to the plate. The reaction was terminated after 60 minutes incubation at room temperature by the addition of 15 μL of 2% H3PO4. Subsequently, 45 μl of reaction mix was transferred to 384 well Millipore MZPH filter plates (MZPHNO50) pre-treated with 25 μL of 2% H3PO4 and the plates were washed three times with assay buffer. 20 μL of Ready Safe scintillation fluid was added to dried plates followed by detection on the Trilux detector.";"B";"BAO_0000223";"protein complex format";"Homo sapiens";"None";"None";"None";"None";"";"";"";"CHEMBL2096907";"AMP-activated protein kinase, AMPK";"Homo sapiens";"PROTEIN COMPLEX GROUP";"CHEMBL3886819";"37";"BindingDB Patent Bioactivity Data";"";"2016";"None";"";"";"";"130.0"
"CHEMBL3931448";"";"None";"331.76";"0";"4.20";"BDBM237956";"COc1ccc(-c2cc3c(C(=O)O)c[nH]c3cc2Cl)cc1OC";"EC50";"'='";"247.8";"nM";"6.61";"";"415057";"UO_0000065";"19.91";"0.39";"2.41";"9.23";"0";"CHEMBL3888750";"33P-Based Assay: The biochemical EC50 (half-maximal concentration required for full activation) of compounds for the activation of AMPK was evaluated by 33P-based assay using SAMS peptide (commercially available) derived from ACC-1. Twenty Î¼l of phosphorylated AMPK diluted in assay buffer, (50 mM HEPES, 1 mM EGTA, 10 mM MgCl2, 0.25 mM DTT, 0.01% Tween-20, 0.01% BSA (pH 7.5)) was added to 384 well plates containing 1 μL of test compound. Following a fifteen minute room temperature incubation, 10 Î¼L of protein phosphatase PP2A was added to the plate to dephosphorylate pThr172 of AMPK. After incubation for 90 minutes, 10 μL of substrate mixture containing 41 nM okadaic acid, 82 μM SAMS peptide, 82 μM ATP and tracer amounts (6.8 nM) of 33P-containing ATP was added to the plate. The reaction was terminated after 60 minutes incubation at room temperature by the addition of 15 μL of 2% H3PO4. Subsequently, 45 μl of reaction mix was transferred to 384 well Millipore MZPH filter plates (MZPHNO50) pre-treated with 25 μL of 2% H3PO4 and the plates were washed three times with assay buffer. 20 μL of Ready Safe scintillation fluid was added to dried plates followed by detection on the Trilux detector.";"B";"BAO_0000223";"protein complex format";"Homo sapiens";"None";"None";"None";"None";"";"";"";"CHEMBL2096907";"AMP-activated protein kinase, AMPK";"Homo sapiens";"PROTEIN COMPLEX GROUP";"CHEMBL3886819";"37";"BindingDB Patent Bioactivity Data";"";"2016";"None";"";"";"";"247.8"
"CHEMBL3899375";"";"None";"413.91";"0";"3.86";"BDBM237969";"O=C(O)c1c[nH]c2cc(Cl)c(-c3ccc(OCCCN4CCNCC4)cc3)cc12";"EC50";"'='";"38.1";"nM";"7.42";"";"415070";"UO_0000065";"17.92";"0.35";"3.56";"9.56";"0";"CHEMBL3888750";"33P-Based Assay: The biochemical EC50 (half-maximal concentration required for full activation) of compounds for the activation of AMPK was evaluated by 33P-based assay using SAMS peptide (commercially available) derived from ACC-1. Twenty Î¼l of phosphorylated AMPK diluted in assay buffer, (50 mM HEPES, 1 mM EGTA, 10 mM MgCl2, 0.25 mM DTT, 0.01% Tween-20, 0.01% BSA (pH 7.5)) was added to 384 well plates containing 1 μL of test compound. Following a fifteen minute room temperature incubation, 10 Î¼L of protein phosphatase PP2A was added to the plate to dephosphorylate pThr172 of AMPK. After incubation for 90 minutes, 10 μL of substrate mixture containing 41 nM okadaic acid, 82 μM SAMS peptide, 82 μM ATP and tracer amounts (6.8 nM) of 33P-containing ATP was added to the plate. The reaction was terminated after 60 minutes incubation at room temperature by the addition of 15 μL of 2% H3PO4. Subsequently, 45 μl of reaction mix was transferred to 384 well Millipore MZPH filter plates (MZPHNO50) pre-treated with 25 μL of 2% H3PO4 and the plates were washed three times with assay buffer. 20 μL of Ready Safe scintillation fluid was added to dried plates followed by detection on the Trilux detector.";"B";"BAO_0000223";"protein complex format";"Homo sapiens";"None";"None";"None";"None";"";"";"";"CHEMBL2096907";"AMP-activated protein kinase, AMPK";"Homo sapiens";"PROTEIN COMPLEX GROUP";"CHEMBL3886819";"37";"BindingDB Patent Bioactivity Data";"";"2016";"None";"";"";"";"38.1"
"CHEMBL3900654";"";"None";"396.87";"0";"4.91";"BDBM237982";"CC(=O)N1CCC(c2ccc(-c3cc4c(C(=O)O)c[nH]c4cc3Cl)cc2)CC1";"EC50";"'='";"134.6";"nM";"6.87";"";"415083";"UO_0000065";"17.31";"0.34";"1.96";"9.36";"0";"CHEMBL3888750";"33P-Based Assay: The biochemical EC50 (half-maximal concentration required for full activation) of compounds for the activation of AMPK was evaluated by 33P-based assay using SAMS peptide (commercially available) derived from ACC-1. Twenty Î¼l of phosphorylated AMPK diluted in assay buffer, (50 mM HEPES, 1 mM EGTA, 10 mM MgCl2, 0.25 mM DTT, 0.01% Tween-20, 0.01% BSA (pH 7.5)) was added to 384 well plates containing 1 μL of test compound. Following a fifteen minute room temperature incubation, 10 Î¼L of protein phosphatase PP2A was added to the plate to dephosphorylate pThr172 of AMPK. After incubation for 90 minutes, 10 μL of substrate mixture containing 41 nM okadaic acid, 82 μM SAMS peptide, 82 μM ATP and tracer amounts (6.8 nM) of 33P-containing ATP was added to the plate. The reaction was terminated after 60 minutes incubation at room temperature by the addition of 15 μL of 2% H3PO4. Subsequently, 45 μl of reaction mix was transferred to 384 well Millipore MZPH filter plates (MZPHNO50) pre-treated with 25 μL of 2% H3PO4 and the plates were washed three times with assay buffer. 20 μL of Ready Safe scintillation fluid was added to dried plates followed by detection on the Trilux detector.";"B";"BAO_0000223";"protein complex format";"Homo sapiens";"None";"None";"None";"None";"";"";"";"CHEMBL2096907";"AMP-activated protein kinase, AMPK";"Homo sapiens";"PROTEIN COMPLEX GROUP";"CHEMBL3886819";"37";"BindingDB Patent Bioactivity Data";"";"2016";"None";"";"";"";"134.6"
"CHEMBL3986249";"";"None";"341.79";"0";"4.21";"BDBM237992";"O=C(O)c1c[nH]c2cc(Cl)c(-c3ccc(C4(CO)CC4)cc3)cc12";"EC50";"'='";"0.5";"nM";"9.30";"";"415093";"UO_0000065";"27.21";"0.53";"5.09";"12.69";"0";"CHEMBL3888750";"33P-Based Assay: The biochemical EC50 (half-maximal concentration required for full activation) of compounds for the activation of AMPK was evaluated by 33P-based assay using SAMS peptide (commercially available) derived from ACC-1. Twenty Î¼l of phosphorylated AMPK diluted in assay buffer, (50 mM HEPES, 1 mM EGTA, 10 mM MgCl2, 0.25 mM DTT, 0.01% Tween-20, 0.01% BSA (pH 7.5)) was added to 384 well plates containing 1 μL of test compound. Following a fifteen minute room temperature incubation, 10 Î¼L of protein phosphatase PP2A was added to the plate to dephosphorylate pThr172 of AMPK. After incubation for 90 minutes, 10 μL of substrate mixture containing 41 nM okadaic acid, 82 μM SAMS peptide, 82 μM ATP and tracer amounts (6.8 nM) of 33P-containing ATP was added to the plate. The reaction was terminated after 60 minutes incubation at room temperature by the addition of 15 μL of 2% H3PO4. Subsequently, 45 μl of reaction mix was transferred to 384 well Millipore MZPH filter plates (MZPHNO50) pre-treated with 25 μL of 2% H3PO4 and the plates were washed three times with assay buffer. 20 μL of Ready Safe scintillation fluid was added to dried plates followed by detection on the Trilux detector.";"B";"BAO_0000223";"protein complex format";"Homo sapiens";"None";"None";"None";"None";"";"";"";"CHEMBL2096907";"AMP-activated protein kinase, AMPK";"Homo sapiens";"PROTEIN COMPLEX GROUP";"CHEMBL3886819";"37";"BindingDB Patent Bioactivity Data";"";"2016";"None";"";"";"";"0.5"
"CHEMBL3921896";"";"None";"378.82";"1";"5.16";"BDBM238008";"O=C(O)c1c[nH]c2cc(Cl)c(-c3ccc(OCc4cccnc4)cc3)cc12";"EC50";"'='";"17.9";"nM";"7.75";"";"415109";"UO_0000065";"20.45";"0.39";"2.59";"10.30";"0";"CHEMBL3888750";"33P-Based Assay: The biochemical EC50 (half-maximal concentration required for full activation) of compounds for the activation of AMPK was evaluated by 33P-based assay using SAMS peptide (commercially available) derived from ACC-1. Twenty Î¼l of phosphorylated AMPK diluted in assay buffer, (50 mM HEPES, 1 mM EGTA, 10 mM MgCl2, 0.25 mM DTT, 0.01% Tween-20, 0.01% BSA (pH 7.5)) was added to 384 well plates containing 1 μL of test compound. Following a fifteen minute room temperature incubation, 10 Î¼L of protein phosphatase PP2A was added to the plate to dephosphorylate pThr172 of AMPK. After incubation for 90 minutes, 10 μL of substrate mixture containing 41 nM okadaic acid, 82 μM SAMS peptide, 82 μM ATP and tracer amounts (6.8 nM) of 33P-containing ATP was added to the plate. The reaction was terminated after 60 minutes incubation at room temperature by the addition of 15 μL of 2% H3PO4. Subsequently, 45 μl of reaction mix was transferred to 384 well Millipore MZPH filter plates (MZPHNO50) pre-treated with 25 μL of 2% H3PO4 and the plates were washed three times with assay buffer. 20 μL of Ready Safe scintillation fluid was added to dried plates followed by detection on the Trilux detector.";"B";"BAO_0000223";"protein complex format";"Homo sapiens";"None";"None";"None";"None";"";"";"";"CHEMBL2096907";"AMP-activated protein kinase, AMPK";"Homo sapiens";"PROTEIN COMPLEX GROUP";"CHEMBL3886819";"37";"BindingDB Patent Bioactivity Data";"";"2016";"None";"";"";"";"17.9"
"CHEMBL3950160";"";"None";"302.72";"0";"3.59";"BDBM60978";"COc1ccc(-c2cc3c(C(=O)O)n[nH]c3cc2Cl)cc1";"EC50";"'='";"202.0";"nM";"6.70";"";"415112";"UO_0000065";"22.11";"0.44";"3.10";"8.90";"0";"CHEMBL3888750";"33P-Based Assay: The biochemical EC50 (half-maximal concentration required for full activation) of compounds for the activation of AMPK was evaluated by 33P-based assay using SAMS peptide (commercially available) derived from ACC-1. Twenty Î¼l of phosphorylated AMPK diluted in assay buffer, (50 mM HEPES, 1 mM EGTA, 10 mM MgCl2, 0.25 mM DTT, 0.01% Tween-20, 0.01% BSA (pH 7.5)) was added to 384 well plates containing 1 μL of test compound. Following a fifteen minute room temperature incubation, 10 Î¼L of protein phosphatase PP2A was added to the plate to dephosphorylate pThr172 of AMPK. After incubation for 90 minutes, 10 μL of substrate mixture containing 41 nM okadaic acid, 82 μM SAMS peptide, 82 μM ATP and tracer amounts (6.8 nM) of 33P-containing ATP was added to the plate. The reaction was terminated after 60 minutes incubation at room temperature by the addition of 15 μL of 2% H3PO4. Subsequently, 45 μl of reaction mix was transferred to 384 well Millipore MZPH filter plates (MZPHNO50) pre-treated with 25 μL of 2% H3PO4 and the plates were washed three times with assay buffer. 20 μL of Ready Safe scintillation fluid was added to dried plates followed by detection on the Trilux detector.";"B";"BAO_0000223";"protein complex format";"Homo sapiens";"None";"None";"None";"None";"";"";"";"CHEMBL2096907";"AMP-activated protein kinase, AMPK";"Homo sapiens";"PROTEIN COMPLEX GROUP";"CHEMBL3886819";"37";"BindingDB Patent Bioactivity Data";"";"2016";"None";"";"";"";"202.0"
"CHEMBL3929404";"";"None";"356.81";"0";"4.48";"BDBM238018";"O=C(O)c1n[nH]c2cc(Cl)c(-c3ccc(C4CCOCC4)cc3)cc12";"EC50";"'='";"36.5";"nM";"7.44";"";"415119";"UO_0000065";"20.85";"0.41";"2.96";"9.89";"0";"CHEMBL3888750";"33P-Based Assay: The biochemical EC50 (half-maximal concentration required for full activation) of compounds for the activation of AMPK was evaluated by 33P-based assay using SAMS peptide (commercially available) derived from ACC-1. Twenty Î¼l of phosphorylated AMPK diluted in assay buffer, (50 mM HEPES, 1 mM EGTA, 10 mM MgCl2, 0.25 mM DTT, 0.01% Tween-20, 0.01% BSA (pH 7.5)) was added to 384 well plates containing 1 μL of test compound. Following a fifteen minute room temperature incubation, 10 Î¼L of protein phosphatase PP2A was added to the plate to dephosphorylate pThr172 of AMPK. After incubation for 90 minutes, 10 μL of substrate mixture containing 41 nM okadaic acid, 82 μM SAMS peptide, 82 μM ATP and tracer amounts (6.8 nM) of 33P-containing ATP was added to the plate. The reaction was terminated after 60 minutes incubation at room temperature by the addition of 15 μL of 2% H3PO4. Subsequently, 45 μl of reaction mix was transferred to 384 well Millipore MZPH filter plates (MZPHNO50) pre-treated with 25 μL of 2% H3PO4 and the plates were washed three times with assay buffer. 20 μL of Ready Safe scintillation fluid was added to dried plates followed by detection on the Trilux detector.";"B";"BAO_0000223";"protein complex format";"Homo sapiens";"None";"None";"None";"None";"";"";"";"CHEMBL2096907";"AMP-activated protein kinase, AMPK";"Homo sapiens";"PROTEIN COMPLEX GROUP";"CHEMBL3886819";"37";"BindingDB Patent Bioactivity Data";"";"2016";"None";"";"";"";"36.5"
"CHEMBL3983545";"";"None";"398.85";"0";"3.25";"BDBM238021";"CC(=O)N1CCN(c2ccc(-c3cc4c(C(=O)O)n[nH]c4cc3Cl)cc2)CC1";"EC50";"'='";"43.5";"nM";"7.36";"";"415122";"UO_0000065";"18.46";"0.36";"4.11";"8.22";"0";"CHEMBL3888750";"33P-Based Assay: The biochemical EC50 (half-maximal concentration required for full activation) of compounds for the activation of AMPK was evaluated by 33P-based assay using SAMS peptide (commercially available) derived from ACC-1. Twenty Î¼l of phosphorylated AMPK diluted in assay buffer, (50 mM HEPES, 1 mM EGTA, 10 mM MgCl2, 0.25 mM DTT, 0.01% Tween-20, 0.01% BSA (pH 7.5)) was added to 384 well plates containing 1 μL of test compound. Following a fifteen minute room temperature incubation, 10 Î¼L of protein phosphatase PP2A was added to the plate to dephosphorylate pThr172 of AMPK. After incubation for 90 minutes, 10 μL of substrate mixture containing 41 nM okadaic acid, 82 μM SAMS peptide, 82 μM ATP and tracer amounts (6.8 nM) of 33P-containing ATP was added to the plate. The reaction was terminated after 60 minutes incubation at room temperature by the addition of 15 μL of 2% H3PO4. Subsequently, 45 μl of reaction mix was transferred to 384 well Millipore MZPH filter plates (MZPHNO50) pre-treated with 25 μL of 2% H3PO4 and the plates were washed three times with assay buffer. 20 μL of Ready Safe scintillation fluid was added to dried plates followed by detection on the Trilux detector.";"B";"BAO_0000223";"protein complex format";"Homo sapiens";"None";"None";"None";"None";"";"";"";"CHEMBL2096907";"AMP-activated protein kinase, AMPK";"Homo sapiens";"PROTEIN COMPLEX GROUP";"CHEMBL3886819";"37";"BindingDB Patent Bioactivity Data";"";"2016";"None";"";"";"";"43.5"
"CHEMBL3957809";"";"None";"341.79";"0";"4.42";"BDBM238050";"O=C(O)c1c[nH]c2cc(Cl)c(-c3ccc([C@H]4C[C@H](O)C4)cc3)cc12";"EC50";"'='";"40.4";"nM";"7.39";"";"415151";"UO_0000065";"21.63";"0.42";"2.97";"10.08";"0";"CHEMBL3888750";"33P-Based Assay: The biochemical EC50 (half-maximal concentration required for full activation) of compounds for the activation of AMPK was evaluated by 33P-based assay using SAMS peptide (commercially available) derived from ACC-1. Twenty Î¼l of phosphorylated AMPK diluted in assay buffer, (50 mM HEPES, 1 mM EGTA, 10 mM MgCl2, 0.25 mM DTT, 0.01% Tween-20, 0.01% BSA (pH 7.5)) was added to 384 well plates containing 1 μL of test compound. Following a fifteen minute room temperature incubation, 10 Î¼L of protein phosphatase PP2A was added to the plate to dephosphorylate pThr172 of AMPK. After incubation for 90 minutes, 10 μL of substrate mixture containing 41 nM okadaic acid, 82 μM SAMS peptide, 82 μM ATP and tracer amounts (6.8 nM) of 33P-containing ATP was added to the plate. The reaction was terminated after 60 minutes incubation at room temperature by the addition of 15 μL of 2% H3PO4. Subsequently, 45 μl of reaction mix was transferred to 384 well Millipore MZPH filter plates (MZPHNO50) pre-treated with 25 μL of 2% H3PO4 and the plates were washed three times with assay buffer. 20 μL of Ready Safe scintillation fluid was added to dried plates followed by detection on the Trilux detector.";"B";"BAO_0000223";"protein complex format";"Homo sapiens";"None";"None";"None";"None";"";"";"";"CHEMBL2096907";"AMP-activated protein kinase, AMPK";"Homo sapiens";"PROTEIN COMPLEX GROUP";"CHEMBL3886819";"37";"BindingDB Patent Bioactivity Data";"";"2016";"None";"";"";"";"40.4"
"CHEMBL3984291";"";"None";"339.37";"0";"4.09";"BDBM238054";"O=C(O)c1c[nH]c2cc(F)c(-c3ccc(C4(CO)CCC4)cc3)cc12";"EC50";"'='";"17.67";"nM";"7.75";"";"415155";"UO_0000065";"22.84";"0.42";"3.66";"10.57";"0";"CHEMBL3888750";"33P-Based Assay: The biochemical EC50 (half-maximal concentration required for full activation) of compounds for the activation of AMPK was evaluated by 33P-based assay using SAMS peptide (commercially available) derived from ACC-1. Twenty Î¼l of phosphorylated AMPK diluted in assay buffer, (50 mM HEPES, 1 mM EGTA, 10 mM MgCl2, 0.25 mM DTT, 0.01% Tween-20, 0.01% BSA (pH 7.5)) was added to 384 well plates containing 1 μL of test compound. Following a fifteen minute room temperature incubation, 10 Î¼L of protein phosphatase PP2A was added to the plate to dephosphorylate pThr172 of AMPK. After incubation for 90 minutes, 10 μL of substrate mixture containing 41 nM okadaic acid, 82 μM SAMS peptide, 82 μM ATP and tracer amounts (6.8 nM) of 33P-containing ATP was added to the plate. The reaction was terminated after 60 minutes incubation at room temperature by the addition of 15 μL of 2% H3PO4. Subsequently, 45 μl of reaction mix was transferred to 384 well Millipore MZPH filter plates (MZPHNO50) pre-treated with 25 μL of 2% H3PO4 and the plates were washed three times with assay buffer. 20 μL of Ready Safe scintillation fluid was added to dried plates followed by detection on the Trilux detector.";"B";"BAO_0000223";"protein complex format";"Homo sapiens";"None";"None";"None";"None";"";"";"";"CHEMBL2096907";"AMP-activated protein kinase, AMPK";"Homo sapiens";"PROTEIN COMPLEX GROUP";"CHEMBL3886819";"37";"BindingDB Patent Bioactivity Data";"";"2016";"None";"";"";"";"17.67"
"CHEMBL3907302";"";"None";"359.77";"0";"3.32";"BDBM238055";"O=C(O)c1c[nH]c2cc(Cl)c(-c3ccc4c(c3)OC[C@H](CO)O4)cc12";"EC50";"'='";"236.3";"nM";"6.63";"";"415156";"UO_0000065";"18.42";"0.36";"3.31";"7.22";"0";"CHEMBL3888750";"33P-Based Assay: The biochemical EC50 (half-maximal concentration required for full activation) of compounds for the activation of AMPK was evaluated by 33P-based assay using SAMS peptide (commercially available) derived from ACC-1. Twenty Î¼l of phosphorylated AMPK diluted in assay buffer, (50 mM HEPES, 1 mM EGTA, 10 mM MgCl2, 0.25 mM DTT, 0.01% Tween-20, 0.01% BSA (pH 7.5)) was added to 384 well plates containing 1 μL of test compound. Following a fifteen minute room temperature incubation, 10 Î¼L of protein phosphatase PP2A was added to the plate to dephosphorylate pThr172 of AMPK. After incubation for 90 minutes, 10 μL of substrate mixture containing 41 nM okadaic acid, 82 μM SAMS peptide, 82 μM ATP and tracer amounts (6.8 nM) of 33P-containing ATP was added to the plate. The reaction was terminated after 60 minutes incubation at room temperature by the addition of 15 μL of 2% H3PO4. Subsequently, 45 μl of reaction mix was transferred to 384 well Millipore MZPH filter plates (MZPHNO50) pre-treated with 25 μL of 2% H3PO4 and the plates were washed three times with assay buffer. 20 μL of Ready Safe scintillation fluid was added to dried plates followed by detection on the Trilux detector.";"B";"BAO_0000223";"protein complex format";"Homo sapiens";"None";"None";"None";"None";"";"";"";"CHEMBL2096907";"AMP-activated protein kinase, AMPK";"Homo sapiens";"PROTEIN COMPLEX GROUP";"CHEMBL3886819";"37";"BindingDB Patent Bioactivity Data";"";"2016";"None";"";"";"";"236.3"
"CHEMBL3893888";"";"None";"343.33";"0";"4.66";"BDBM60982";"O=C(O)c1c[nH]c2cc(F)c(-c3ccc([C@@H]4CCCO4)cc3)c(F)c12";"EC50";"'='";"136.9";"nM";"6.86";"";"415165";"UO_0000065";"19.99";"0.37";"2.20";"11.01";"0";"CHEMBL3888750";"33P-Based Assay: The biochemical EC50 (half-maximal concentration required for full activation) of compounds for the activation of AMPK was evaluated by 33P-based assay using SAMS peptide (commercially available) derived from ACC-1. Twenty Î¼l of phosphorylated AMPK diluted in assay buffer, (50 mM HEPES, 1 mM EGTA, 10 mM MgCl2, 0.25 mM DTT, 0.01% Tween-20, 0.01% BSA (pH 7.5)) was added to 384 well plates containing 1 μL of test compound. Following a fifteen minute room temperature incubation, 10 Î¼L of protein phosphatase PP2A was added to the plate to dephosphorylate pThr172 of AMPK. After incubation for 90 minutes, 10 μL of substrate mixture containing 41 nM okadaic acid, 82 μM SAMS peptide, 82 μM ATP and tracer amounts (6.8 nM) of 33P-containing ATP was added to the plate. The reaction was terminated after 60 minutes incubation at room temperature by the addition of 15 μL of 2% H3PO4. Subsequently, 45 μl of reaction mix was transferred to 384 well Millipore MZPH filter plates (MZPHNO50) pre-treated with 25 μL of 2% H3PO4 and the plates were washed three times with assay buffer. 20 μL of Ready Safe scintillation fluid was added to dried plates followed by detection on the Trilux detector.";"B";"BAO_0000223";"protein complex format";"Homo sapiens";"None";"None";"None";"None";"";"";"";"CHEMBL2096907";"AMP-activated protein kinase, AMPK";"Homo sapiens";"PROTEIN COMPLEX GROUP";"CHEMBL3886819";"37";"BindingDB Patent Bioactivity Data";"";"2016";"None";"";"";"";"136.9"
"CHEMBL3975761";"";"None";"387.82";"0";"3.16";"BDBM238069";"COc1nc(N2CCC(O)C2)ccc1-c1cc2c(C(=O)O)c[nH]c2cc1Cl";"EC50";"'='";"8.328";"nM";"8.08";"";"415173";"UO_0000065";"20.83";"0.41";"4.92";"8.19";"0";"CHEMBL3888750";"33P-Based Assay: The biochemical EC50 (half-maximal concentration required for full activation) of compounds for the activation of AMPK was evaluated by 33P-based assay using SAMS peptide (commercially available) derived from ACC-1. Twenty Î¼l of phosphorylated AMPK diluted in assay buffer, (50 mM HEPES, 1 mM EGTA, 10 mM MgCl2, 0.25 mM DTT, 0.01% Tween-20, 0.01% BSA (pH 7.5)) was added to 384 well plates containing 1 μL of test compound. Following a fifteen minute room temperature incubation, 10 Î¼L of protein phosphatase PP2A was added to the plate to dephosphorylate pThr172 of AMPK. After incubation for 90 minutes, 10 μL of substrate mixture containing 41 nM okadaic acid, 82 μM SAMS peptide, 82 μM ATP and tracer amounts (6.8 nM) of 33P-containing ATP was added to the plate. The reaction was terminated after 60 minutes incubation at room temperature by the addition of 15 μL of 2% H3PO4. Subsequently, 45 μl of reaction mix was transferred to 384 well Millipore MZPH filter plates (MZPHNO50) pre-treated with 25 μL of 2% H3PO4 and the plates were washed three times with assay buffer. 20 μL of Ready Safe scintillation fluid was added to dried plates followed by detection on the Trilux detector.";"B";"BAO_0000223";"protein complex format";"Homo sapiens";"None";"None";"None";"None";"";"";"";"CHEMBL2096907";"AMP-activated protein kinase, AMPK";"Homo sapiens";"PROTEIN COMPLEX GROUP";"CHEMBL3886819";"37";"BindingDB Patent Bioactivity Data";"";"2016";"None";"";"";"";"8.328"
"CHEMBL4107500";"";"None";"387.82";"0";"3.16";"BDBM238090";"COc1nc(N2CC[C@@H](O)C2)ccc1-c1cc2c(C(=O)O)c[nH]c2cc1Cl";"EC50";"'='";"2.9";"nM";"8.54";"";"415198";"UO_0000065";"22.01";"0.43";"5.38";"8.65";"0";"CHEMBL3888750";"33P-Based Assay: The biochemical EC50 (half-maximal concentration required for full activation) of compounds for the activation of AMPK was evaluated by 33P-based assay using SAMS peptide (commercially available) derived from ACC-1. Twenty Î¼l of phosphorylated AMPK diluted in assay buffer, (50 mM HEPES, 1 mM EGTA, 10 mM MgCl2, 0.25 mM DTT, 0.01% Tween-20, 0.01% BSA (pH 7.5)) was added to 384 well plates containing 1 μL of test compound. Following a fifteen minute room temperature incubation, 10 Î¼L of protein phosphatase PP2A was added to the plate to dephosphorylate pThr172 of AMPK. After incubation for 90 minutes, 10 μL of substrate mixture containing 41 nM okadaic acid, 82 μM SAMS peptide, 82 μM ATP and tracer amounts (6.8 nM) of 33P-containing ATP was added to the plate. The reaction was terminated after 60 minutes incubation at room temperature by the addition of 15 μL of 2% H3PO4. Subsequently, 45 μl of reaction mix was transferred to 384 well Millipore MZPH filter plates (MZPHNO50) pre-treated with 25 μL of 2% H3PO4 and the plates were washed three times with assay buffer. 20 μL of Ready Safe scintillation fluid was added to dried plates followed by detection on the Trilux detector.";"B";"BAO_0000223";"protein complex format";"Homo sapiens";"None";"None";"None";"None";"";"";"";"CHEMBL2096907";"AMP-activated protein kinase, AMPK";"Homo sapiens";"PROTEIN COMPLEX GROUP";"CHEMBL3886819";"37";"BindingDB Patent Bioactivity Data";"";"2016";"None";"";"";"";"2.9"
"CHEMBL3983491";"";"None";"441.92";"0";"3.73";"BDBM238093";"CN1CCN(CCCOc2ccc(-c3cc4c(C(=O)O)c[nH]c4cc3Cl)cc2)CC1=O";"EC50";"'='";"52.7";"nM";"7.28";"";"415201";"UO_0000065";"16.47";"0.32";"3.55";"8.48";"0";"CHEMBL3888750";"33P-Based Assay: The biochemical EC50 (half-maximal concentration required for full activation) of compounds for the activation of AMPK was evaluated by 33P-based assay using SAMS peptide (commercially available) derived from ACC-1. Twenty Î¼l of phosphorylated AMPK diluted in assay buffer, (50 mM HEPES, 1 mM EGTA, 10 mM MgCl2, 0.25 mM DTT, 0.01% Tween-20, 0.01% BSA (pH 7.5)) was added to 384 well plates containing 1 μL of test compound. Following a fifteen minute room temperature incubation, 10 Î¼L of protein phosphatase PP2A was added to the plate to dephosphorylate pThr172 of AMPK. After incubation for 90 minutes, 10 μL of substrate mixture containing 41 nM okadaic acid, 82 μM SAMS peptide, 82 μM ATP and tracer amounts (6.8 nM) of 33P-containing ATP was added to the plate. The reaction was terminated after 60 minutes incubation at room temperature by the addition of 15 μL of 2% H3PO4. Subsequently, 45 μl of reaction mix was transferred to 384 well Millipore MZPH filter plates (MZPHNO50) pre-treated with 25 μL of 2% H3PO4 and the plates were washed three times with assay buffer. 20 μL of Ready Safe scintillation fluid was added to dried plates followed by detection on the Trilux detector.";"B";"BAO_0000223";"protein complex format";"Homo sapiens";"None";"None";"None";"None";"";"";"";"CHEMBL2096907";"AMP-activated protein kinase, AMPK";"Homo sapiens";"PROTEIN COMPLEX GROUP";"CHEMBL3886819";"37";"BindingDB Patent Bioactivity Data";"";"2016";"None";"";"";"";"52.7"
"CHEMBL3917205";"";"None";"442.94";"1";"5.07";"BDBM238092";"COC1CCN(CCCOc2ccc(-c3cc4c(C(=O)O)c[nH]c4cc3Cl)cc2)CC1";"EC50";"'='";"61.4";"nM";"7.21";"";"415200";"UO_0000065";"16.28";"0.32";"2.14";"9.64";"0";"CHEMBL3888750";"33P-Based Assay: The biochemical EC50 (half-maximal concentration required for full activation) of compounds for the activation of AMPK was evaluated by 33P-based assay using SAMS peptide (commercially available) derived from ACC-1. Twenty Î¼l of phosphorylated AMPK diluted in assay buffer, (50 mM HEPES, 1 mM EGTA, 10 mM MgCl2, 0.25 mM DTT, 0.01% Tween-20, 0.01% BSA (pH 7.5)) was added to 384 well plates containing 1 μL of test compound. Following a fifteen minute room temperature incubation, 10 Î¼L of protein phosphatase PP2A was added to the plate to dephosphorylate pThr172 of AMPK. After incubation for 90 minutes, 10 μL of substrate mixture containing 41 nM okadaic acid, 82 μM SAMS peptide, 82 μM ATP and tracer amounts (6.8 nM) of 33P-containing ATP was added to the plate. The reaction was terminated after 60 minutes incubation at room temperature by the addition of 15 μL of 2% H3PO4. Subsequently, 45 μl of reaction mix was transferred to 384 well Millipore MZPH filter plates (MZPHNO50) pre-treated with 25 μL of 2% H3PO4 and the plates were washed three times with assay buffer. 20 μL of Ready Safe scintillation fluid was added to dried plates followed by detection on the Trilux detector.";"B";"BAO_0000223";"protein complex format";"Homo sapiens";"None";"None";"None";"None";"";"";"";"CHEMBL2096907";"AMP-activated protein kinase, AMPK";"Homo sapiens";"PROTEIN COMPLEX GROUP";"CHEMBL3886819";"37";"BindingDB Patent Bioactivity Data";"";"2016";"None";"";"";"";"61.4"
"CHEMBL3900623";"";"None";"319.72";"0";"4.33";"BDBM237963";"COc1ccc(-c2cc3c(C(=O)O)c[nH]c3cc2Cl)c(F)c1";"EC50";"'='";"85.0";"nM";"7.07";"";"415064";"UO_0000065";"22.11";"0.44";"2.74";"11.35";"0";"CHEMBL3888750";"33P-Based Assay: The biochemical EC50 (half-maximal concentration required for full activation) of compounds for the activation of AMPK was evaluated by 33P-based assay using SAMS peptide (commercially available) derived from ACC-1. Twenty Î¼l of phosphorylated AMPK diluted in assay buffer, (50 mM HEPES, 1 mM EGTA, 10 mM MgCl2, 0.25 mM DTT, 0.01% Tween-20, 0.01% BSA (pH 7.5)) was added to 384 well plates containing 1 μL of test compound. Following a fifteen minute room temperature incubation, 10 Î¼L of protein phosphatase PP2A was added to the plate to dephosphorylate pThr172 of AMPK. After incubation for 90 minutes, 10 μL of substrate mixture containing 41 nM okadaic acid, 82 μM SAMS peptide, 82 μM ATP and tracer amounts (6.8 nM) of 33P-containing ATP was added to the plate. The reaction was terminated after 60 minutes incubation at room temperature by the addition of 15 μL of 2% H3PO4. Subsequently, 45 μl of reaction mix was transferred to 384 well Millipore MZPH filter plates (MZPHNO50) pre-treated with 25 μL of 2% H3PO4 and the plates were washed three times with assay buffer. 20 μL of Ready Safe scintillation fluid was added to dried plates followed by detection on the Trilux detector.";"B";"BAO_0000223";"protein complex format";"Homo sapiens";"None";"None";"None";"None";"";"";"";"CHEMBL2096907";"AMP-activated protein kinase, AMPK";"Homo sapiens";"PROTEIN COMPLEX GROUP";"CHEMBL3886819";"37";"BindingDB Patent Bioactivity Data";"";"2016";"None";"";"";"";"85.0"
"CHEMBL3970555";"";"None";"285.73";"0";"4.49";"BDBM237968";"Cc1ccc(-c2cc3c(C(=O)O)c[nH]c3cc2Cl)cc1";"EC50";"'='";"320.2";"nM";"6.50";"";"415069";"UO_0000065";"22.73";"0.44";"2.00";"12.23";"0";"CHEMBL3888750";"33P-Based Assay: The biochemical EC50 (half-maximal concentration required for full activation) of compounds for the activation of AMPK was evaluated by 33P-based assay using SAMS peptide (commercially available) derived from ACC-1. Twenty Î¼l of phosphorylated AMPK diluted in assay buffer, (50 mM HEPES, 1 mM EGTA, 10 mM MgCl2, 0.25 mM DTT, 0.01% Tween-20, 0.01% BSA (pH 7.5)) was added to 384 well plates containing 1 μL of test compound. Following a fifteen minute room temperature incubation, 10 Î¼L of protein phosphatase PP2A was added to the plate to dephosphorylate pThr172 of AMPK. After incubation for 90 minutes, 10 μL of substrate mixture containing 41 nM okadaic acid, 82 μM SAMS peptide, 82 μM ATP and tracer amounts (6.8 nM) of 33P-containing ATP was added to the plate. The reaction was terminated after 60 minutes incubation at room temperature by the addition of 15 μL of 2% H3PO4. Subsequently, 45 μl of reaction mix was transferred to 384 well Millipore MZPH filter plates (MZPHNO50) pre-treated with 25 μL of 2% H3PO4 and the plates were washed three times with assay buffer. 20 μL of Ready Safe scintillation fluid was added to dried plates followed by detection on the Trilux detector.";"B";"BAO_0000223";"protein complex format";"Homo sapiens";"None";"None";"None";"None";"";"";"";"CHEMBL2096907";"AMP-activated protein kinase, AMPK";"Homo sapiens";"PROTEIN COMPLEX GROUP";"CHEMBL3886819";"37";"BindingDB Patent Bioactivity Data";"";"2016";"None";"";"";"";"320.2"
"CHEMBL3953722";"";"None";"373.79";"0";"3.41";"BDBM237977";"COc1cc(-c2cc3c(C(=O)O)c[nH]c3cc2Cl)ccc1C1(O)COC1";"EC50";"'='";"7.8";"nM";"8.11";"";"415078";"UO_0000065";"21.69";"0.43";"4.70";"8.83";"0";"CHEMBL3888750";"33P-Based Assay: The biochemical EC50 (half-maximal concentration required for full activation) of compounds for the activation of AMPK was evaluated by 33P-based assay using SAMS peptide (commercially available) derived from ACC-1. Twenty Î¼l of phosphorylated AMPK diluted in assay buffer, (50 mM HEPES, 1 mM EGTA, 10 mM MgCl2, 0.25 mM DTT, 0.01% Tween-20, 0.01% BSA (pH 7.5)) was added to 384 well plates containing 1 μL of test compound. Following a fifteen minute room temperature incubation, 10 Î¼L of protein phosphatase PP2A was added to the plate to dephosphorylate pThr172 of AMPK. After incubation for 90 minutes, 10 μL of substrate mixture containing 41 nM okadaic acid, 82 μM SAMS peptide, 82 μM ATP and tracer amounts (6.8 nM) of 33P-containing ATP was added to the plate. The reaction was terminated after 60 minutes incubation at room temperature by the addition of 15 μL of 2% H3PO4. Subsequently, 45 μl of reaction mix was transferred to 384 well Millipore MZPH filter plates (MZPHNO50) pre-treated with 25 μL of 2% H3PO4 and the plates were washed three times with assay buffer. 20 μL of Ready Safe scintillation fluid was added to dried plates followed by detection on the Trilux detector.";"B";"BAO_0000223";"protein complex format";"Homo sapiens";"None";"None";"None";"None";"";"";"";"CHEMBL2096907";"AMP-activated protein kinase, AMPK";"Homo sapiens";"PROTEIN COMPLEX GROUP";"CHEMBL3886819";"37";"BindingDB Patent Bioactivity Data";"";"2016";"None";"";"";"";"7.8"
"CHEMBL3953722";"";"None";"373.79";"0";"3.41";"BDBM237977";"COc1cc(-c2cc3c(C(=O)O)c[nH]c3cc2Cl)ccc1C1(O)COC1";"EC50";"'='";"2.3";"nM";"8.64";"";"415079";"UO_0000065";"23.11";"0.45";"5.23";"9.41";"0";"CHEMBL3888750";"33P-Based Assay: The biochemical EC50 (half-maximal concentration required for full activation) of compounds for the activation of AMPK was evaluated by 33P-based assay using SAMS peptide (commercially available) derived from ACC-1. Twenty Î¼l of phosphorylated AMPK diluted in assay buffer, (50 mM HEPES, 1 mM EGTA, 10 mM MgCl2, 0.25 mM DTT, 0.01% Tween-20, 0.01% BSA (pH 7.5)) was added to 384 well plates containing 1 μL of test compound. Following a fifteen minute room temperature incubation, 10 Î¼L of protein phosphatase PP2A was added to the plate to dephosphorylate pThr172 of AMPK. After incubation for 90 minutes, 10 μL of substrate mixture containing 41 nM okadaic acid, 82 μM SAMS peptide, 82 μM ATP and tracer amounts (6.8 nM) of 33P-containing ATP was added to the plate. The reaction was terminated after 60 minutes incubation at room temperature by the addition of 15 μL of 2% H3PO4. Subsequently, 45 μl of reaction mix was transferred to 384 well Millipore MZPH filter plates (MZPHNO50) pre-treated with 25 μL of 2% H3PO4 and the plates were washed three times with assay buffer. 20 μL of Ready Safe scintillation fluid was added to dried plates followed by detection on the Trilux detector.";"B";"BAO_0000223";"protein complex format";"Homo sapiens";"None";"None";"None";"None";"";"";"";"CHEMBL2096907";"AMP-activated protein kinase, AMPK";"Homo sapiens";"PROTEIN COMPLEX GROUP";"CHEMBL3886819";"37";"BindingDB Patent Bioactivity Data";"";"2016";"None";"";"";"";"2.3"
"CHEMBL3971513";"";"None";"344.75";"0";"3.05";"BDBM237987";"NC(=O)COc1ccc(-c2cc3c(C(=O)O)c[nH]c3cc2Cl)cc1";"EC50";"'='";"77.5";"nM";"7.11";"";"415088";"UO_0000065";"20.63";"0.40";"4.06";"6.75";"0";"CHEMBL3888750";"33P-Based Assay: The biochemical EC50 (half-maximal concentration required for full activation) of compounds for the activation of AMPK was evaluated by 33P-based assay using SAMS peptide (commercially available) derived from ACC-1. Twenty Î¼l of phosphorylated AMPK diluted in assay buffer, (50 mM HEPES, 1 mM EGTA, 10 mM MgCl2, 0.25 mM DTT, 0.01% Tween-20, 0.01% BSA (pH 7.5)) was added to 384 well plates containing 1 μL of test compound. Following a fifteen minute room temperature incubation, 10 Î¼L of protein phosphatase PP2A was added to the plate to dephosphorylate pThr172 of AMPK. After incubation for 90 minutes, 10 μL of substrate mixture containing 41 nM okadaic acid, 82 μM SAMS peptide, 82 μM ATP and tracer amounts (6.8 nM) of 33P-containing ATP was added to the plate. The reaction was terminated after 60 minutes incubation at room temperature by the addition of 15 μL of 2% H3PO4. Subsequently, 45 μl of reaction mix was transferred to 384 well Millipore MZPH filter plates (MZPHNO50) pre-treated with 25 μL of 2% H3PO4 and the plates were washed three times with assay buffer. 20 μL of Ready Safe scintillation fluid was added to dried plates followed by detection on the Trilux detector.";"B";"BAO_0000223";"protein complex format";"Homo sapiens";"None";"None";"None";"None";"";"";"";"CHEMBL2096907";"AMP-activated protein kinase, AMPK";"Homo sapiens";"PROTEIN COMPLEX GROUP";"CHEMBL3886819";"37";"BindingDB Patent Bioactivity Data";"";"2016";"None";"";"";"";"77.5"
"CHEMBL3978055";"";"None";"316.75";"0";"3.04";"BDBM237990";"CN(C)c1ncc(-c2cc3c(C(=O)O)c[nH]c3cc2Cl)cn1";"EC50";"'='";"790.1";"nM";"6.10";"";"415091";"UO_0000065";"19.27";"0.38";"3.06";"7.43";"0";"CHEMBL3888750";"33P-Based Assay: The biochemical EC50 (half-maximal concentration required for full activation) of compounds for the activation of AMPK was evaluated by 33P-based assay using SAMS peptide (commercially available) derived from ACC-1. Twenty Î¼l of phosphorylated AMPK diluted in assay buffer, (50 mM HEPES, 1 mM EGTA, 10 mM MgCl2, 0.25 mM DTT, 0.01% Tween-20, 0.01% BSA (pH 7.5)) was added to 384 well plates containing 1 μL of test compound. Following a fifteen minute room temperature incubation, 10 Î¼L of protein phosphatase PP2A was added to the plate to dephosphorylate pThr172 of AMPK. After incubation for 90 minutes, 10 μL of substrate mixture containing 41 nM okadaic acid, 82 μM SAMS peptide, 82 μM ATP and tracer amounts (6.8 nM) of 33P-containing ATP was added to the plate. The reaction was terminated after 60 minutes incubation at room temperature by the addition of 15 μL of 2% H3PO4. Subsequently, 45 μl of reaction mix was transferred to 384 well Millipore MZPH filter plates (MZPHNO50) pre-treated with 25 μL of 2% H3PO4 and the plates were washed three times with assay buffer. 20 μL of Ready Safe scintillation fluid was added to dried plates followed by detection on the Trilux detector.";"B";"BAO_0000223";"protein complex format";"Homo sapiens";"None";"None";"None";"None";"";"";"";"CHEMBL2096907";"AMP-activated protein kinase, AMPK";"Homo sapiens";"PROTEIN COMPLEX GROUP";"CHEMBL3886819";"37";"BindingDB Patent Bioactivity Data";"";"2016";"None";"";"";"";"790.1"
"CHEMBL3960978";"";"None";"358.79";"0";"2.81";"BDBM237993";"O=C(O)c1c[nH]c2cc(Cl)c(-c3cnc(N4CCOCC4)nc3)cc12";"EC50";"'='";"271.1";"nM";"6.57";"";"415094";"UO_0000065";"18.30";"0.36";"3.76";"7.19";"0";"CHEMBL3888750";"33P-Based Assay: The biochemical EC50 (half-maximal concentration required for full activation) of compounds for the activation of AMPK was evaluated by 33P-based assay using SAMS peptide (commercially available) derived from ACC-1. Twenty Î¼l of phosphorylated AMPK diluted in assay buffer, (50 mM HEPES, 1 mM EGTA, 10 mM MgCl2, 0.25 mM DTT, 0.01% Tween-20, 0.01% BSA (pH 7.5)) was added to 384 well plates containing 1 μL of test compound. Following a fifteen minute room temperature incubation, 10 Î¼L of protein phosphatase PP2A was added to the plate to dephosphorylate pThr172 of AMPK. After incubation for 90 minutes, 10 μL of substrate mixture containing 41 nM okadaic acid, 82 μM SAMS peptide, 82 μM ATP and tracer amounts (6.8 nM) of 33P-containing ATP was added to the plate. The reaction was terminated after 60 minutes incubation at room temperature by the addition of 15 μL of 2% H3PO4. Subsequently, 45 μl of reaction mix was transferred to 384 well Millipore MZPH filter plates (MZPHNO50) pre-treated with 25 μL of 2% H3PO4 and the plates were washed three times with assay buffer. 20 μL of Ready Safe scintillation fluid was added to dried plates followed by detection on the Trilux detector.";"B";"BAO_0000223";"protein complex format";"Homo sapiens";"None";"None";"None";"None";"";"";"";"CHEMBL2096907";"AMP-activated protein kinase, AMPK";"Homo sapiens";"PROTEIN COMPLEX GROUP";"CHEMBL3886819";"37";"BindingDB Patent Bioactivity Data";"";"2016";"None";"";"";"";"271.1"
"CHEMBL3915520";"";"None";"358.78";"0";"3.31";"BDBM237999";"CNC(=O)COc1ccc(-c2cc3c(C(=O)O)c[nH]c3cc2Cl)cc1";"EC50";"'='";"215.7";"nM";"6.67";"";"415100";"UO_0000065";"18.58";"0.36";"3.36";"7.29";"0";"CHEMBL3888750";"33P-Based Assay: The biochemical EC50 (half-maximal concentration required for full activation) of compounds for the activation of AMPK was evaluated by 33P-based assay using SAMS peptide (commercially available) derived from ACC-1. Twenty Î¼l of phosphorylated AMPK diluted in assay buffer, (50 mM HEPES, 1 mM EGTA, 10 mM MgCl2, 0.25 mM DTT, 0.01% Tween-20, 0.01% BSA (pH 7.5)) was added to 384 well plates containing 1 μL of test compound. Following a fifteen minute room temperature incubation, 10 Î¼L of protein phosphatase PP2A was added to the plate to dephosphorylate pThr172 of AMPK. After incubation for 90 minutes, 10 μL of substrate mixture containing 41 nM okadaic acid, 82 μM SAMS peptide, 82 μM ATP and tracer amounts (6.8 nM) of 33P-containing ATP was added to the plate. The reaction was terminated after 60 minutes incubation at room temperature by the addition of 15 μL of 2% H3PO4. Subsequently, 45 μl of reaction mix was transferred to 384 well Millipore MZPH filter plates (MZPHNO50) pre-treated with 25 μL of 2% H3PO4 and the plates were washed three times with assay buffer. 20 μL of Ready Safe scintillation fluid was added to dried plates followed by detection on the Trilux detector.";"B";"BAO_0000223";"protein complex format";"Homo sapiens";"None";"None";"None";"None";"";"";"";"CHEMBL2096907";"AMP-activated protein kinase, AMPK";"Homo sapiens";"PROTEIN COMPLEX GROUP";"CHEMBL3886819";"37";"BindingDB Patent Bioactivity Data";"";"2016";"None";"";"";"";"215.7"
"CHEMBL4109950";"";"None";"359.77";"0";"3.32";"BDBM238003";"O=C(O)c1c[nH]c2cc(Cl)c(-c3ccc4c(c3)OC[C@@H](CO)O4)cc12";"EC50";"'='";"69.5";"nM";"7.16";"";"415104";"UO_0000065";"19.90";"0.39";"3.84";"7.80";"0";"CHEMBL3888750";"33P-Based Assay: The biochemical EC50 (half-maximal concentration required for full activation) of compounds for the activation of AMPK was evaluated by 33P-based assay using SAMS peptide (commercially available) derived from ACC-1. Twenty Î¼l of phosphorylated AMPK diluted in assay buffer, (50 mM HEPES, 1 mM EGTA, 10 mM MgCl2, 0.25 mM DTT, 0.01% Tween-20, 0.01% BSA (pH 7.5)) was added to 384 well plates containing 1 μL of test compound. Following a fifteen minute room temperature incubation, 10 Î¼L of protein phosphatase PP2A was added to the plate to dephosphorylate pThr172 of AMPK. After incubation for 90 minutes, 10 μL of substrate mixture containing 41 nM okadaic acid, 82 μM SAMS peptide, 82 μM ATP and tracer amounts (6.8 nM) of 33P-containing ATP was added to the plate. The reaction was terminated after 60 minutes incubation at room temperature by the addition of 15 μL of 2% H3PO4. Subsequently, 45 μl of reaction mix was transferred to 384 well Millipore MZPH filter plates (MZPHNO50) pre-treated with 25 μL of 2% H3PO4 and the plates were washed three times with assay buffer. 20 μL of Ready Safe scintillation fluid was added to dried plates followed by detection on the Trilux detector.";"B";"BAO_0000223";"protein complex format";"Homo sapiens";"None";"None";"None";"None";"";"";"";"CHEMBL2096907";"AMP-activated protein kinase, AMPK";"Homo sapiens";"PROTEIN COMPLEX GROUP";"CHEMBL3886819";"37";"BindingDB Patent Bioactivity Data";"";"2016";"None";"";"";"";"69.5"
"CHEMBL3954929";"";"None";"370.84";"0";"3.33";"BDBM238020";"CN1CCN(c2ccc(-c3cc4c(C(=O)O)n[nH]c4cc3Cl)cc2)CC1";"EC50";"'='";"73.0";"nM";"7.14";"";"415121";"UO_0000065";"19.24";"0.37";"3.81";"9.85";"0";"CHEMBL3888750";"33P-Based Assay: The biochemical EC50 (half-maximal concentration required for full activation) of compounds for the activation of AMPK was evaluated by 33P-based assay using SAMS peptide (commercially available) derived from ACC-1. Twenty Î¼l of phosphorylated AMPK diluted in assay buffer, (50 mM HEPES, 1 mM EGTA, 10 mM MgCl2, 0.25 mM DTT, 0.01% Tween-20, 0.01% BSA (pH 7.5)) was added to 384 well plates containing 1 μL of test compound. Following a fifteen minute room temperature incubation, 10 Î¼L of protein phosphatase PP2A was added to the plate to dephosphorylate pThr172 of AMPK. After incubation for 90 minutes, 10 μL of substrate mixture containing 41 nM okadaic acid, 82 μM SAMS peptide, 82 μM ATP and tracer amounts (6.8 nM) of 33P-containing ATP was added to the plate. The reaction was terminated after 60 minutes incubation at room temperature by the addition of 15 μL of 2% H3PO4. Subsequently, 45 μl of reaction mix was transferred to 384 well Millipore MZPH filter plates (MZPHNO50) pre-treated with 25 μL of 2% H3PO4 and the plates were washed three times with assay buffer. 20 μL of Ready Safe scintillation fluid was added to dried plates followed by detection on the Trilux detector.";"B";"BAO_0000223";"protein complex format";"Homo sapiens";"None";"None";"None";"None";"";"";"";"CHEMBL2096907";"AMP-activated protein kinase, AMPK";"Homo sapiens";"PROTEIN COMPLEX GROUP";"CHEMBL3886819";"37";"BindingDB Patent Bioactivity Data";"";"2016";"None";"";"";"";"73.0"
"CHEMBL3971682";"";"None";"342.78";"0";"3.82";"BDBM238034";"O=C(O)c1n[nH]c2cc(Cl)c(-c3ccc([C@H]4C[C@@H](O)C4)cc3)cc12";"EC50";"'='";"52.4";"nM";"7.28";"";"415135";"UO_0000065";"21.24";"0.41";"3.46";"8.45";"0";"CHEMBL3888750";"33P-Based Assay: The biochemical EC50 (half-maximal concentration required for full activation) of compounds for the activation of AMPK was evaluated by 33P-based assay using SAMS peptide (commercially available) derived from ACC-1. Twenty Î¼l of phosphorylated AMPK diluted in assay buffer, (50 mM HEPES, 1 mM EGTA, 10 mM MgCl2, 0.25 mM DTT, 0.01% Tween-20, 0.01% BSA (pH 7.5)) was added to 384 well plates containing 1 μL of test compound. Following a fifteen minute room temperature incubation, 10 Î¼L of protein phosphatase PP2A was added to the plate to dephosphorylate pThr172 of AMPK. After incubation for 90 minutes, 10 μL of substrate mixture containing 41 nM okadaic acid, 82 μM SAMS peptide, 82 μM ATP and tracer amounts (6.8 nM) of 33P-containing ATP was added to the plate. The reaction was terminated after 60 minutes incubation at room temperature by the addition of 15 μL of 2% H3PO4. Subsequently, 45 μl of reaction mix was transferred to 384 well Millipore MZPH filter plates (MZPHNO50) pre-treated with 25 μL of 2% H3PO4 and the plates were washed three times with assay buffer. 20 μL of Ready Safe scintillation fluid was added to dried plates followed by detection on the Trilux detector.";"B";"BAO_0000223";"protein complex format";"Homo sapiens";"None";"None";"None";"None";"";"";"";"CHEMBL2096907";"AMP-activated protein kinase, AMPK";"Homo sapiens";"PROTEIN COMPLEX GROUP";"CHEMBL3886819";"37";"BindingDB Patent Bioactivity Data";"";"2016";"None";"";"";"";"52.4"
"CHEMBL3925044";"";"None";"361.80";"0";"4.60";"BDBM238071";"CC(C)(CO)c1ccc(-c2cc3c(C(=O)O)c[nH]c3cc2Cl)cc1F";"EC50";"'='";"12.9";"nM";"7.89";"";"415175";"UO_0000065";"21.81";"0.43";"3.29";"10.76";"0";"CHEMBL3888750";"33P-Based Assay: The biochemical EC50 (half-maximal concentration required for full activation) of compounds for the activation of AMPK was evaluated by 33P-based assay using SAMS peptide (commercially available) derived from ACC-1. Twenty Î¼l of phosphorylated AMPK diluted in assay buffer, (50 mM HEPES, 1 mM EGTA, 10 mM MgCl2, 0.25 mM DTT, 0.01% Tween-20, 0.01% BSA (pH 7.5)) was added to 384 well plates containing 1 μL of test compound. Following a fifteen minute room temperature incubation, 10 Î¼L of protein phosphatase PP2A was added to the plate to dephosphorylate pThr172 of AMPK. After incubation for 90 minutes, 10 μL of substrate mixture containing 41 nM okadaic acid, 82 μM SAMS peptide, 82 μM ATP and tracer amounts (6.8 nM) of 33P-containing ATP was added to the plate. The reaction was terminated after 60 minutes incubation at room temperature by the addition of 15 μL of 2% H3PO4. Subsequently, 45 μl of reaction mix was transferred to 384 well Millipore MZPH filter plates (MZPHNO50) pre-treated with 25 μL of 2% H3PO4 and the plates were washed three times with assay buffer. 20 μL of Ready Safe scintillation fluid was added to dried plates followed by detection on the Trilux detector.";"B";"BAO_0000223";"protein complex format";"Homo sapiens";"None";"None";"None";"None";"";"";"";"CHEMBL2096907";"AMP-activated protein kinase, AMPK";"Homo sapiens";"PROTEIN COMPLEX GROUP";"CHEMBL3886819";"37";"BindingDB Patent Bioactivity Data";"";"2016";"None";"";"";"";"12.9"
"CHEMBL5189753";"";"None";"611.74";"1";"3.92";"46";"COc1ccc(C(=O)C2CCN(C(=O)c3ccc(C(=O)NC4CCN(Cc5ccc(C(=O)N(C)C)cc5)CC4)cn3)CC2)cc1";"EC50";"'='";"1051.0";"nM";"5.98";"";"";"UO_0000065";"9.77";"0.18";"2.06";"5.33";"0";"CHEMBL5110776";"Activation of AMPK in human HepG2 cells assessed as increase in ACC phosphorylation at Ser79 incubated for 1 hr";"B";"BAO_0000219";"cell-based format";"Homo sapiens";"None";"None";"HepG2";"None";"";"";"";"CHEMBL2096907";"AMP-activated protein kinase, AMPK";"Homo sapiens";"PROTEIN COMPLEX GROUP";"CHEMBL5108030";"1";"Scientific Literature";"Bioorg Med Chem";"2022";"None";"TIME = 1.0 hr";"ACTIVATOR";"";"1051.0"
"CHEMBL5182116";"";"None";"497.64";"0";"3.43";"7";"O=C(NC1CCN(Cc2ccccc2)CC1)c1ccc(C(=O)N2CCN(Cc3ccccc3)CC2)nc1";"EC50";"'='";"35.0";"nM";"7.46";"";"";"UO_0000065";"14.98";"0.28";"4.03";"10.84";"0";"CHEMBL5110776";"Activation of AMPK in human HepG2 cells assessed as increase in ACC phosphorylation at Ser79 incubated for 1 hr";"B";"BAO_0000219";"cell-based format";"Homo sapiens";"None";"None";"HepG2";"None";"";"";"";"CHEMBL2096907";"AMP-activated protein kinase, AMPK";"Homo sapiens";"PROTEIN COMPLEX GROUP";"CHEMBL5108030";"1";"Scientific Literature";"Bioorg Med Chem";"2022";"None";"TIME = 1.0 hr";"ACTIVATOR";"";"35.0"
"CHEMBL5183763";"";"None";"568.70";"1";"4.22";"24";"CC1(C)CN(C(=O)c2ccc(C(=O)NC3CCN(Cc4ccc(C#N)cc4)CC3)nc2)CCN1Cc1ccc(F)cc1";"EC50";"'='";"1.0";"nM";"9.00";"";"";"UO_0000065";"15.83";"0.29";"4.78";"9.72";"0";"CHEMBL5110776";"Activation of AMPK in human HepG2 cells assessed as increase in ACC phosphorylation at Ser79 incubated for 1 hr";"B";"BAO_0000219";"cell-based format";"Homo sapiens";"None";"None";"HepG2";"None";"";"";"";"CHEMBL2096907";"AMP-activated protein kinase, AMPK";"Homo sapiens";"PROTEIN COMPLEX GROUP";"CHEMBL5108030";"1";"Scientific Literature";"Bioorg Med Chem";"2022";"None";"TIME = 1.0 hr";"ACTIVATOR";"";"1.0"
"CHEMBL4646698";"";"None";"548.44";"0";"3.10";"6a";"Cl.Cl.O=C(Nc1ccc(C(=O)N2CCN(Cc3ccc(C(F)(F)F)cc3)CC2)cc1)N1CCNCC1";"EC50";"'>'";"3000.0";"nM";"";"";"";"UO_0000065";"";"";"";"";"0";"CHEMBL4627834";"Activation of AMPK in human MDA-MB-435 cells measured after 2 hrs by anti-phospho-Acetyl-CoA Carboxylase (Ser79) antibody-based ELISA";"B";"BAO_0000219";"cell-based format";"Homo sapiens";"None";"None";"MDA-MB-435";"None";"";"";"";"CHEMBL2096907";"AMP-activated protein kinase, AMPK";"Homo sapiens";"PROTEIN COMPLEX GROUP";"CHEMBL4627268";"1";"Scientific Literature";"Bioorg Med Chem";"2020";"CHEMBL3307686";"";"";"";"3.0"
"CHEMBL4645026";"";"None";"583.63";"2";"5.15";"6b";"O=C(Nc1ccc(C(=O)N2CCN(Cc3ccc(C(F)(F)F)cc3)CC2)cc1)N1CCN(Cc2ccc(F)cc2)CC1";"EC50";"'='";"22.0";"nM";"7.66";"";"";"UO_0000065";"13.12";"0.25";"2.51";"12.95";"0";"CHEMBL4627834";"Activation of AMPK in human MDA-MB-435 cells measured after 2 hrs by anti-phospho-Acetyl-CoA Carboxylase (Ser79) antibody-based ELISA";"B";"BAO_0000219";"cell-based format";"Homo sapiens";"None";"None";"MDA-MB-435";"None";"";"";"";"CHEMBL2096907";"AMP-activated protein kinase, AMPK";"Homo sapiens";"PROTEIN COMPLEX GROUP";"CHEMBL4627268";"1";"Scientific Literature";"Bioorg Med Chem";"2020";"CHEMBL3307686";"";"";"";"0.022"
"CHEMBL4632543";"";"None";"634.57";"1";"3.67";"14b";"COc1ccc(CN2CCN(C(=O)NCCCC(=O)N3CCN(Cc4ccc(C(F)(F)F)cc4)CC3)CC2)cc1.Cl.Cl";"EC50";"'='";"580.0";"nM";"6.24";"";"";"UO_0000065";"11.10";"0.21";"2.57";"9.12";"0";"CHEMBL4627834";"Activation of AMPK in human MDA-MB-435 cells measured after 2 hrs by anti-phospho-Acetyl-CoA Carboxylase (Ser79) antibody-based ELISA";"B";"BAO_0000219";"cell-based format";"Homo sapiens";"None";"None";"MDA-MB-435";"None";"";"";"";"CHEMBL2096907";"AMP-activated protein kinase, AMPK";"Homo sapiens";"PROTEIN COMPLEX GROUP";"CHEMBL4627268";"1";"Scientific Literature";"Bioorg Med Chem";"2020";"CHEMBL3307686";"";"";"";"0.58"
"CHEMBL5267413";"";"None";"582.55";"2";"5.28";"172";"COc1ccc(CNC(=O)c2ccc(CN3C=C4C(=O)N(c5ccc(F)c(C(F)(F)F)c5)N=C4CC3)cc2)cc1OC";"EC50";"'='";"0.2";"mmol/Kg";"";"";"";"";"";"";"";"";"0";"CHEMBL5233496";"Activation of AMPK (unknown origin)";"B";"BAO_0000223";"protein complex format";"Homo sapiens";"None";"None";"None";"None";"";"";"";"CHEMBL2096907";"AMP-activated protein kinase, AMPK";"Homo sapiens";"PROTEIN COMPLEX GROUP";"CHEMBL5233210";"1";"Scientific Literature";"Eur J Med Chem";"2020";"None";"";"ACTIVATOR";"";"0.2"
"CHEMBL2153065";"";"None";"420.90";"0";"4.65";"page no 884 R14C2";"Cc1ccn(-c2c(O)c3cc(-c4ccc(N5CCCC5)cc4)c(Cl)cc3[nH]c2=O)n1";"EC50";"'>'";"3162.28";"nM";"";"";"";"UO_0000065";"";"";"";"";"0";"CHEMBL2154197";"Activation of recombinant human AMPK by FRET assay";"B";"BAO_0000019";"assay format";"Homo sapiens";"None";"None";"None";"None";"";"";"";"CHEMBL2096907";"AMP-activated protein kinase, AMPK";"Homo sapiens";"PROTEIN COMPLEX GROUP";"CHEMBL2150967";"1";"Scientific Literature";"ACS Med Chem Lett";"2012";"None";"";"";"";"5.5"
"CHEMBL2153068";"";"None";"425.94";"1";"5.36";"page no 884 R15C3";"Cc1nc(-c2c(O)c3cc(-c4ccc(N(C)C)cc4)c(Cl)cc3[nH]c2=O)c(C)s1";"EC50";"'>'";"3162.28";"nM";"";"";"";"UO_0000065";"";"";"";"";"0";"CHEMBL2154197";"Activation of recombinant human AMPK by FRET assay";"B";"BAO_0000019";"assay format";"Homo sapiens";"None";"None";"None";"None";"";"";"";"CHEMBL2096907";"AMP-activated protein kinase, AMPK";"Homo sapiens";"PROTEIN COMPLEX GROUP";"CHEMBL2150967";"1";"Scientific Literature";"ACS Med Chem Lett";"2012";"None";"";"";"";"5.5"
"CHEMBL3896030";"";"None";"397.86";"0";"4.31";"BDBM238031";"CC(=O)N1CCC(c2ccc(-c3cc4c(C(=O)O)n[nH]c4cc3Cl)cc2)CC1";"EC50";"'='";"90.2";"nM";"7.04";"";"415132";"UO_0000065";"17.71";"0.34";"2.73";"8.16";"0";"CHEMBL3888750";"33P-Based Assay: The biochemical EC50 (half-maximal concentration required for full activation) of compounds for the activation of AMPK was evaluated by 33P-based assay using SAMS peptide (commercially available) derived from ACC-1. Twenty Î¼l of phosphorylated AMPK diluted in assay buffer, (50 mM HEPES, 1 mM EGTA, 10 mM MgCl2, 0.25 mM DTT, 0.01% Tween-20, 0.01% BSA (pH 7.5)) was added to 384 well plates containing 1 μL of test compound. Following a fifteen minute room temperature incubation, 10 Î¼L of protein phosphatase PP2A was added to the plate to dephosphorylate pThr172 of AMPK. After incubation for 90 minutes, 10 μL of substrate mixture containing 41 nM okadaic acid, 82 μM SAMS peptide, 82 μM ATP and tracer amounts (6.8 nM) of 33P-containing ATP was added to the plate. The reaction was terminated after 60 minutes incubation at room temperature by the addition of 15 μL of 2% H3PO4. Subsequently, 45 μl of reaction mix was transferred to 384 well Millipore MZPH filter plates (MZPHNO50) pre-treated with 25 μL of 2% H3PO4 and the plates were washed three times with assay buffer. 20 μL of Ready Safe scintillation fluid was added to dried plates followed by detection on the Trilux detector.";"B";"BAO_0000223";"protein complex format";"Homo sapiens";"None";"None";"None";"None";"";"";"";"CHEMBL2096907";"AMP-activated protein kinase, AMPK";"Homo sapiens";"PROTEIN COMPLEX GROUP";"CHEMBL3886819";"37";"BindingDB Patent Bioactivity Data";"";"2016";"None";"";"";"";"90.2"
"CHEMBL3928208";"";"None";"325.34";"0";"4.04";"BDBM237923";"O=C(O)c1c[nH]c2cc(F)c(-c3ccc(C4(O)CCC4)cc3)cc12";"EC50";"'='";"71.0";"nM";"7.15";"";"415022";"UO_0000065";"21.97";"0.41";"3.11";"9.75";"0";"CHEMBL3888750";"33P-Based Assay: The biochemical EC50 (half-maximal concentration required for full activation) of compounds for the activation of AMPK was evaluated by 33P-based assay using SAMS peptide (commercially available) derived from ACC-1. Twenty Î¼l of phosphorylated AMPK diluted in assay buffer, (50 mM HEPES, 1 mM EGTA, 10 mM MgCl2, 0.25 mM DTT, 0.01% Tween-20, 0.01% BSA (pH 7.5)) was added to 384 well plates containing 1 μL of test compound. Following a fifteen minute room temperature incubation, 10 Î¼L of protein phosphatase PP2A was added to the plate to dephosphorylate pThr172 of AMPK. After incubation for 90 minutes, 10 μL of substrate mixture containing 41 nM okadaic acid, 82 μM SAMS peptide, 82 μM ATP and tracer amounts (6.8 nM) of 33P-containing ATP was added to the plate. The reaction was terminated after 60 minutes incubation at room temperature by the addition of 15 μL of 2% H3PO4. Subsequently, 45 μl of reaction mix was transferred to 384 well Millipore MZPH filter plates (MZPHNO50) pre-treated with 25 μL of 2% H3PO4 and the plates were washed three times with assay buffer. 20 μL of Ready Safe scintillation fluid was added to dried plates followed by detection on the Trilux detector.";"B";"BAO_0000223";"protein complex format";"Homo sapiens";"None";"None";"None";"None";"";"";"";"CHEMBL2096907";"AMP-activated protein kinase, AMPK";"Homo sapiens";"PROTEIN COMPLEX GROUP";"CHEMBL3886819";"37";"BindingDB Patent Bioactivity Data";"";"2016";"None";"";"";"";"71.0"
"CHEMBL3905643";"";"None";"343.77";"0";"3.40";"BDBM237924";"O=C(O)c1c[nH]c2cc(Cl)c(-c3ccc(C4(O)COC4)cc3)cc12";"EC50";"'='";"35.7";"nM";"7.45";"";"415023";"UO_0000065";"21.66";"0.42";"4.05";"9.02";"0";"CHEMBL3888750";"33P-Based Assay: The biochemical EC50 (half-maximal concentration required for full activation) of compounds for the activation of AMPK was evaluated by 33P-based assay using SAMS peptide (commercially available) derived from ACC-1. Twenty Î¼l of phosphorylated AMPK diluted in assay buffer, (50 mM HEPES, 1 mM EGTA, 10 mM MgCl2, 0.25 mM DTT, 0.01% Tween-20, 0.01% BSA (pH 7.5)) was added to 384 well plates containing 1 μL of test compound. Following a fifteen minute room temperature incubation, 10 Î¼L of protein phosphatase PP2A was added to the plate to dephosphorylate pThr172 of AMPK. After incubation for 90 minutes, 10 μL of substrate mixture containing 41 nM okadaic acid, 82 μM SAMS peptide, 82 μM ATP and tracer amounts (6.8 nM) of 33P-containing ATP was added to the plate. The reaction was terminated after 60 minutes incubation at room temperature by the addition of 15 μL of 2% H3PO4. Subsequently, 45 μl of reaction mix was transferred to 384 well Millipore MZPH filter plates (MZPHNO50) pre-treated with 25 μL of 2% H3PO4 and the plates were washed three times with assay buffer. 20 μL of Ready Safe scintillation fluid was added to dried plates followed by detection on the Trilux detector.";"B";"BAO_0000223";"protein complex format";"Homo sapiens";"None";"None";"None";"None";"";"";"";"CHEMBL2096907";"AMP-activated protein kinase, AMPK";"Homo sapiens";"PROTEIN COMPLEX GROUP";"CHEMBL3886819";"37";"BindingDB Patent Bioactivity Data";"";"2016";"None";"";"";"";"35.7"
"CHEMBL3959148";"";"None";"343.33";"0";"4.18";"BDBM237925";"O=C(O)c1c[nH]c2cc(F)c(-c3ccc(C4(O)CCC4)cc3)c(F)c12";"EC50";"'='";"17.3";"nM";"7.76";"";"415024";"UO_0000065";"22.61";"0.42";"3.58";"10.59";"0";"CHEMBL3888750";"33P-Based Assay: The biochemical EC50 (half-maximal concentration required for full activation) of compounds for the activation of AMPK was evaluated by 33P-based assay using SAMS peptide (commercially available) derived from ACC-1. Twenty Î¼l of phosphorylated AMPK diluted in assay buffer, (50 mM HEPES, 1 mM EGTA, 10 mM MgCl2, 0.25 mM DTT, 0.01% Tween-20, 0.01% BSA (pH 7.5)) was added to 384 well plates containing 1 μL of test compound. Following a fifteen minute room temperature incubation, 10 Î¼L of protein phosphatase PP2A was added to the plate to dephosphorylate pThr172 of AMPK. After incubation for 90 minutes, 10 μL of substrate mixture containing 41 nM okadaic acid, 82 μM SAMS peptide, 82 μM ATP and tracer amounts (6.8 nM) of 33P-containing ATP was added to the plate. The reaction was terminated after 60 minutes incubation at room temperature by the addition of 15 μL of 2% H3PO4. Subsequently, 45 μl of reaction mix was transferred to 384 well Millipore MZPH filter plates (MZPHNO50) pre-treated with 25 μL of 2% H3PO4 and the plates were washed three times with assay buffer. 20 μL of Ready Safe scintillation fluid was added to dried plates followed by detection on the Trilux detector.";"B";"BAO_0000223";"protein complex format";"Homo sapiens";"None";"None";"None";"None";"";"";"";"CHEMBL2096907";"AMP-activated protein kinase, AMPK";"Homo sapiens";"PROTEIN COMPLEX GROUP";"CHEMBL3886819";"37";"BindingDB Patent Bioactivity Data";"";"2016";"None";"";"";"";"17.3"
"CHEMBL3918798";"";"None";"359.78";"0";"4.70";"BDBM237932";"O=C(O)c1c[nH]c2cc(Cl)c(-c3ccc(C4(O)CCC4)cc3F)cc12";"EC50";"'='";"6.9";"nM";"8.16";"";"415031";"UO_0000065";"22.68";"0.45";"3.46";"11.13";"0";"CHEMBL3888750";"33P-Based Assay: The biochemical EC50 (half-maximal concentration required for full activation) of compounds for the activation of AMPK was evaluated by 33P-based assay using SAMS peptide (commercially available) derived from ACC-1. Twenty Î¼l of phosphorylated AMPK diluted in assay buffer, (50 mM HEPES, 1 mM EGTA, 10 mM MgCl2, 0.25 mM DTT, 0.01% Tween-20, 0.01% BSA (pH 7.5)) was added to 384 well plates containing 1 μL of test compound. Following a fifteen minute room temperature incubation, 10 Î¼L of protein phosphatase PP2A was added to the plate to dephosphorylate pThr172 of AMPK. After incubation for 90 minutes, 10 μL of substrate mixture containing 41 nM okadaic acid, 82 μM SAMS peptide, 82 μM ATP and tracer amounts (6.8 nM) of 33P-containing ATP was added to the plate. The reaction was terminated after 60 minutes incubation at room temperature by the addition of 15 μL of 2% H3PO4. Subsequently, 45 μl of reaction mix was transferred to 384 well Millipore MZPH filter plates (MZPHNO50) pre-treated with 25 μL of 2% H3PO4 and the plates were washed three times with assay buffer. 20 μL of Ready Safe scintillation fluid was added to dried plates followed by detection on the Trilux detector.";"B";"BAO_0000223";"protein complex format";"Homo sapiens";"None";"None";"None";"None";"";"";"";"CHEMBL2096907";"AMP-activated protein kinase, AMPK";"Homo sapiens";"PROTEIN COMPLEX GROUP";"CHEMBL3886819";"37";"BindingDB Patent Bioactivity Data";"";"2016";"None";"";"";"";"6.9"
"CHEMBL3962091";"";"None";"398.85";"0";"3.59";"BDBM237994";"O=C(O)c1c[nH]c2cc(Cl)c(-c3ccc(CC(=O)N4CCOCC4)cc3)cc12";"EC50";"'='";"207.0";"nM";"6.68";"";"415095";"UO_0000065";"16.76";"0.33";"3.09";"8.09";"0";"CHEMBL3888750";"33P-Based Assay: The biochemical EC50 (half-maximal concentration required for full activation) of compounds for the activation of AMPK was evaluated by 33P-based assay using SAMS peptide (commercially available) derived from ACC-1. Twenty Î¼l of phosphorylated AMPK diluted in assay buffer, (50 mM HEPES, 1 mM EGTA, 10 mM MgCl2, 0.25 mM DTT, 0.01% Tween-20, 0.01% BSA (pH 7.5)) was added to 384 well plates containing 1 μL of test compound. Following a fifteen minute room temperature incubation, 10 Î¼L of protein phosphatase PP2A was added to the plate to dephosphorylate pThr172 of AMPK. After incubation for 90 minutes, 10 μL of substrate mixture containing 41 nM okadaic acid, 82 μM SAMS peptide, 82 μM ATP and tracer amounts (6.8 nM) of 33P-containing ATP was added to the plate. The reaction was terminated after 60 minutes incubation at room temperature by the addition of 15 μL of 2% H3PO4. Subsequently, 45 μl of reaction mix was transferred to 384 well Millipore MZPH filter plates (MZPHNO50) pre-treated with 25 μL of 2% H3PO4 and the plates were washed three times with assay buffer. 20 μL of Ready Safe scintillation fluid was added to dried plates followed by detection on the Trilux detector.";"B";"BAO_0000223";"protein complex format";"Homo sapiens";"None";"None";"None";"None";"";"";"";"CHEMBL2096907";"AMP-activated protein kinase, AMPK";"Homo sapiens";"PROTEIN COMPLEX GROUP";"CHEMBL3886819";"37";"BindingDB Patent Bioactivity Data";"";"2016";"None";"";"";"";"207.0"
"CHEMBL3968160";"";"None";"326.78";"0";"3.87";"BDBM238007";"O=C(O)c1c[nH]c2cc(Cl)c(-c3ccc(C4CNC4)cc3)cc12";"EC50";"'='";"695.4";"nM";"6.16";"";"415108";"UO_0000065";"18.84";"0.37";"2.29";"9.46";"0";"CHEMBL3888750";"33P-Based Assay: The biochemical EC50 (half-maximal concentration required for full activation) of compounds for the activation of AMPK was evaluated by 33P-based assay using SAMS peptide (commercially available) derived from ACC-1. Twenty Î¼l of phosphorylated AMPK diluted in assay buffer, (50 mM HEPES, 1 mM EGTA, 10 mM MgCl2, 0.25 mM DTT, 0.01% Tween-20, 0.01% BSA (pH 7.5)) was added to 384 well plates containing 1 μL of test compound. Following a fifteen minute room temperature incubation, 10 Î¼L of protein phosphatase PP2A was added to the plate to dephosphorylate pThr172 of AMPK. After incubation for 90 minutes, 10 μL of substrate mixture containing 41 nM okadaic acid, 82 μM SAMS peptide, 82 μM ATP and tracer amounts (6.8 nM) of 33P-containing ATP was added to the plate. The reaction was terminated after 60 minutes incubation at room temperature by the addition of 15 μL of 2% H3PO4. Subsequently, 45 μl of reaction mix was transferred to 384 well Millipore MZPH filter plates (MZPHNO50) pre-treated with 25 μL of 2% H3PO4 and the plates were washed three times with assay buffer. 20 μL of Ready Safe scintillation fluid was added to dried plates followed by detection on the Trilux detector.";"B";"BAO_0000223";"protein complex format";"Homo sapiens";"None";"None";"None";"None";"";"";"";"CHEMBL2096907";"AMP-activated protein kinase, AMPK";"Homo sapiens";"PROTEIN COMPLEX GROUP";"CHEMBL3886819";"37";"BindingDB Patent Bioactivity Data";"";"2016";"None";"";"";"";"695.4"
"CHEMBL3895195";"";"None";"385.85";"0";"4.99";"BDBM238065";"O=C(O)c1c[nH]c2cc(Cl)c(-c3ccc(OCCCC4COC4)cc3)cc12";"EC50";"'='";"50.12";"nM";"7.30";"";"415169";"UO_0000065";"18.92";"0.37";"2.31";"10.20";"0";"CHEMBL3888750";"33P-Based Assay: The biochemical EC50 (half-maximal concentration required for full activation) of compounds for the activation of AMPK was evaluated by 33P-based assay using SAMS peptide (commercially available) derived from ACC-1. Twenty Î¼l of phosphorylated AMPK diluted in assay buffer, (50 mM HEPES, 1 mM EGTA, 10 mM MgCl2, 0.25 mM DTT, 0.01% Tween-20, 0.01% BSA (pH 7.5)) was added to 384 well plates containing 1 μL of test compound. Following a fifteen minute room temperature incubation, 10 Î¼L of protein phosphatase PP2A was added to the plate to dephosphorylate pThr172 of AMPK. After incubation for 90 minutes, 10 μL of substrate mixture containing 41 nM okadaic acid, 82 μM SAMS peptide, 82 μM ATP and tracer amounts (6.8 nM) of 33P-containing ATP was added to the plate. The reaction was terminated after 60 minutes incubation at room temperature by the addition of 15 μL of 2% H3PO4. Subsequently, 45 μl of reaction mix was transferred to 384 well Millipore MZPH filter plates (MZPHNO50) pre-treated with 25 μL of 2% H3PO4 and the plates were washed three times with assay buffer. 20 μL of Ready Safe scintillation fluid was added to dried plates followed by detection on the Trilux detector.";"B";"BAO_0000223";"protein complex format";"Homo sapiens";"None";"None";"None";"None";"";"";"";"CHEMBL2096907";"AMP-activated protein kinase, AMPK";"Homo sapiens";"PROTEIN COMPLEX GROUP";"CHEMBL3886819";"37";"BindingDB Patent Bioactivity Data";"";"2016";"None";"";"";"";"50.12"
"CHEMBL3949803";"";"None";"341.79";"1";"5.04";"BDBM238063";"O=C(O)c1c[nH]c2cc(Cl)c(-c3ccc(C4CCCO4)cc3)cc12";"EC50";"'='";"28.31";"nM";"7.55";"";"415166";"UO_0000065";"22.08";"0.43";"2.51";"12.11";"0";"CHEMBL3888750";"33P-Based Assay: The biochemical EC50 (half-maximal concentration required for full activation) of compounds for the activation of AMPK was evaluated by 33P-based assay using SAMS peptide (commercially available) derived from ACC-1. Twenty Î¼l of phosphorylated AMPK diluted in assay buffer, (50 mM HEPES, 1 mM EGTA, 10 mM MgCl2, 0.25 mM DTT, 0.01% Tween-20, 0.01% BSA (pH 7.5)) was added to 384 well plates containing 1 μL of test compound. Following a fifteen minute room temperature incubation, 10 Î¼L of protein phosphatase PP2A was added to the plate to dephosphorylate pThr172 of AMPK. After incubation for 90 minutes, 10 μL of substrate mixture containing 41 nM okadaic acid, 82 μM SAMS peptide, 82 μM ATP and tracer amounts (6.8 nM) of 33P-containing ATP was added to the plate. The reaction was terminated after 60 minutes incubation at room temperature by the addition of 15 μL of 2% H3PO4. Subsequently, 45 μl of reaction mix was transferred to 384 well Millipore MZPH filter plates (MZPHNO50) pre-treated with 25 μL of 2% H3PO4 and the plates were washed three times with assay buffer. 20 μL of Ready Safe scintillation fluid was added to dried plates followed by detection on the Trilux detector.";"B";"BAO_0000223";"protein complex format";"Homo sapiens";"None";"None";"None";"None";"";"";"";"CHEMBL2096907";"AMP-activated protein kinase, AMPK";"Homo sapiens";"PROTEIN COMPLEX GROUP";"CHEMBL3886819";"37";"BindingDB Patent Bioactivity Data";"";"2016";"None";"";"";"";"28.31"
"CHEMBL3910014";"";"None";"401.85";"0";"3.82";"BDBM238081";"COc1nc(N2CC[C@H](OC)C2)ccc1-c1cc2c(C(=O)O)c[nH]c2cc1Cl";"EC50";"'='";"22.6";"nM";"7.65";"";"415188";"UO_0000065";"19.03";"0.37";"3.83";"8.72";"0";"CHEMBL3888750";"33P-Based Assay: The biochemical EC50 (half-maximal concentration required for full activation) of compounds for the activation of AMPK was evaluated by 33P-based assay using SAMS peptide (commercially available) derived from ACC-1. Twenty Î¼l of phosphorylated AMPK diluted in assay buffer, (50 mM HEPES, 1 mM EGTA, 10 mM MgCl2, 0.25 mM DTT, 0.01% Tween-20, 0.01% BSA (pH 7.5)) was added to 384 well plates containing 1 μL of test compound. Following a fifteen minute room temperature incubation, 10 Î¼L of protein phosphatase PP2A was added to the plate to dephosphorylate pThr172 of AMPK. After incubation for 90 minutes, 10 μL of substrate mixture containing 41 nM okadaic acid, 82 μM SAMS peptide, 82 μM ATP and tracer amounts (6.8 nM) of 33P-containing ATP was added to the plate. The reaction was terminated after 60 minutes incubation at room temperature by the addition of 15 μL of 2% H3PO4. Subsequently, 45 μl of reaction mix was transferred to 384 well Millipore MZPH filter plates (MZPHNO50) pre-treated with 25 μL of 2% H3PO4 and the plates were washed three times with assay buffer. 20 μL of Ready Safe scintillation fluid was added to dried plates followed by detection on the Trilux detector.";"B";"BAO_0000223";"protein complex format";"Homo sapiens";"None";"None";"None";"None";"";"";"";"CHEMBL2096907";"AMP-activated protein kinase, AMPK";"Homo sapiens";"PROTEIN COMPLEX GROUP";"CHEMBL3886819";"37";"BindingDB Patent Bioactivity Data";"";"2016";"None";"";"";"";"22.6"
"CHEMBL3903483";"";"None";"387.38";"0";"4.76";"BDBM238096";"O=C(O)c1c[nH]c2cc(F)c(-c3ccc(OCCC4CCCO4)cc3)c(F)c12";"EC50";"'='";"120.6";"nM";"6.92";"";"415204";"UO_0000065";"17.86";"0.34";"2.16";"9.67";"0";"CHEMBL3888750";"33P-Based Assay: The biochemical EC50 (half-maximal concentration required for full activation) of compounds for the activation of AMPK was evaluated by 33P-based assay using SAMS peptide (commercially available) derived from ACC-1. Twenty Î¼l of phosphorylated AMPK diluted in assay buffer, (50 mM HEPES, 1 mM EGTA, 10 mM MgCl2, 0.25 mM DTT, 0.01% Tween-20, 0.01% BSA (pH 7.5)) was added to 384 well plates containing 1 μL of test compound. Following a fifteen minute room temperature incubation, 10 Î¼L of protein phosphatase PP2A was added to the plate to dephosphorylate pThr172 of AMPK. After incubation for 90 minutes, 10 μL of substrate mixture containing 41 nM okadaic acid, 82 μM SAMS peptide, 82 μM ATP and tracer amounts (6.8 nM) of 33P-containing ATP was added to the plate. The reaction was terminated after 60 minutes incubation at room temperature by the addition of 15 μL of 2% H3PO4. Subsequently, 45 μl of reaction mix was transferred to 384 well Millipore MZPH filter plates (MZPHNO50) pre-treated with 25 μL of 2% H3PO4 and the plates were washed three times with assay buffer. 20 μL of Ready Safe scintillation fluid was added to dried plates followed by detection on the Trilux detector.";"B";"BAO_0000223";"protein complex format";"Homo sapiens";"None";"None";"None";"None";"";"";"";"CHEMBL2096907";"AMP-activated protein kinase, AMPK";"Homo sapiens";"PROTEIN COMPLEX GROUP";"CHEMBL3886819";"37";"BindingDB Patent Bioactivity Data";"";"2016";"None";"";"";"";"120.6"
"CHEMBL5194603";"";"None";"548.65";"1";"3.90";"38";"N#Cc1ccc(CN2CCC(NC(=O)c3ccc(C(=O)N4CCC(Oc5ccc(C#N)cc5)CC4)nc3)CC2)cc1";"EC50";"'='";"92.0";"nM";"7.04";"";"";"UO_0000065";"12.82";"0.23";"3.14";"5.75";"0";"CHEMBL5110776";"Activation of AMPK in human HepG2 cells assessed as increase in ACC phosphorylation at Ser79 incubated for 1 hr";"B";"BAO_0000219";"cell-based format";"Homo sapiens";"None";"None";"HepG2";"None";"";"";"";"CHEMBL2096907";"AMP-activated protein kinase, AMPK";"Homo sapiens";"PROTEIN COMPLEX GROUP";"CHEMBL5108030";"1";"Scientific Literature";"Bioorg Med Chem";"2022";"None";"TIME = 1.0 hr";"ACTIVATOR";"";"92.0"
"CHEMBL5174864";"";"None";"558.65";"1";"4.36";"42";"COc1ccc(C(=O)C2CCN(C(=O)c3ccc(C(=O)NC4CCN(Cc5ccc(F)cc5)CC4)cn3)CC2)cc1";"EC50";"'='";"27.0";"nM";"7.57";"";"";"UO_0000065";"13.55";"0.25";"3.21";"8.24";"0";"CHEMBL5110776";"Activation of AMPK in human HepG2 cells assessed as increase in ACC phosphorylation at Ser79 incubated for 1 hr";"B";"BAO_0000219";"cell-based format";"Homo sapiens";"None";"None";"HepG2";"None";"";"";"";"CHEMBL2096907";"AMP-activated protein kinase, AMPK";"Homo sapiens";"PROTEIN COMPLEX GROUP";"CHEMBL5108030";"1";"Scientific Literature";"Bioorg Med Chem";"2022";"None";"TIME = 1.0 hr";"ACTIVATOR";"";"27.0"
"CHEMBL5202027";"";"None";"663.74";"2";"5.71";"51";"O=C(NC1CCN(Cc2ccc(OC(F)(F)F)cc2)CC1)c1ccc(C(=O)N2CCC(C(=O)c3ccc(N4CCCC4)cc3)CC2)nc1";"EC50";"'='";"9.0";"nM";"8.05";"";"";"UO_0000065";"12.12";"0.23";"2.34";"8.46";"0";"CHEMBL5110776";"Activation of AMPK in human HepG2 cells assessed as increase in ACC phosphorylation at Ser79 incubated for 1 hr";"B";"BAO_0000219";"cell-based format";"Homo sapiens";"None";"None";"HepG2";"None";"";"";"";"CHEMBL2096907";"AMP-activated protein kinase, AMPK";"Homo sapiens";"PROTEIN COMPLEX GROUP";"CHEMBL5108030";"1";"Scientific Literature";"Bioorg Med Chem";"2022";"None";"TIME = 1.0 hr";"ACTIVATOR";"";"9.0"
"CHEMBL3975011";"";"None";"347.80";"1";"5.85";"BDBM237962";"O=C(O)c1c[nH]c2cc(Cl)c(-c3ccc(-c4ccccc4)cc3)cc12";"EC50";"'='";"1.7";"nM";"8.77";"";"415063";"UO_0000065";"25.21";"0.48";"2.92";"16.52";"0";"CHEMBL3888750";"33P-Based Assay: The biochemical EC50 (half-maximal concentration required for full activation) of compounds for the activation of AMPK was evaluated by 33P-based assay using SAMS peptide (commercially available) derived from ACC-1. Twenty Î¼l of phosphorylated AMPK diluted in assay buffer, (50 mM HEPES, 1 mM EGTA, 10 mM MgCl2, 0.25 mM DTT, 0.01% Tween-20, 0.01% BSA (pH 7.5)) was added to 384 well plates containing 1 μL of test compound. Following a fifteen minute room temperature incubation, 10 Î¼L of protein phosphatase PP2A was added to the plate to dephosphorylate pThr172 of AMPK. After incubation for 90 minutes, 10 μL of substrate mixture containing 41 nM okadaic acid, 82 μM SAMS peptide, 82 μM ATP and tracer amounts (6.8 nM) of 33P-containing ATP was added to the plate. The reaction was terminated after 60 minutes incubation at room temperature by the addition of 15 μL of 2% H3PO4. Subsequently, 45 μl of reaction mix was transferred to 384 well Millipore MZPH filter plates (MZPHNO50) pre-treated with 25 μL of 2% H3PO4 and the plates were washed three times with assay buffer. 20 μL of Ready Safe scintillation fluid was added to dried plates followed by detection on the Trilux detector.";"B";"BAO_0000223";"protein complex format";"Homo sapiens";"None";"None";"None";"None";"";"";"";"CHEMBL2096907";"AMP-activated protein kinase, AMPK";"Homo sapiens";"PROTEIN COMPLEX GROUP";"CHEMBL3886819";"37";"BindingDB Patent Bioactivity Data";"";"2016";"None";"";"";"";"1.7"
"CHEMBL3945046";"";"None";"301.73";"0";"4.20";"BDBM237948";"COc1cccc(-c2cc3c(C(=O)O)c[nH]c3cc2Cl)c1";"EC50";"'='";"382.9";"nM";"6.42";"";"415049";"UO_0000065";"21.27";"0.42";"2.22";"10.30";"0";"CHEMBL3888750";"33P-Based Assay: The biochemical EC50 (half-maximal concentration required for full activation) of compounds for the activation of AMPK was evaluated by 33P-based assay using SAMS peptide (commercially available) derived from ACC-1. Twenty Î¼l of phosphorylated AMPK diluted in assay buffer, (50 mM HEPES, 1 mM EGTA, 10 mM MgCl2, 0.25 mM DTT, 0.01% Tween-20, 0.01% BSA (pH 7.5)) was added to 384 well plates containing 1 μL of test compound. Following a fifteen minute room temperature incubation, 10 Î¼L of protein phosphatase PP2A was added to the plate to dephosphorylate pThr172 of AMPK. After incubation for 90 minutes, 10 μL of substrate mixture containing 41 nM okadaic acid, 82 μM SAMS peptide, 82 μM ATP and tracer amounts (6.8 nM) of 33P-containing ATP was added to the plate. The reaction was terminated after 60 minutes incubation at room temperature by the addition of 15 μL of 2% H3PO4. Subsequently, 45 μl of reaction mix was transferred to 384 well Millipore MZPH filter plates (MZPHNO50) pre-treated with 25 μL of 2% H3PO4 and the plates were washed three times with assay buffer. 20 μL of Ready Safe scintillation fluid was added to dried plates followed by detection on the Trilux detector.";"B";"BAO_0000223";"protein complex format";"Homo sapiens";"None";"None";"None";"None";"";"";"";"CHEMBL2096907";"AMP-activated protein kinase, AMPK";"Homo sapiens";"PROTEIN COMPLEX GROUP";"CHEMBL3886819";"37";"BindingDB Patent Bioactivity Data";"";"2016";"None";"";"";"";"382.9"
"CHEMBL5176986";"";"None";"554.63";"1";"3.08";"18";"N#Cc1ccc(C(=O)N2CCC(NC(=O)c3ccc(C(=O)N4CCN(Cc5ccc(F)cc5)CC4)cn3)CC2)cc1";"EC50";"'='";"950.0";"nM";"6.02";"";"";"UO_0000065";"10.86";"0.20";"2.94";"5.49";"0";"CHEMBL5110776";"Activation of AMPK in human HepG2 cells assessed as increase in ACC phosphorylation at Ser79 incubated for 1 hr";"B";"BAO_0000219";"cell-based format";"Homo sapiens";"None";"None";"HepG2";"None";"";"";"";"CHEMBL2096907";"AMP-activated protein kinase, AMPK";"Homo sapiens";"PROTEIN COMPLEX GROUP";"CHEMBL5108030";"1";"Scientific Literature";"Bioorg Med Chem";"2022";"None";"TIME = 1.0 hr";"ACTIVATOR";"";"950.0"
"CHEMBL5203262";"";"None";"559.62";"1";"4.31";"30";"N#Cc1ccc(CN2CCC(NC(=O)c3ccc(C(=O)N4CCC(Oc5ccc(F)cc5F)CC4)cn3)CC2)cc1";"EC50";"'='";"4.0";"nM";"8.40";"";"";"UO_0000065";"15.01";"0.28";"4.09";"8.52";"0";"CHEMBL5110776";"Activation of AMPK in human HepG2 cells assessed as increase in ACC phosphorylation at Ser79 incubated for 1 hr";"B";"BAO_0000219";"cell-based format";"Homo sapiens";"None";"None";"HepG2";"None";"";"";"";"CHEMBL2096907";"AMP-activated protein kinase, AMPK";"Homo sapiens";"PROTEIN COMPLEX GROUP";"CHEMBL5108030";"1";"Scientific Literature";"Bioorg Med Chem";"2022";"None";"TIME = 1.0 hr";"ACTIVATOR";"";"4.0"
"CHEMBL5180431";"";"None";"571.63";"1";"4.31";"36";"N#Cc1ccc(CN2CCC(NC(=O)c3ccc(C(=O)N4CCC(F)(C(=O)c5ccc(F)cc5)CC4)cn3)CC2)cc1";"EC50";"'='";"2.0";"nM";"8.70";"";"";"UO_0000065";"15.22";"0.28";"4.39";"8.18";"0";"CHEMBL5110776";"Activation of AMPK in human HepG2 cells assessed as increase in ACC phosphorylation at Ser79 incubated for 1 hr";"B";"BAO_0000219";"cell-based format";"Homo sapiens";"None";"None";"HepG2";"None";"";"";"";"CHEMBL2096907";"AMP-activated protein kinase, AMPK";"Homo sapiens";"PROTEIN COMPLEX GROUP";"CHEMBL5108030";"1";"Scientific Literature";"Bioorg Med Chem";"2022";"None";"TIME = 1.0 hr";"ACTIVATOR";"";"2.0"
"CHEMBL5205575";"";"None";"618.76";"1";"3.62";"55";"COc1ccc(CN2CCC(NC(=O)c3ccc(C(=O)N4CCC(C(=O)c5ccc(S(C)(=O)=O)cc5)CC4)nc3)CC2)cc1";"EC50";"'='";"1500.0";"nM";"5.82";"";"";"UO_0000065";"9.41";"0.18";"2.20";"4.62";"0";"CHEMBL5110776";"Activation of AMPK in human HepG2 cells assessed as increase in ACC phosphorylation at Ser79 incubated for 1 hr";"B";"BAO_0000219";"cell-based format";"Homo sapiens";"None";"None";"HepG2";"None";"";"";"";"CHEMBL2096907";"AMP-activated protein kinase, AMPK";"Homo sapiens";"PROTEIN COMPLEX GROUP";"CHEMBL5108030";"1";"Scientific Literature";"Bioorg Med Chem";"2022";"None";"TIME = 1.0 hr";"ACTIVATOR";"";"1500.0"
"CHEMBL5206274";"";"None";"594.69";"1";"4.54";"57";"O=C(NC1CCN(Cc2ccc(F)cc2)CC1)c1ccc(C(=O)N2CCC(C(=O)c3ccc(-n4cccn4)cc3)CC2)nc1";"EC50";"'='";"21.0";"nM";"7.68";"";"";"UO_0000065";"12.91";"0.24";"3.14";"7.64";"0";"CHEMBL5110776";"Activation of AMPK in human HepG2 cells assessed as increase in ACC phosphorylation at Ser79 incubated for 1 hr";"B";"BAO_0000219";"cell-based format";"Homo sapiens";"None";"None";"HepG2";"None";"";"";"";"CHEMBL2096907";"AMP-activated protein kinase, AMPK";"Homo sapiens";"PROTEIN COMPLEX GROUP";"CHEMBL5108030";"1";"Scientific Literature";"Bioorg Med Chem";"2022";"None";"TIME = 1.0 hr";"ACTIVATOR";"";"21.0"
"CHEMBL5175991";"";"None";"602.70";"1";"3.66";"58";"N#Cc1ccc(CN2CCC(NC(=O)c3ccc(C(=O)N4CCC(C(=O)c5ccc(-n6cncn6)cc5)CC4)nc3)CC2)cc1";"EC50";"'='";"437.0";"nM";"6.36";"";"";"UO_0000065";"10.55";"0.19";"2.70";"4.64";"0";"CHEMBL5110776";"Activation of AMPK in human HepG2 cells assessed as increase in ACC phosphorylation at Ser79 incubated for 1 hr";"B";"BAO_0000219";"cell-based format";"Homo sapiens";"None";"None";"HepG2";"None";"";"";"";"CHEMBL2096907";"AMP-activated protein kinase, AMPK";"Homo sapiens";"PROTEIN COMPLEX GROUP";"CHEMBL5108030";"1";"Scientific Literature";"Bioorg Med Chem";"2022";"None";"TIME = 1.0 hr";"ACTIVATOR";"";"437.0"
"CHEMBL5181529";"";"None";"540.64";"1";"3.44";"5";"N#Cc1ccc(CN2CCC(NC(=O)c3ccc(C(=O)N4CCN(Cc5ccc(F)cc5)CC4)cn3)CC2)cc1";"EC50";"'='";"1.0";"nM";"9.00";"";"";"UO_0000065";"16.65";"0.31";"5.56";"9.72";"0";"CHEMBL5110776";"Activation of AMPK in human HepG2 cells assessed as increase in ACC phosphorylation at Ser79 incubated for 1 hr";"B";"BAO_0000219";"cell-based format";"Homo sapiens";"None";"None";"HepG2";"None";"";"";"";"CHEMBL2096907";"AMP-activated protein kinase, AMPK";"Homo sapiens";"PROTEIN COMPLEX GROUP";"CHEMBL5108030";"1";"Scientific Literature";"Bioorg Med Chem";"2022";"None";"TIME = 1.0 hr";"ACTIVATOR";"";"1.0"
"CHEMBL3894670";"";"None";"387.38";"0";"4.62";"BDBM238095";"O=C(O)c1c[nH]c2cc(F)c(-c3ccc(OCCC4CCOC4)cc3)c(F)c12";"EC50";"'='";"109.1";"nM";"6.96";"";"415203";"UO_0000065";"17.97";"0.34";"2.34";"9.73";"0";"CHEMBL3888750";"33P-Based Assay: The biochemical EC50 (half-maximal concentration required for full activation) of compounds for the activation of AMPK was evaluated by 33P-based assay using SAMS peptide (commercially available) derived from ACC-1. Twenty Î¼l of phosphorylated AMPK diluted in assay buffer, (50 mM HEPES, 1 mM EGTA, 10 mM MgCl2, 0.25 mM DTT, 0.01% Tween-20, 0.01% BSA (pH 7.5)) was added to 384 well plates containing 1 μL of test compound. Following a fifteen minute room temperature incubation, 10 Î¼L of protein phosphatase PP2A was added to the plate to dephosphorylate pThr172 of AMPK. After incubation for 90 minutes, 10 μL of substrate mixture containing 41 nM okadaic acid, 82 μM SAMS peptide, 82 μM ATP and tracer amounts (6.8 nM) of 33P-containing ATP was added to the plate. The reaction was terminated after 60 minutes incubation at room temperature by the addition of 15 μL of 2% H3PO4. Subsequently, 45 μl of reaction mix was transferred to 384 well Millipore MZPH filter plates (MZPHNO50) pre-treated with 25 μL of 2% H3PO4 and the plates were washed three times with assay buffer. 20 μL of Ready Safe scintillation fluid was added to dried plates followed by detection on the Trilux detector.";"B";"BAO_0000223";"protein complex format";"Homo sapiens";"None";"None";"None";"None";"";"";"";"CHEMBL2096907";"AMP-activated protein kinase, AMPK";"Homo sapiens";"PROTEIN COMPLEX GROUP";"CHEMBL3886819";"37";"BindingDB Patent Bioactivity Data";"";"2016";"None";"";"";"";"109.1"
"CHEMBL5186795";"";"None";"560.66";"1";"3.95";"32";"N#Cc1ccc(CN2CCC(NC(=O)c3ccc(C(=O)N4CCC(C(=O)c5ccc(C#N)cc5)CC4)cn3)CC2)cc1";"EC50";"'='";"5.0";"nM";"8.30";"";"";"UO_0000065";"14.81";"0.27";"4.35";"6.38";"0";"CHEMBL5110776";"Activation of AMPK in human HepG2 cells assessed as increase in ACC phosphorylation at Ser79 incubated for 1 hr";"B";"BAO_0000219";"cell-based format";"Homo sapiens";"None";"None";"HepG2";"None";"";"";"";"CHEMBL2096907";"AMP-activated protein kinase, AMPK";"Homo sapiens";"PROTEIN COMPLEX GROUP";"CHEMBL5108030";"1";"Scientific Literature";"Bioorg Med Chem";"2022";"None";"TIME = 1.0 hr";"ACTIVATOR";"";"5.0"
"CHEMBL5195343";"";"None";"536.64";"1";"2.95";"10";"N#Cc1ccc(CN2CCC(NC(=O)c3ccc(C(=O)N4CCN(C(=O)c5ccccc5)CC4)cn3)CC2)cc1";"EC50";"'='";"1387.0";"nM";"5.86";"";"";"UO_0000065";"10.92";"0.20";"2.91";"5.34";"0";"CHEMBL5110776";"Activation of AMPK in human HepG2 cells assessed as increase in ACC phosphorylation at Ser79 incubated for 1 hr";"B";"BAO_0000219";"cell-based format";"Homo sapiens";"None";"None";"HepG2";"None";"";"";"";"CHEMBL2096907";"AMP-activated protein kinase, AMPK";"Homo sapiens";"PROTEIN COMPLEX GROUP";"CHEMBL5108030";"1";"Scientific Literature";"Bioorg Med Chem";"2022";"None";"TIME = 1.0 hr";"ACTIVATOR";"";"1387.0"
"CHEMBL5208654";"";"None";"529.66";"1";"4.13";"21";"CC(c1ccccc1)N1CCC(NC(=O)c2ccc(C(=O)N3CCN(Cc4ccc(F)cc4)CC3)cn2)CC1";"EC50";"'='";"129.0";"nM";"6.89";"";"";"UO_0000065";"13.01";"0.24";"2.76";"10.02";"0";"CHEMBL5110776";"Activation of AMPK in human HepG2 cells assessed as increase in ACC phosphorylation at Ser79 incubated for 1 hr";"B";"BAO_0000219";"cell-based format";"Homo sapiens";"None";"None";"HepG2";"None";"";"";"";"CHEMBL2096907";"AMP-activated protein kinase, AMPK";"Homo sapiens";"PROTEIN COMPLEX GROUP";"CHEMBL5108030";"1";"Scientific Literature";"Bioorg Med Chem";"2022";"None";"TIME = 1.0 hr";"ACTIVATOR";"";"129.0"
"CHEMBL5174868";"";"None";"548.65";"1";"3.90";"29";"N#Cc1ccc(CN2CCC(NC(=O)c3ccc(C(=O)N4CCC(Oc5ccc(C#N)cc5)CC4)cn3)CC2)cc1";"EC50";"'='";"3.0";"nM";"8.52";"";"";"UO_0000065";"15.53";"0.28";"4.62";"6.97";"0";"CHEMBL5110776";"Activation of AMPK in human HepG2 cells assessed as increase in ACC phosphorylation at Ser79 incubated for 1 hr";"B";"BAO_0000219";"cell-based format";"Homo sapiens";"None";"None";"HepG2";"None";"";"";"";"CHEMBL2096907";"AMP-activated protein kinase, AMPK";"Homo sapiens";"PROTEIN COMPLEX GROUP";"CHEMBL5108030";"1";"Scientific Literature";"Bioorg Med Chem";"2022";"None";"TIME = 1.0 hr";"ACTIVATOR";"";"3.0"
"CHEMBL3901459";"";"None";"314.73";"0";"3.78";"BDBM238019";"CC(=O)c1ccc(-c2cc3c(C(=O)O)n[nH]c3cc2Cl)cc1";"EC50";"'='";"122.3";"nM";"6.91";"";"415120";"UO_0000065";"21.96";"0.43";"3.13";"8.32";"0";"CHEMBL3888750";"33P-Based Assay: The biochemical EC50 (half-maximal concentration required for full activation) of compounds for the activation of AMPK was evaluated by 33P-based assay using SAMS peptide (commercially available) derived from ACC-1. Twenty Î¼l of phosphorylated AMPK diluted in assay buffer, (50 mM HEPES, 1 mM EGTA, 10 mM MgCl2, 0.25 mM DTT, 0.01% Tween-20, 0.01% BSA (pH 7.5)) was added to 384 well plates containing 1 μL of test compound. Following a fifteen minute room temperature incubation, 10 Î¼L of protein phosphatase PP2A was added to the plate to dephosphorylate pThr172 of AMPK. After incubation for 90 minutes, 10 μL of substrate mixture containing 41 nM okadaic acid, 82 μM SAMS peptide, 82 μM ATP and tracer amounts (6.8 nM) of 33P-containing ATP was added to the plate. The reaction was terminated after 60 minutes incubation at room temperature by the addition of 15 μL of 2% H3PO4. Subsequently, 45 μl of reaction mix was transferred to 384 well Millipore MZPH filter plates (MZPHNO50) pre-treated with 25 μL of 2% H3PO4 and the plates were washed three times with assay buffer. 20 μL of Ready Safe scintillation fluid was added to dried plates followed by detection on the Trilux detector.";"B";"BAO_0000223";"protein complex format";"Homo sapiens";"None";"None";"None";"None";"";"";"";"CHEMBL2096907";"AMP-activated protein kinase, AMPK";"Homo sapiens";"PROTEIN COMPLEX GROUP";"CHEMBL3886819";"37";"BindingDB Patent Bioactivity Data";"";"2016";"None";"";"";"";"122.3"
"CHEMBL3975682";"";"None";"288.69";"0";"3.29";"BDBM238026";"O=C(O)c1n[nH]c2cc(Cl)c(-c3cccc(O)c3)cc12";"EC50";"'='";"1316.0";"nM";"5.88";"";"415127";"UO_0000065";"20.37";"0.40";"2.59";"6.82";"0";"CHEMBL3888750";"33P-Based Assay: The biochemical EC50 (half-maximal concentration required for full activation) of compounds for the activation of AMPK was evaluated by 33P-based assay using SAMS peptide (commercially available) derived from ACC-1. Twenty Î¼l of phosphorylated AMPK diluted in assay buffer, (50 mM HEPES, 1 mM EGTA, 10 mM MgCl2, 0.25 mM DTT, 0.01% Tween-20, 0.01% BSA (pH 7.5)) was added to 384 well plates containing 1 μL of test compound. Following a fifteen minute room temperature incubation, 10 Î¼L of protein phosphatase PP2A was added to the plate to dephosphorylate pThr172 of AMPK. After incubation for 90 minutes, 10 μL of substrate mixture containing 41 nM okadaic acid, 82 μM SAMS peptide, 82 μM ATP and tracer amounts (6.8 nM) of 33P-containing ATP was added to the plate. The reaction was terminated after 60 minutes incubation at room temperature by the addition of 15 μL of 2% H3PO4. Subsequently, 45 μl of reaction mix was transferred to 384 well Millipore MZPH filter plates (MZPHNO50) pre-treated with 25 μL of 2% H3PO4 and the plates were washed three times with assay buffer. 20 μL of Ready Safe scintillation fluid was added to dried plates followed by detection on the Trilux detector.";"B";"BAO_0000223";"protein complex format";"Homo sapiens";"None";"None";"None";"None";"";"";"";"CHEMBL2096907";"AMP-activated protein kinase, AMPK";"Homo sapiens";"PROTEIN COMPLEX GROUP";"CHEMBL3886819";"37";"BindingDB Patent Bioactivity Data";"";"2016";"None";"";"";"";"1316.0"
"CHEMBL3909286";"";"None";"373.84";"0";"4.58";"BDBM237940";"CC(C)(CO)COc1ccc(-c2cc3c(C(=O)O)c[nH]c3cc2Cl)cc1";"EC50";"'='";"93.5";"nM";"7.03";"";"415041";"UO_0000065";"18.80";"0.37";"2.45";"8.52";"0";"CHEMBL3888750";"33P-Based Assay: The biochemical EC50 (half-maximal concentration required for full activation) of compounds for the activation of AMPK was evaluated by 33P-based assay using SAMS peptide (commercially available) derived from ACC-1. Twenty Î¼l of phosphorylated AMPK diluted in assay buffer, (50 mM HEPES, 1 mM EGTA, 10 mM MgCl2, 0.25 mM DTT, 0.01% Tween-20, 0.01% BSA (pH 7.5)) was added to 384 well plates containing 1 μL of test compound. Following a fifteen minute room temperature incubation, 10 Î¼L of protein phosphatase PP2A was added to the plate to dephosphorylate pThr172 of AMPK. After incubation for 90 minutes, 10 μL of substrate mixture containing 41 nM okadaic acid, 82 μM SAMS peptide, 82 μM ATP and tracer amounts (6.8 nM) of 33P-containing ATP was added to the plate. The reaction was terminated after 60 minutes incubation at room temperature by the addition of 15 μL of 2% H3PO4. Subsequently, 45 μl of reaction mix was transferred to 384 well Millipore MZPH filter plates (MZPHNO50) pre-treated with 25 μL of 2% H3PO4 and the plates were washed three times with assay buffer. 20 μL of Ready Safe scintillation fluid was added to dried plates followed by detection on the Trilux detector.";"B";"BAO_0000223";"protein complex format";"Homo sapiens";"None";"None";"None";"None";"";"";"";"CHEMBL2096907";"AMP-activated protein kinase, AMPK";"Homo sapiens";"PROTEIN COMPLEX GROUP";"CHEMBL3886819";"37";"BindingDB Patent Bioactivity Data";"";"2016";"None";"";"";"";"93.5"
"CHEMBL3983356";"";"None";"285.27";"0";"3.68";"BDBM237953";"COc1ccc(-c2cc3c(C(=O)O)c[nH]c3cc2F)cc1";"EC50";"'='";"315.3";"nM";"6.50";"";"415054";"UO_0000065";"22.79";"0.42";"2.82";"10.43";"0";"CHEMBL3888750";"33P-Based Assay: The biochemical EC50 (half-maximal concentration required for full activation) of compounds for the activation of AMPK was evaluated by 33P-based assay using SAMS peptide (commercially available) derived from ACC-1. Twenty Î¼l of phosphorylated AMPK diluted in assay buffer, (50 mM HEPES, 1 mM EGTA, 10 mM MgCl2, 0.25 mM DTT, 0.01% Tween-20, 0.01% BSA (pH 7.5)) was added to 384 well plates containing 1 μL of test compound. Following a fifteen minute room temperature incubation, 10 Î¼L of protein phosphatase PP2A was added to the plate to dephosphorylate pThr172 of AMPK. After incubation for 90 minutes, 10 μL of substrate mixture containing 41 nM okadaic acid, 82 μM SAMS peptide, 82 μM ATP and tracer amounts (6.8 nM) of 33P-containing ATP was added to the plate. The reaction was terminated after 60 minutes incubation at room temperature by the addition of 15 μL of 2% H3PO4. Subsequently, 45 μl of reaction mix was transferred to 384 well Millipore MZPH filter plates (MZPHNO50) pre-treated with 25 μL of 2% H3PO4 and the plates were washed three times with assay buffer. 20 μL of Ready Safe scintillation fluid was added to dried plates followed by detection on the Trilux detector.";"B";"BAO_0000223";"protein complex format";"Homo sapiens";"None";"None";"None";"None";"";"";"";"CHEMBL2096907";"AMP-activated protein kinase, AMPK";"Homo sapiens";"PROTEIN COMPLEX GROUP";"CHEMBL3886819";"37";"BindingDB Patent Bioactivity Data";"";"2016";"None";"";"";"";"315.3"
"CHEMBL3891640";"";"None";"359.78";"0";"4.70";"BDBM237961";"O=C(O)c1c[nH]c2cc(Cl)c(-c3ccc(C4(O)CCC4)c(F)c3)cc12";"EC50";"'='";"21.8";"nM";"7.66";"";"415062";"UO_0000065";"21.30";"0.42";"2.96";"10.45";"0";"CHEMBL3888750";"33P-Based Assay: The biochemical EC50 (half-maximal concentration required for full activation) of compounds for the activation of AMPK was evaluated by 33P-based assay using SAMS peptide (commercially available) derived from ACC-1. Twenty Î¼l of phosphorylated AMPK diluted in assay buffer, (50 mM HEPES, 1 mM EGTA, 10 mM MgCl2, 0.25 mM DTT, 0.01% Tween-20, 0.01% BSA (pH 7.5)) was added to 384 well plates containing 1 μL of test compound. Following a fifteen minute room temperature incubation, 10 Î¼L of protein phosphatase PP2A was added to the plate to dephosphorylate pThr172 of AMPK. After incubation for 90 minutes, 10 μL of substrate mixture containing 41 nM okadaic acid, 82 μM SAMS peptide, 82 μM ATP and tracer amounts (6.8 nM) of 33P-containing ATP was added to the plate. The reaction was terminated after 60 minutes incubation at room temperature by the addition of 15 μL of 2% H3PO4. Subsequently, 45 μl of reaction mix was transferred to 384 well Millipore MZPH filter plates (MZPHNO50) pre-treated with 25 μL of 2% H3PO4 and the plates were washed three times with assay buffer. 20 μL of Ready Safe scintillation fluid was added to dried plates followed by detection on the Trilux detector.";"B";"BAO_0000223";"protein complex format";"Homo sapiens";"None";"None";"None";"None";"";"";"";"CHEMBL2096907";"AMP-activated protein kinase, AMPK";"Homo sapiens";"PROTEIN COMPLEX GROUP";"CHEMBL3886819";"37";"BindingDB Patent Bioactivity Data";"";"2016";"None";"";"";"";"21.8"
"CHEMBL3924398";"";"None";"427.93";"0";"4.20";"BDBM237970";"CN1CCN(CCCOc2ccc(-c3cc4c(C(=O)O)c[nH]c4cc3Cl)cc2)CC1";"EC50";"'='";"22.0";"nM";"7.66";"";"415071";"UO_0000065";"17.89";"0.35";"3.46";"11.13";"0";"CHEMBL3888750";"33P-Based Assay: The biochemical EC50 (half-maximal concentration required for full activation) of compounds for the activation of AMPK was evaluated by 33P-based assay using SAMS peptide (commercially available) derived from ACC-1. Twenty Î¼l of phosphorylated AMPK diluted in assay buffer, (50 mM HEPES, 1 mM EGTA, 10 mM MgCl2, 0.25 mM DTT, 0.01% Tween-20, 0.01% BSA (pH 7.5)) was added to 384 well plates containing 1 μL of test compound. Following a fifteen minute room temperature incubation, 10 Î¼L of protein phosphatase PP2A was added to the plate to dephosphorylate pThr172 of AMPK. After incubation for 90 minutes, 10 μL of substrate mixture containing 41 nM okadaic acid, 82 μM SAMS peptide, 82 μM ATP and tracer amounts (6.8 nM) of 33P-containing ATP was added to the plate. The reaction was terminated after 60 minutes incubation at room temperature by the addition of 15 μL of 2% H3PO4. Subsequently, 45 μl of reaction mix was transferred to 384 well Millipore MZPH filter plates (MZPHNO50) pre-treated with 25 μL of 2% H3PO4 and the plates were washed three times with assay buffer. 20 μL of Ready Safe scintillation fluid was added to dried plates followed by detection on the Trilux detector.";"B";"BAO_0000223";"protein complex format";"Homo sapiens";"None";"None";"None";"None";"";"";"";"CHEMBL2096907";"AMP-activated protein kinase, AMPK";"Homo sapiens";"PROTEIN COMPLEX GROUP";"CHEMBL3886819";"37";"BindingDB Patent Bioactivity Data";"";"2016";"None";"";"";"";"22.0"
"CHEMBL3960114";"";"None";"330.77";"0";"3.81";"BDBM238016";"CC(C)(O)c1ccc(-c2cc3c(C(=O)O)n[nH]c3cc2Cl)cc1";"EC50";"'='";"33.7";"nM";"7.47";"";"415117";"UO_0000065";"22.59";"0.44";"3.66";"8.67";"0";"CHEMBL3888750";"33P-Based Assay: The biochemical EC50 (half-maximal concentration required for full activation) of compounds for the activation of AMPK was evaluated by 33P-based assay using SAMS peptide (commercially available) derived from ACC-1. Twenty Î¼l of phosphorylated AMPK diluted in assay buffer, (50 mM HEPES, 1 mM EGTA, 10 mM MgCl2, 0.25 mM DTT, 0.01% Tween-20, 0.01% BSA (pH 7.5)) was added to 384 well plates containing 1 μL of test compound. Following a fifteen minute room temperature incubation, 10 Î¼L of protein phosphatase PP2A was added to the plate to dephosphorylate pThr172 of AMPK. After incubation for 90 minutes, 10 μL of substrate mixture containing 41 nM okadaic acid, 82 μM SAMS peptide, 82 μM ATP and tracer amounts (6.8 nM) of 33P-containing ATP was added to the plate. The reaction was terminated after 60 minutes incubation at room temperature by the addition of 15 μL of 2% H3PO4. Subsequently, 45 μl of reaction mix was transferred to 384 well Millipore MZPH filter plates (MZPHNO50) pre-treated with 25 μL of 2% H3PO4 and the plates were washed three times with assay buffer. 20 μL of Ready Safe scintillation fluid was added to dried plates followed by detection on the Trilux detector.";"B";"BAO_0000223";"protein complex format";"Homo sapiens";"None";"None";"None";"None";"";"";"";"CHEMBL2096907";"AMP-activated protein kinase, AMPK";"Homo sapiens";"PROTEIN COMPLEX GROUP";"CHEMBL3886819";"37";"BindingDB Patent Bioactivity Data";"";"2016";"None";"";"";"";"33.7"
"CHEMBL3985618";"";"None";"357.80";"0";"3.42";"BDBM238042";"O=C(O)c1n[nH]c2cc(Cl)c(-c3ccc(N4CCOCC4)cc3)cc12";"EC50";"'='";"19.8";"nM";"7.70";"";"415143";"UO_0000065";"21.53";"0.42";"4.28";"9.82";"0";"CHEMBL3888750";"33P-Based Assay: The biochemical EC50 (half-maximal concentration required for full activation) of compounds for the activation of AMPK was evaluated by 33P-based assay using SAMS peptide (commercially available) derived from ACC-1. Twenty Î¼l of phosphorylated AMPK diluted in assay buffer, (50 mM HEPES, 1 mM EGTA, 10 mM MgCl2, 0.25 mM DTT, 0.01% Tween-20, 0.01% BSA (pH 7.5)) was added to 384 well plates containing 1 μL of test compound. Following a fifteen minute room temperature incubation, 10 Î¼L of protein phosphatase PP2A was added to the plate to dephosphorylate pThr172 of AMPK. After incubation for 90 minutes, 10 μL of substrate mixture containing 41 nM okadaic acid, 82 μM SAMS peptide, 82 μM ATP and tracer amounts (6.8 nM) of 33P-containing ATP was added to the plate. The reaction was terminated after 60 minutes incubation at room temperature by the addition of 15 μL of 2% H3PO4. Subsequently, 45 μl of reaction mix was transferred to 384 well Millipore MZPH filter plates (MZPHNO50) pre-treated with 25 μL of 2% H3PO4 and the plates were washed three times with assay buffer. 20 μL of Ready Safe scintillation fluid was added to dried plates followed by detection on the Trilux detector.";"B";"BAO_0000223";"protein complex format";"Homo sapiens";"None";"None";"None";"None";"";"";"";"CHEMBL2096907";"AMP-activated protein kinase, AMPK";"Homo sapiens";"PROTEIN COMPLEX GROUP";"CHEMBL3886819";"37";"BindingDB Patent Bioactivity Data";"";"2016";"None";"";"";"";"19.8"
"CHEMBL3963444";"";"None";"373.36";"0";"4.19";"BDBM238056";"COc1cc(-c2c(F)cc3[nH]cc(C(=O)O)c3c2F)ccc1C1(O)CCC1";"EC50";"'='";"57.91";"nM";"7.24";"";"415157";"UO_0000065";"19.38";"0.37";"3.05";"8.77";"0";"CHEMBL3888750";"33P-Based Assay: The biochemical EC50 (half-maximal concentration required for full activation) of compounds for the activation of AMPK was evaluated by 33P-based assay using SAMS peptide (commercially available) derived from ACC-1. Twenty Î¼l of phosphorylated AMPK diluted in assay buffer, (50 mM HEPES, 1 mM EGTA, 10 mM MgCl2, 0.25 mM DTT, 0.01% Tween-20, 0.01% BSA (pH 7.5)) was added to 384 well plates containing 1 μL of test compound. Following a fifteen minute room temperature incubation, 10 Î¼L of protein phosphatase PP2A was added to the plate to dephosphorylate pThr172 of AMPK. After incubation for 90 minutes, 10 μL of substrate mixture containing 41 nM okadaic acid, 82 μM SAMS peptide, 82 μM ATP and tracer amounts (6.8 nM) of 33P-containing ATP was added to the plate. The reaction was terminated after 60 minutes incubation at room temperature by the addition of 15 μL of 2% H3PO4. Subsequently, 45 μl of reaction mix was transferred to 384 well Millipore MZPH filter plates (MZPHNO50) pre-treated with 25 μL of 2% H3PO4 and the plates were washed three times with assay buffer. 20 μL of Ready Safe scintillation fluid was added to dried plates followed by detection on the Trilux detector.";"B";"BAO_0000223";"protein complex format";"Homo sapiens";"None";"None";"None";"None";"";"";"";"CHEMBL2096907";"AMP-activated protein kinase, AMPK";"Homo sapiens";"PROTEIN COMPLEX GROUP";"CHEMBL3886819";"37";"BindingDB Patent Bioactivity Data";"";"2016";"None";"";"";"";"57.91"
"CHEMBL3939980";"";"None";"359.81";"0";"4.60";"BDBM238067";"COC[C@H](C)Oc1ccc(-c2cc3c(C(=O)O)c[nH]c3cc2Cl)cc1";"EC50";"'='";"47.83";"nM";"7.32";"";"415171";"UO_0000065";"20.34";"0.40";"2.72";"10.23";"0";"CHEMBL3888750";"33P-Based Assay: The biochemical EC50 (half-maximal concentration required for full activation) of compounds for the activation of AMPK was evaluated by 33P-based assay using SAMS peptide (commercially available) derived from ACC-1. Twenty Î¼l of phosphorylated AMPK diluted in assay buffer, (50 mM HEPES, 1 mM EGTA, 10 mM MgCl2, 0.25 mM DTT, 0.01% Tween-20, 0.01% BSA (pH 7.5)) was added to 384 well plates containing 1 μL of test compound. Following a fifteen minute room temperature incubation, 10 Î¼L of protein phosphatase PP2A was added to the plate to dephosphorylate pThr172 of AMPK. After incubation for 90 minutes, 10 μL of substrate mixture containing 41 nM okadaic acid, 82 μM SAMS peptide, 82 μM ATP and tracer amounts (6.8 nM) of 33P-containing ATP was added to the plate. The reaction was terminated after 60 minutes incubation at room temperature by the addition of 15 μL of 2% H3PO4. Subsequently, 45 μl of reaction mix was transferred to 384 well Millipore MZPH filter plates (MZPHNO50) pre-treated with 25 μL of 2% H3PO4 and the plates were washed three times with assay buffer. 20 μL of Ready Safe scintillation fluid was added to dried plates followed by detection on the Trilux detector.";"B";"BAO_0000223";"protein complex format";"Homo sapiens";"None";"None";"None";"None";"";"";"";"CHEMBL2096907";"AMP-activated protein kinase, AMPK";"Homo sapiens";"PROTEIN COMPLEX GROUP";"CHEMBL3886819";"37";"BindingDB Patent Bioactivity Data";"";"2016";"None";"";"";"";"47.83"
"CHEMBL3918226";"";"None";"321.38";"0";"3.87";"BDBM237946";"Cc1cc2[nH]cc(C(=O)O)c2cc1-c1ccc(C2(CO)CC2)cc1";"EC50";"'='";"36.9";"nM";"7.43";"";"415047";"UO_0000065";"23.13";"0.42";"3.56";"10.14";"0";"CHEMBL3888750";"33P-Based Assay: The biochemical EC50 (half-maximal concentration required for full activation) of compounds for the activation of AMPK was evaluated by 33P-based assay using SAMS peptide (commercially available) derived from ACC-1. Twenty Î¼l of phosphorylated AMPK diluted in assay buffer, (50 mM HEPES, 1 mM EGTA, 10 mM MgCl2, 0.25 mM DTT, 0.01% Tween-20, 0.01% BSA (pH 7.5)) was added to 384 well plates containing 1 μL of test compound. Following a fifteen minute room temperature incubation, 10 Î¼L of protein phosphatase PP2A was added to the plate to dephosphorylate pThr172 of AMPK. After incubation for 90 minutes, 10 μL of substrate mixture containing 41 nM okadaic acid, 82 μM SAMS peptide, 82 μM ATP and tracer amounts (6.8 nM) of 33P-containing ATP was added to the plate. The reaction was terminated after 60 minutes incubation at room temperature by the addition of 15 μL of 2% H3PO4. Subsequently, 45 μl of reaction mix was transferred to 384 well Millipore MZPH filter plates (MZPHNO50) pre-treated with 25 μL of 2% H3PO4 and the plates were washed three times with assay buffer. 20 μL of Ready Safe scintillation fluid was added to dried plates followed by detection on the Trilux detector.";"B";"BAO_0000223";"protein complex format";"Homo sapiens";"None";"None";"None";"None";"";"";"";"CHEMBL2096907";"AMP-activated protein kinase, AMPK";"Homo sapiens";"PROTEIN COMPLEX GROUP";"CHEMBL3886819";"37";"BindingDB Patent Bioactivity Data";"";"2016";"None";"";"";"";"36.9"
"CHEMBL3927465";"";"None";"371.82";"0";"4.60";"BDBM238064";"O=C(O)c1c[nH]c2cc(Cl)c(-c3ccc(OCCC4COC4)cc3)cc12";"EC50";"'='";"31.9";"nM";"7.50";"";"415168";"UO_0000065";"20.16";"0.39";"2.90";"10.48";"0";"CHEMBL3888750";"33P-Based Assay: The biochemical EC50 (half-maximal concentration required for full activation) of compounds for the activation of AMPK was evaluated by 33P-based assay using SAMS peptide (commercially available) derived from ACC-1. Twenty Î¼l of phosphorylated AMPK diluted in assay buffer, (50 mM HEPES, 1 mM EGTA, 10 mM MgCl2, 0.25 mM DTT, 0.01% Tween-20, 0.01% BSA (pH 7.5)) was added to 384 well plates containing 1 μL of test compound. Following a fifteen minute room temperature incubation, 10 Î¼L of protein phosphatase PP2A was added to the plate to dephosphorylate pThr172 of AMPK. After incubation for 90 minutes, 10 μL of substrate mixture containing 41 nM okadaic acid, 82 μM SAMS peptide, 82 μM ATP and tracer amounts (6.8 nM) of 33P-containing ATP was added to the plate. The reaction was terminated after 60 minutes incubation at room temperature by the addition of 15 μL of 2% H3PO4. Subsequently, 45 μl of reaction mix was transferred to 384 well Millipore MZPH filter plates (MZPHNO50) pre-treated with 25 μL of 2% H3PO4 and the plates were washed three times with assay buffer. 20 μL of Ready Safe scintillation fluid was added to dried plates followed by detection on the Trilux detector.";"B";"BAO_0000223";"protein complex format";"Homo sapiens";"None";"None";"None";"None";"";"";"";"CHEMBL2096907";"AMP-activated protein kinase, AMPK";"Homo sapiens";"PROTEIN COMPLEX GROUP";"CHEMBL3886819";"37";"BindingDB Patent Bioactivity Data";"";"2016";"None";"";"";"";"31.9"
"CHEMBL3898048";"";"None";"373.81";"1";"5.57";"BDBM238077";"O=C(O)c1c[nH]c2cc(Cl)c(-c3ccc(C4CCCCO4)cc3)c(F)c12";"EC50";"'='";"7.063";"nM";"8.15";"";"415182";"UO_0000065";"21.81";"0.43";"2.58";"13.08";"0";"CHEMBL3888750";"33P-Based Assay: The biochemical EC50 (half-maximal concentration required for full activation) of compounds for the activation of AMPK was evaluated by 33P-based assay using SAMS peptide (commercially available) derived from ACC-1. Twenty Î¼l of phosphorylated AMPK diluted in assay buffer, (50 mM HEPES, 1 mM EGTA, 10 mM MgCl2, 0.25 mM DTT, 0.01% Tween-20, 0.01% BSA (pH 7.5)) was added to 384 well plates containing 1 μL of test compound. Following a fifteen minute room temperature incubation, 10 Î¼L of protein phosphatase PP2A was added to the plate to dephosphorylate pThr172 of AMPK. After incubation for 90 minutes, 10 μL of substrate mixture containing 41 nM okadaic acid, 82 μM SAMS peptide, 82 μM ATP and tracer amounts (6.8 nM) of 33P-containing ATP was added to the plate. The reaction was terminated after 60 minutes incubation at room temperature by the addition of 15 μL of 2% H3PO4. Subsequently, 45 μl of reaction mix was transferred to 384 well Millipore MZPH filter plates (MZPHNO50) pre-treated with 25 μL of 2% H3PO4 and the plates were washed three times with assay buffer. 20 μL of Ready Safe scintillation fluid was added to dried plates followed by detection on the Trilux detector.";"B";"BAO_0000223";"protein complex format";"Homo sapiens";"None";"None";"None";"None";"";"";"";"CHEMBL2096907";"AMP-activated protein kinase, AMPK";"Homo sapiens";"PROTEIN COMPLEX GROUP";"CHEMBL3886819";"37";"BindingDB Patent Bioactivity Data";"";"2016";"None";"";"";"";"7.063"
"CHEMBL3977063";"";"None";"387.82";"0";"3.43";"BDBM238080";"COc1nc(N2CCOCC2)ccc1-c1cc2c(C(=O)O)c[nH]c2cc1Cl";"EC50";"'='";"15.3";"nM";"7.82";"";"415187";"UO_0000065";"20.15";"0.40";"4.39";"8.91";"0";"CHEMBL3888750";"33P-Based Assay: The biochemical EC50 (half-maximal concentration required for full activation) of compounds for the activation of AMPK was evaluated by 33P-based assay using SAMS peptide (commercially available) derived from ACC-1. Twenty Î¼l of phosphorylated AMPK diluted in assay buffer, (50 mM HEPES, 1 mM EGTA, 10 mM MgCl2, 0.25 mM DTT, 0.01% Tween-20, 0.01% BSA (pH 7.5)) was added to 384 well plates containing 1 μL of test compound. Following a fifteen minute room temperature incubation, 10 Î¼L of protein phosphatase PP2A was added to the plate to dephosphorylate pThr172 of AMPK. After incubation for 90 minutes, 10 μL of substrate mixture containing 41 nM okadaic acid, 82 μM SAMS peptide, 82 μM ATP and tracer amounts (6.8 nM) of 33P-containing ATP was added to the plate. The reaction was terminated after 60 minutes incubation at room temperature by the addition of 15 μL of 2% H3PO4. Subsequently, 45 μl of reaction mix was transferred to 384 well Millipore MZPH filter plates (MZPHNO50) pre-treated with 25 μL of 2% H3PO4 and the plates were washed three times with assay buffer. 20 μL of Ready Safe scintillation fluid was added to dried plates followed by detection on the Trilux detector.";"B";"BAO_0000223";"protein complex format";"Homo sapiens";"None";"None";"None";"None";"";"";"";"CHEMBL2096907";"AMP-activated protein kinase, AMPK";"Homo sapiens";"PROTEIN COMPLEX GROUP";"CHEMBL3886819";"37";"BindingDB Patent Bioactivity Data";"";"2016";"None";"";"";"";"15.3"
"CHEMBL5195509";"";"None";"571.63";"1";"4.36";"41";"N#Cc1ccc(CN2CCC(NC(=O)c3ccc(C(=O)N4CCC(C(=O)c5ccc(F)cc5F)CC4)nc3)CC2)cc1";"EC50";"'='";"18.0";"nM";"7.75";"";"";"UO_0000065";"13.55";"0.25";"3.38";"7.28";"0";"CHEMBL5110776";"Activation of AMPK in human HepG2 cells assessed as increase in ACC phosphorylation at Ser79 incubated for 1 hr";"B";"BAO_0000219";"cell-based format";"Homo sapiens";"None";"None";"HepG2";"None";"";"";"";"CHEMBL2096907";"AMP-activated protein kinase, AMPK";"Homo sapiens";"PROTEIN COMPLEX GROUP";"CHEMBL5108030";"1";"Scientific Literature";"Bioorg Med Chem";"2022";"None";"TIME = 1.0 hr";"ACTIVATOR";"";"18.0"
"CHEMBL5175803";"";"None";"606.72";"1";"3.75";"54";"CS(=O)(=O)c1ccc(C(=O)C2CCN(C(=O)c3ccc(C(=O)NC4CCN(Cc5ccc(F)cc5)CC4)cn3)CC2)cc1";"EC50";"'='";"2000.0";"nM";"5.70";"";"";"UO_0000065";"9.39";"0.18";"1.95";"4.88";"0";"CHEMBL5110776";"Activation of AMPK in human HepG2 cells assessed as increase in ACC phosphorylation at Ser79 incubated for 1 hr";"B";"BAO_0000219";"cell-based format";"Homo sapiens";"None";"None";"HepG2";"None";"";"";"";"CHEMBL2096907";"AMP-activated protein kinase, AMPK";"Homo sapiens";"PROTEIN COMPLEX GROUP";"CHEMBL5108030";"1";"Scientific Literature";"Bioorg Med Chem";"2022";"None";"TIME = 1.0 hr";"ACTIVATOR";"";"2000.0"
"CHEMBL5197566";"";"None";"511.67";"1";"3.87";"8";"O=C(NC1CCN(Cc2ccccc2)CC1)c1ccc(C(=O)NC2CCN(Cc3ccccc3)CC2)nc1";"EC50";"'='";"10000.0";"nM";"5.00";"";"";"UO_0000065";"9.77";"0.18";"1.13";"6.45";"0";"CHEMBL5110776";"Activation of AMPK in human HepG2 cells assessed as increase in ACC phosphorylation at Ser79 incubated for 1 hr";"B";"BAO_0000219";"cell-based format";"Homo sapiens";"None";"None";"HepG2";"None";"";"";"";"CHEMBL2096907";"AMP-activated protein kinase, AMPK";"Homo sapiens";"PROTEIN COMPLEX GROUP";"CHEMBL5108030";"1";"Scientific Literature";"Bioorg Med Chem";"2022";"None";"TIME = 1.0 hr";"ACTIVATOR";"";"10.0"
