"Molecule ChEMBL ID";"Molecule Name";"Molecule Max Phase";"Molecular Weight";"#RO5 Violations";"AlogP";"Compound Key";"Smiles";"Standard Type";"Standard Relation";"Standard Value";"Standard Units";"pChEMBL Value";"Data Validity Comment";"Comment";"Uo Units";"Ligand Efficiency BEI";"Ligand Efficiency LE";"Ligand Efficiency LLE";"Ligand Efficiency SEI";"Potential Duplicate";"Assay ChEMBL ID";"Assay Description";"Assay Type";"BAO Format ID";"BAO Label";"Assay Organism";"Assay Tissue ChEMBL ID";"Assay Tissue Name";"Assay Cell Type";"Assay Subcellular Fraction";"Assay Parameters";"Assay Variant Accession";"Assay Variant Mutation";"Target ChEMBL ID";"Target Name";"Target Organism";"Target Type";"Document ChEMBL ID";"Source ID";"Source Description";"Document Journal";"Document Year";"Cell ChEMBL ID";"Properties";"Action Type";"Standard Text Value";"Value"
"CHEMBL4128250";"";"None";"389.50";"0";"3.96";"1; R-IMPP, PF-00932239";"COc1ccc(CCC(=O)N(c2nccc3ccccc23)[C@@H]2CCCNC2)cc1";"IC50";"'>'";"10000.0";"nM";"";"";"";"UO_0000065";"";"";"";"";"0";"CHEMBL4383957";"Inhibition of human recombinant PCSK9 expressed in CHO-K1 cells assessed as alkaline phosphatase secretion incubated overnight and measured after 3 days by HTS assay";"B";"BAO_0000219";"cell-based format";"Homo sapiens";"None";"None";"CHO-K1";"None";"";"";"";"CHEMBL2929";"Proprotein convertase subtilisin/kexin type 9";"Homo sapiens";"SINGLE PROTEIN";"CHEMBL4382228";"1";"Scientific Literature";"Eur J Med Chem";"2019";"CHEMBL3307512";"";"";"";"10.0"
"CHEMBL5088467";"";"None";"444.51";"0";"3.95";"1";"Cc1cnc2c(-c3ccc(C(=O)N(c4ncccc4C)[C@@H]4CCCNC4)cc3F)cnn2c1";"IC50";"'='";"1700.0";"nM";"5.77";"";"";"UO_0000065";"12.98";"0.24";"1.82";"7.65";"0";"CHEMBL5036230";"Inhibition of PCSK9 translation in human THP-1 cells by AlphaLISA assay";"B";"BAO_0000219";"cell-based format";"Homo sapiens";"None";"None";"THP-1";"None";"";"";"";"CHEMBL2929";"Proprotein convertase subtilisin/kexin type 9";"Homo sapiens";"SINGLE PROTEIN";"CHEMBL5034046";"1";"Scientific Literature";"ACS Med Chem Lett";"2022";"None";"";"INHIBITOR";"";"1.7"
"CHEMBL4112849";"";"None";"573.66";"2";"3.92";"BDBM200348";"CCOC(=O)OC(CC)n1nnc(-c2c(-c3ccc(C(=O)N(c4ncccc4C)[C@@H]4CCCNC4)cc3)cnn2C)n1";"IC50";"'='";"23700.0";"nM";"4.62";"";"356452";"UO_0000065";"8.06";"0.15";"0.71";"3.25";"0";"CHEMBL3887821";"Cell Free Assay: In order to eliminate the permeability barrier inherent to the WT7 and SCHH cell-based assays a cell-free system was also established to access compound activity. A sequence containing the full length human PCSK9 (NCBI reference identifier, NM-174936.3, where coding sequence start annotated at position 363) along with 84 additional 3â¿² nucleotides, comprising a V5 tag and polylinkinker followed by an in frame modified firefly luciferase reporter (corresponding to nucleotide positions 283-1929 of pGL3, Gen Bank reference identifier JN542721.1) was cloned into the pT7CFE1 expression vector (ThermoScientific). The construct was then in-vitro transcribed using the MEGAscript T7 Kit (Life Technologies) and RNA subsequently purified incorporating the MEGAclear Kit (Life Technologies) according to manufacturer's protocols. HeLa cell lysates were prepared following the protocols described by Mikami (reference is Cell-Free Protein Synthesis Systems with Extracts from Cultured Human Cells, S. Mikami, T. Kobayashi and H. Imataka; from Methods in Molecular Biology, vol. 607, pages 43-52, Y. Endo et al. (eds.), Humana Press, 2010) with the following modifications.";"B";"BAO_0000219";"cell-based format";"None";"None";"None";"HeLa";"None";"";"";"";"CHEMBL2929";"Proprotein convertase subtilisin/kexin type 9";"Homo sapiens";"SINGLE PROTEIN";"CHEMBL3886461";"37";"BindingDB Patent Bioactivity Data";"";"2016";"CHEMBL3308376";"";"";"";"23700.0"
"CHEMBL4111921";"";"None";"601.71";"2";"4.56";"BDBM200352";"CCOC(=O)OC(n1nnc(-c2c(-c3ccc(C(=O)N(c4ncccc4C)[C@@H]4CCCNC4)cc3)cnn2C)n1)C(C)(C)C";"IC50";"'='";"5430.0";"nM";"5.26";"";"356455";"UO_0000065";"8.75";"0.16";"0.71";"3.70";"0";"CHEMBL3887821";"Cell Free Assay: In order to eliminate the permeability barrier inherent to the WT7 and SCHH cell-based assays a cell-free system was also established to access compound activity. A sequence containing the full length human PCSK9 (NCBI reference identifier, NM-174936.3, where coding sequence start annotated at position 363) along with 84 additional 3â¿² nucleotides, comprising a V5 tag and polylinkinker followed by an in frame modified firefly luciferase reporter (corresponding to nucleotide positions 283-1929 of pGL3, Gen Bank reference identifier JN542721.1) was cloned into the pT7CFE1 expression vector (ThermoScientific). The construct was then in-vitro transcribed using the MEGAscript T7 Kit (Life Technologies) and RNA subsequently purified incorporating the MEGAclear Kit (Life Technologies) according to manufacturer's protocols. HeLa cell lysates were prepared following the protocols described by Mikami (reference is Cell-Free Protein Synthesis Systems with Extracts from Cultured Human Cells, S. Mikami, T. Kobayashi and H. Imataka; from Methods in Molecular Biology, vol. 607, pages 43-52, Y. Endo et al. (eds.), Humana Press, 2010) with the following modifications.";"B";"BAO_0000219";"cell-based format";"None";"None";"None";"HeLa";"None";"";"";"";"CHEMBL2929";"Proprotein convertase subtilisin/kexin type 9";"Homo sapiens";"SINGLE PROTEIN";"CHEMBL3886461";"37";"BindingDB Patent Bioactivity Data";"";"2016";"CHEMBL3308376";"";"";"";"5430.0"
"CHEMBL4112053";"";"None";"587.69";"2";"4.31";"BDBM200356";"CCC(OC(=O)OC(C)C)n1nnc(-c2c(-c3ccc(C(=O)N(c4ncccc4C)[C@@H]4CCCNC4)cc3)cnn2C)n1";"IC50";"'='";"18200.0";"nM";"4.74";"";"356459";"UO_0000065";"8.07";"0.15";"0.43";"3.33";"0";"CHEMBL3887821";"Cell Free Assay: In order to eliminate the permeability barrier inherent to the WT7 and SCHH cell-based assays a cell-free system was also established to access compound activity. A sequence containing the full length human PCSK9 (NCBI reference identifier, NM-174936.3, where coding sequence start annotated at position 363) along with 84 additional 3â¿² nucleotides, comprising a V5 tag and polylinkinker followed by an in frame modified firefly luciferase reporter (corresponding to nucleotide positions 283-1929 of pGL3, Gen Bank reference identifier JN542721.1) was cloned into the pT7CFE1 expression vector (ThermoScientific). The construct was then in-vitro transcribed using the MEGAscript T7 Kit (Life Technologies) and RNA subsequently purified incorporating the MEGAclear Kit (Life Technologies) according to manufacturer's protocols. HeLa cell lysates were prepared following the protocols described by Mikami (reference is Cell-Free Protein Synthesis Systems with Extracts from Cultured Human Cells, S. Mikami, T. Kobayashi and H. Imataka; from Methods in Molecular Biology, vol. 607, pages 43-52, Y. Endo et al. (eds.), Humana Press, 2010) with the following modifications.";"B";"BAO_0000219";"cell-based format";"None";"None";"None";"HeLa";"None";"";"";"";"CHEMBL2929";"Proprotein convertase subtilisin/kexin type 9";"Homo sapiens";"SINGLE PROTEIN";"CHEMBL3886461";"37";"BindingDB Patent Bioactivity Data";"";"2016";"CHEMBL3308376";"";"";"";"18200.0"
"CHEMBL4110287";"";"None";"571.69";"2";"3.95";"BDBM200368";"CCC(OC(=O)C(C)C)n1nnc(-c2c(-c3ccc(C(=O)N(c4ncccc4C)[C@@H]4CCCNC4)cc3)cnn2C)n1";"IC50";"'='";"31800.0";"nM";"4.50";"";"356472";"UO_0000065";"7.87";"0.15";"0.55";"3.38";"0";"CHEMBL3887821";"Cell Free Assay: In order to eliminate the permeability barrier inherent to the WT7 and SCHH cell-based assays a cell-free system was also established to access compound activity. A sequence containing the full length human PCSK9 (NCBI reference identifier, NM-174936.3, where coding sequence start annotated at position 363) along with 84 additional 3â¿² nucleotides, comprising a V5 tag and polylinkinker followed by an in frame modified firefly luciferase reporter (corresponding to nucleotide positions 283-1929 of pGL3, Gen Bank reference identifier JN542721.1) was cloned into the pT7CFE1 expression vector (ThermoScientific). The construct was then in-vitro transcribed using the MEGAscript T7 Kit (Life Technologies) and RNA subsequently purified incorporating the MEGAclear Kit (Life Technologies) according to manufacturer's protocols. HeLa cell lysates were prepared following the protocols described by Mikami (reference is Cell-Free Protein Synthesis Systems with Extracts from Cultured Human Cells, S. Mikami, T. Kobayashi and H. Imataka; from Methods in Molecular Biology, vol. 607, pages 43-52, Y. Endo et al. (eds.), Humana Press, 2010) with the following modifications.";"B";"BAO_0000219";"cell-based format";"None";"None";"None";"HeLa";"None";"";"";"";"CHEMBL2929";"Proprotein convertase subtilisin/kexin type 9";"Homo sapiens";"SINGLE PROTEIN";"CHEMBL3886461";"37";"BindingDB Patent Bioactivity Data";"";"2016";"CHEMBL3308376";"";"";"";"31800.0"
"CHEMBL4107907";"";"None";"432.92";"0";"3.84";"45; PF-06378503";"O=C(c1ccc(-c2cnn3cccnc23)cc1)N(c1ncccc1Cl)[C@@H]1CCCNC1";"IC50";"'='";"300.0";"nM";"6.52";"";"";"UO_0000065";"15.07";"0.29";"2.68";"8.65";"0";"CHEMBL5232231";"Inhibition of human C-terminal V5 epitope tagged PCSK9 by luciferase reporter assay";"B";"BAO_0000357";"single protein format";"Homo sapiens";"None";"None";"None";"None";"";"";"";"CHEMBL2929";"Proprotein convertase subtilisin/kexin type 9";"Homo sapiens";"SINGLE PROTEIN";"CHEMBL5230139";"1";"Scientific Literature";"J Med Chem";"2021";"None";"";"INHIBITOR";"";"0.3"
"CHEMBL5425722";"";"None";"387.40";"0";"0.08";"3v";"COC(=O)CNc1nc2c(c(=O)n(C)c(=O)n2C)n1Cc1cccc(OC)c1";"IC50";"'='";"11900.0";"nM";"4.92";"";"";"UO_0000065";"12.71";"0.24";"4.84";"4.50";"0";"CHEMBL5333523";"Inhibition of PCSK9 transcriptional activity in human HepG2 cells stably expressing luciferase reporter plasmid containing PCSK9 promoter assessed as decrease in luciferase activity incubated for 24 hrs by Luciferase assay";"B";"BAO_0000219";"cell-based format";"Homo sapiens";"None";"None";"HepG2";"None";"";"";"";"CHEMBL2929";"Proprotein convertase subtilisin/kexin type 9";"Homo sapiens";"SINGLE PROTEIN";"CHEMBL5331095";"1";"Scientific Literature";"Eur J Med Chem";"2023";"None";"TIME = 24.0 hr";"INHIBITOR";"";"11.9"
"CHEMBL5395324";"";"None";"408.26";"0";"0.65";"5l";"Cn1c(=O)c2c(nc(NCCO)n2Cc2ccccc2Br)n(C)c1=O";"IC50";"'='";"24200.0";"nM";"4.62";"";"";"UO_0000065";"11.31";"0.25";"3.97";"4.91";"0";"CHEMBL5333523";"Inhibition of PCSK9 transcriptional activity in human HepG2 cells stably expressing luciferase reporter plasmid containing PCSK9 promoter assessed as decrease in luciferase activity incubated for 24 hrs by Luciferase assay";"B";"BAO_0000219";"cell-based format";"Homo sapiens";"None";"None";"HepG2";"None";"";"";"";"CHEMBL2929";"Proprotein convertase subtilisin/kexin type 9";"Homo sapiens";"SINGLE PROTEIN";"CHEMBL5331095";"1";"Scientific Literature";"Eur J Med Chem";"2023";"None";"TIME = 24.0 hr";"INHIBITOR";"";"24.2"
"CHEMBL4227325";"";"None";"1902.30";"None";"None";"37";"CC[C@H](C)[C@H](NC(=O)[C@H](CCCCNC(=N)N)NC(=O)[C@@H](NC(=O)[C@H](CC(C)C)NC(=O)[C@H](CC(N)=O)NC(=O)[C@H](Cc1c[nH]c2ccccc12)NC(=O)CNC(=O)[C@@H]1CCCN1C(=O)[C@H](Cc1ccccc1)NC(=O)[C@H](CO)NC(=O)[C@H](CCC(=O)O)NC(=O)[C@@H](N)CCSC)C(C)C)C(=O)NCC(=O)N[C@@H](CC(C)C)C(=O)N[C@@H](CC(C)C)C(=O)N[C@@H](CCCNC(=N)N)C(=O)O";"IC50";"'='";"840.0";"nM";"6.08";"";"";"UO_0000065";"3.19";"None";"None";"None";"0";"CHEMBL5236432";"Inhibition of human PCSK9 preincubated for 30 mins followed by ab20 addition and measured after 2 hrs by TR-FRET assay";"B";"BAO_0000357";"single protein format";"Homo sapiens";"None";"None";"None";"None";"";"";"";"CHEMBL2929";"Proprotein convertase subtilisin/kexin type 9";"Homo sapiens";"SINGLE PROTEIN";"CHEMBL5233285";"1";"Scientific Literature";"J Med Chem";"2022";"None";"TIME = 2.5 hr";"INHIBITOR";"";"0.84"
"CHEMBL4227325";"";"None";"1902.30";"None";"None";"37";"CC[C@H](C)[C@H](NC(=O)[C@H](CCCCNC(=N)N)NC(=O)[C@@H](NC(=O)[C@H](CC(C)C)NC(=O)[C@H](CC(N)=O)NC(=O)[C@H](Cc1c[nH]c2ccccc12)NC(=O)CNC(=O)[C@@H]1CCCN1C(=O)[C@H](Cc1ccccc1)NC(=O)[C@H](CO)NC(=O)[C@H](CCC(=O)O)NC(=O)[C@@H](N)CCSC)C(C)C)C(=O)NCC(=O)N[C@@H](CC(C)C)C(=O)N[C@@H](CC(C)C)C(=O)N[C@@H](CCCNC(=N)N)C(=O)O";"IC50";"'='";"25000.0";"nM";"4.60";"";"";"UO_0000065";"2.42";"None";"None";"None";"0";"CHEMBL5236434";"Inhibition of human PCSK9 preincubated for 30 mins followed by LDLR addition and measured after 2 hrs by TR-FRET assay";"B";"BAO_0000357";"single protein format";"Homo sapiens";"None";"None";"None";"None";"";"";"";"CHEMBL2929";"Proprotein convertase subtilisin/kexin type 9";"Homo sapiens";"SINGLE PROTEIN";"CHEMBL5233285";"1";"Scientific Literature";"J Med Chem";"2022";"None";"TIME = 2.5 hr";"INHIBITOR";"";"25.0"
"CHEMBL5896757";"";"None";"440.93";"0";"3.52";"BDBM425988";"Cc1cc(C2=NOC(C)(C)C2=O)ccc1C(=O)N(c1ncccc1Cl)[C@@H]1CCCNC1";"IC50";"'<'";"10000.0";"nM";"";"";"858666";"UO_0000065";"";"";"";"";"0";"CHEMBL5734738";"In Vitro Screening Experiment: 1. Reagent Preparation:1) Preparation of 1× AlphaLISA test buffer solution:2.5 ml of 10× AlphaLISA test buffer solution was added to 22.5 ml of Milli-Q water to produce the 1× AlphaLISA test buffer solution.2) Preparation of mixture (25 μg/mL/2.5 nM) of 2.5× AlphaLISA Acceptor beads and Biotinylated Antibody Anti-PCSK9:50 μL of 5 mg/mL Alpha LISA Anti-PCSK9 Acceptor beads and 50 μL of 500 nM Biotinylated Antibody Anti-PCSK9 were added to 9,900 μL of 1× AlphaLISA test buffer solution.3) Preparation of 2× Streptavidin (SA) Donor beads (80 μg/mL):200 μL of 5 mg/mL SA-Donor beads was added to 12,300 μL of 1× AlphaLISA test buffer solution.2. Operation Steps:1) DMSO was added to the test compound to produce the 50 μM stock solution, which was then serially diluted into 10 concentrations by 3-fold, and placed in the 384-pore plate;2) PCSK9-Huh7 cells were added in the 384-pore plate, and the cell plate was cultured in the incubator for 20 h;3) 20 μL/pore mixture of 2.5× AlphaLISA Acceptor beads and Biotinylated Antibody Anti-PCSK9 was added, and incubated at 23° C. for 60 min.4) 25 μL/pore 2× Streptavidin (SA) Donor beads were added; and incubated for 30 min at 23° C. (kept in dark place).5) EnVision-Alpha Reader reading:Test condition: Total Measurement Time: 550 ms, Laser 680 nm Excitation Time: 180 ms, Mirror: D640as, Emission Filtered: M570w, Center Wavelength 570 nm, Bandwidth 100 nm, Transmittance 75%.3. Data Analysis:Date was analyzed with Prismsoftware (nonlinear regression (Sigmoidal dose-response-variable slope)Inhibition ratio %=100*(Sample reading−LC reading)/(HC reading−LC reading).";"B";"BAO_0000019";"assay format";"None";"None";"None";"None";"None";"";"";"";"CHEMBL2929";"Proprotein convertase subtilisin/kexin type 9";"Homo sapiens";"SINGLE PROTEIN";"CHEMBL5727468";"37";"BindingDB Patent Bioactivity Data";"";"2019";"None";"";"";"";"10000.0"
"CHEMBL5864919";"";"None";"440.93";"0";"3.52";"BDBM425989";"Cc1cc(C(=O)N(c2ncccc2Cl)[C@@H]2CCCNC2)ccc1C1=NOC(C)(C)C1=O";"IC50";"'<'";"10000.0";"nM";"";"";"858667";"UO_0000065";"";"";"";"";"0";"CHEMBL5734738";"In Vitro Screening Experiment: 1. Reagent Preparation:1) Preparation of 1× AlphaLISA test buffer solution:2.5 ml of 10× AlphaLISA test buffer solution was added to 22.5 ml of Milli-Q water to produce the 1× AlphaLISA test buffer solution.2) Preparation of mixture (25 μg/mL/2.5 nM) of 2.5× AlphaLISA Acceptor beads and Biotinylated Antibody Anti-PCSK9:50 μL of 5 mg/mL Alpha LISA Anti-PCSK9 Acceptor beads and 50 μL of 500 nM Biotinylated Antibody Anti-PCSK9 were added to 9,900 μL of 1× AlphaLISA test buffer solution.3) Preparation of 2× Streptavidin (SA) Donor beads (80 μg/mL):200 μL of 5 mg/mL SA-Donor beads was added to 12,300 μL of 1× AlphaLISA test buffer solution.2. Operation Steps:1) DMSO was added to the test compound to produce the 50 μM stock solution, which was then serially diluted into 10 concentrations by 3-fold, and placed in the 384-pore plate;2) PCSK9-Huh7 cells were added in the 384-pore plate, and the cell plate was cultured in the incubator for 20 h;3) 20 μL/pore mixture of 2.5× AlphaLISA Acceptor beads and Biotinylated Antibody Anti-PCSK9 was added, and incubated at 23° C. for 60 min.4) 25 μL/pore 2× Streptavidin (SA) Donor beads were added; and incubated for 30 min at 23° C. (kept in dark place).5) EnVision-Alpha Reader reading:Test condition: Total Measurement Time: 550 ms, Laser 680 nm Excitation Time: 180 ms, Mirror: D640as, Emission Filtered: M570w, Center Wavelength 570 nm, Bandwidth 100 nm, Transmittance 75%.3. Data Analysis:Date was analyzed with Prismsoftware (nonlinear regression (Sigmoidal dose-response-variable slope)Inhibition ratio %=100*(Sample reading−LC reading)/(HC reading−LC reading).";"B";"BAO_0000019";"assay format";"None";"None";"None";"None";"None";"";"";"";"CHEMBL2929";"Proprotein convertase subtilisin/kexin type 9";"Homo sapiens";"SINGLE PROTEIN";"CHEMBL5727468";"37";"BindingDB Patent Bioactivity Data";"";"2019";"None";"";"";"";"10000.0"
"CHEMBL6027836";"";"None";"466.58";"0";"3.33";"BDBM425997";"COCCO[C@@H]1C(c2ccc(C(=O)N(c3ncccc3C)[C@@H]3CCCNC3)cc2)=NOC1(C)C";"IC50";"'<'";"10000.0";"nM";"";"";"858675";"UO_0000065";"";"";"";"";"0";"CHEMBL5734738";"In Vitro Screening Experiment: 1. Reagent Preparation:1) Preparation of 1× AlphaLISA test buffer solution:2.5 ml of 10× AlphaLISA test buffer solution was added to 22.5 ml of Milli-Q water to produce the 1× AlphaLISA test buffer solution.2) Preparation of mixture (25 μg/mL/2.5 nM) of 2.5× AlphaLISA Acceptor beads and Biotinylated Antibody Anti-PCSK9:50 μL of 5 mg/mL Alpha LISA Anti-PCSK9 Acceptor beads and 50 μL of 500 nM Biotinylated Antibody Anti-PCSK9 were added to 9,900 μL of 1× AlphaLISA test buffer solution.3) Preparation of 2× Streptavidin (SA) Donor beads (80 μg/mL):200 μL of 5 mg/mL SA-Donor beads was added to 12,300 μL of 1× AlphaLISA test buffer solution.2. Operation Steps:1) DMSO was added to the test compound to produce the 50 μM stock solution, which was then serially diluted into 10 concentrations by 3-fold, and placed in the 384-pore plate;2) PCSK9-Huh7 cells were added in the 384-pore plate, and the cell plate was cultured in the incubator for 20 h;3) 20 μL/pore mixture of 2.5× AlphaLISA Acceptor beads and Biotinylated Antibody Anti-PCSK9 was added, and incubated at 23° C. for 60 min.4) 25 μL/pore 2× Streptavidin (SA) Donor beads were added; and incubated for 30 min at 23° C. (kept in dark place).5) EnVision-Alpha Reader reading:Test condition: Total Measurement Time: 550 ms, Laser 680 nm Excitation Time: 180 ms, Mirror: D640as, Emission Filtered: M570w, Center Wavelength 570 nm, Bandwidth 100 nm, Transmittance 75%.3. Data Analysis:Date was analyzed with Prismsoftware (nonlinear regression (Sigmoidal dose-response-variable slope)Inhibition ratio %=100*(Sample reading−LC reading)/(HC reading−LC reading).";"B";"BAO_0000019";"assay format";"None";"None";"None";"None";"None";"";"";"";"CHEMBL2929";"Proprotein convertase subtilisin/kexin type 9";"Homo sapiens";"SINGLE PROTEIN";"CHEMBL5727468";"37";"BindingDB Patent Bioactivity Data";"";"2019";"None";"";"";"";"10000.0"
"CHEMBL4585306";"";"None";"260.34";"0";"4.55";"7";"Cc1cccc2c(Cc3cc4ccccc4[nH]3)c[nH]c12";"IC50";"'='";"900.0";"nM";"6.05";"";"";"UO_0000065";"23.22";"0.41";"1.50";"19.14";"0";"CHEMBL4434276";"Inhibition of human PCSK9 in HepG2 cells incubated for 48 hrs by AlphaLISA assay";"B";"BAO_0000219";"cell-based format";"Homo sapiens";"None";"None";"HepG2";"None";"";"";"";"CHEMBL2929";"Proprotein convertase subtilisin/kexin type 9";"Homo sapiens";"SINGLE PROTEIN";"CHEMBL4433247";"1";"Scientific Literature";"Bioorg Med Chem Lett";"2019";"CHEMBL3307718";"";"";"";"0.9"
"CHEMBL4572783";"";"None";"282.29";"0";"4.52";"16";"Fc1ccc2[nH]c(Cc3c[nH]c4c(F)cccc34)cc2c1";"IC50";"'='";"201.7";"nM";"6.70";"";"";"UO_0000065";"23.72";"0.44";"2.18";"21.20";"0";"CHEMBL4434275";"Inhibition of human PCSK9 in HepG2 cells incubated for 24 hrs followed by medium replenishment and measured after 24 hrs by ELISA";"B";"BAO_0000219";"cell-based format";"Homo sapiens";"None";"None";"HepG2";"None";"";"";"";"CHEMBL2929";"Proprotein convertase subtilisin/kexin type 9";"Homo sapiens";"SINGLE PROTEIN";"CHEMBL4433247";"1";"Scientific Literature";"Bioorg Med Chem Lett";"2019";"CHEMBL3307718";"";"";"";"201.7"
"CHEMBL4228379";"";"None";"398.47";"0";"3.29";"Ref 37, cpd 7";"Cn1cncc1-c1ncc(-c2ncc(-c3ncc(-c4ccccc4)n3C)n2C)n1C";"IC50";"'='";"11200.0";"nM";"4.95";"";"";"UO_0000065";"12.42";"0.23";"1.66";"6.95";"0";"CHEMBL4221944";"Inhibition of binding of full-length recombinant human PCSK9 (M1 to Q692 residues) expressed in HEK293 cells to full-length LDLR (A1 to A699 residues) by SPR analysis";"B";"BAO_0000219";"cell-based format";"Homo sapiens";"None";"None";"HEK293";"None";"";"";"";"CHEMBL2929";"Proprotein convertase subtilisin/kexin type 9";"Homo sapiens";"SINGLE PROTEIN";"CHEMBL4219125";"1";"Scientific Literature";"Bioorg Med Chem Lett";"2018";"None";"";"";"";"11.2"
"CHEMBL5424938";"";"None";"373.41";"0";"0.28";"3j";"COc1cccc(Cn2c(NCCCO)nc3c2c(=O)n(C)c(=O)n3C)c1";"IC50";"'='";"15600.0";"nM";"4.81";"";"";"UO_0000065";"12.87";"0.24";"4.53";"4.65";"0";"CHEMBL5333523";"Inhibition of PCSK9 transcriptional activity in human HepG2 cells stably expressing luciferase reporter plasmid containing PCSK9 promoter assessed as decrease in luciferase activity incubated for 24 hrs by Luciferase assay";"B";"BAO_0000219";"cell-based format";"Homo sapiens";"None";"None";"HepG2";"None";"";"";"";"CHEMBL2929";"Proprotein convertase subtilisin/kexin type 9";"Homo sapiens";"SINGLE PROTEIN";"CHEMBL5331095";"1";"Scientific Literature";"Eur J Med Chem";"2023";"None";"TIME = 24.0 hr";"INHIBITOR";"";"15.6"
"CHEMBL5400242";"";"None";"373.41";"0";"0.55";"3s";"COCCNc1nc2c(c(=O)n(C)c(=O)n2C)n1Cc1cccc(OC)c1";"IC50";"'='";"6400.0";"nM";"5.19";"";"";"UO_0000065";"13.91";"0.26";"4.64";"5.63";"0";"CHEMBL5333523";"Inhibition of PCSK9 transcriptional activity in human HepG2 cells stably expressing luciferase reporter plasmid containing PCSK9 promoter assessed as decrease in luciferase activity incubated for 24 hrs by Luciferase assay";"B";"BAO_0000219";"cell-based format";"Homo sapiens";"None";"None";"HepG2";"None";"";"";"";"CHEMBL2929";"Proprotein convertase subtilisin/kexin type 9";"Homo sapiens";"SINGLE PROTEIN";"CHEMBL5331095";"1";"Scientific Literature";"Eur J Med Chem";"2023";"None";"TIME = 24.0 hr";"INHIBITOR";"";"6.4"
"CHEMBL5420177";"";"None";"359.39";"0";"-0.11";"5b";"COc1ccc(Cn2c(NCCO)nc3c2c(=O)n(C)c(=O)n3C)cc1";"IC50";"'='";"18700.0";"nM";"4.73";"";"";"UO_0000065";"13.16";"0.25";"4.84";"4.58";"0";"CHEMBL5333523";"Inhibition of PCSK9 transcriptional activity in human HepG2 cells stably expressing luciferase reporter plasmid containing PCSK9 promoter assessed as decrease in luciferase activity incubated for 24 hrs by Luciferase assay";"B";"BAO_0000219";"cell-based format";"Homo sapiens";"None";"None";"HepG2";"None";"";"";"";"CHEMBL2929";"Proprotein convertase subtilisin/kexin type 9";"Homo sapiens";"SINGLE PROTEIN";"CHEMBL5331095";"1";"Scientific Literature";"Eur J Med Chem";"2023";"None";"TIME = 24.0 hr";"INHIBITOR";"";"18.7"
"CHEMBL5428030";"";"None";"343.39";"0";"0.19";"5f";"Cc1ccccc1Cn1c(NCCO)nc2c1c(=O)n(C)c(=O)n2C";"IC50";"'='";"19100.0";"nM";"4.72";"";"";"UO_0000065";"13.74";"0.26";"4.53";"5.02";"0";"CHEMBL5333523";"Inhibition of PCSK9 transcriptional activity in human HepG2 cells stably expressing luciferase reporter plasmid containing PCSK9 promoter assessed as decrease in luciferase activity incubated for 24 hrs by Luciferase assay";"B";"BAO_0000219";"cell-based format";"Homo sapiens";"None";"None";"HepG2";"None";"";"";"";"CHEMBL2929";"Proprotein convertase subtilisin/kexin type 9";"Homo sapiens";"SINGLE PROTEIN";"CHEMBL5331095";"1";"Scientific Literature";"Eur J Med Chem";"2023";"None";"TIME = 24.0 hr";"INHIBITOR";"";"19.1"
"CHEMBL5427297";"";"None";"347.35";"0";"0.03";"5i";"Cn1c(=O)c2c(nc(NCCO)n2Cc2cccc(F)c2)n(C)c1=O";"IC50";"'='";"14200.0";"nM";"4.85";"";"";"UO_0000065";"13.96";"0.26";"4.82";"5.15";"0";"CHEMBL5333523";"Inhibition of PCSK9 transcriptional activity in human HepG2 cells stably expressing luciferase reporter plasmid containing PCSK9 promoter assessed as decrease in luciferase activity incubated for 24 hrs by Luciferase assay";"B";"BAO_0000219";"cell-based format";"Homo sapiens";"None";"None";"HepG2";"None";"";"";"";"CHEMBL2929";"Proprotein convertase subtilisin/kexin type 9";"Homo sapiens";"SINGLE PROTEIN";"CHEMBL5331095";"1";"Scientific Literature";"Eur J Med Chem";"2023";"None";"TIME = 24.0 hr";"INHIBITOR";"";"14.2"
"CHEMBL5405848";"";"None";"347.35";"0";"0.03";"5j";"Cn1c(=O)c2c(nc(NCCO)n2Cc2ccc(F)cc2)n(C)c1=O";"IC50";"'='";"27800.0";"nM";"4.56";"";"";"UO_0000065";"13.12";"0.25";"4.53";"4.84";"0";"CHEMBL5333523";"Inhibition of PCSK9 transcriptional activity in human HepG2 cells stably expressing luciferase reporter plasmid containing PCSK9 promoter assessed as decrease in luciferase activity incubated for 24 hrs by Luciferase assay";"B";"BAO_0000219";"cell-based format";"Homo sapiens";"None";"None";"HepG2";"None";"";"";"";"CHEMBL2929";"Proprotein convertase subtilisin/kexin type 9";"Homo sapiens";"SINGLE PROTEIN";"CHEMBL5331095";"1";"Scientific Literature";"Eur J Med Chem";"2023";"None";"TIME = 24.0 hr";"INHIBITOR";"";"27.8"
"CHEMBL4107907";"";"None";"432.92";"0";"3.84";"BDBM200317";"O=C(c1ccc(-c2cnn3cccnc23)cc1)N(c1ncccc1Cl)[C@@H]1CCCNC1";"IC50";"'='";"690.0";"nM";"6.16";"";"356431";"UO_0000065";"14.23";"0.27";"2.32";"8.17";"0";"CHEMBL3887821";"Cell Free Assay: In order to eliminate the permeability barrier inherent to the WT7 and SCHH cell-based assays a cell-free system was also established to access compound activity. A sequence containing the full length human PCSK9 (NCBI reference identifier, NM-174936.3, where coding sequence start annotated at position 363) along with 84 additional 3â¿² nucleotides, comprising a V5 tag and polylinkinker followed by an in frame modified firefly luciferase reporter (corresponding to nucleotide positions 283-1929 of pGL3, Gen Bank reference identifier JN542721.1) was cloned into the pT7CFE1 expression vector (ThermoScientific). The construct was then in-vitro transcribed using the MEGAscript T7 Kit (Life Technologies) and RNA subsequently purified incorporating the MEGAclear Kit (Life Technologies) according to manufacturer's protocols. HeLa cell lysates were prepared following the protocols described by Mikami (reference is Cell-Free Protein Synthesis Systems with Extracts from Cultured Human Cells, S. Mikami, T. Kobayashi and H. Imataka; from Methods in Molecular Biology, vol. 607, pages 43-52, Y. Endo et al. (eds.), Humana Press, 2010) with the following modifications.";"B";"BAO_0000219";"cell-based format";"None";"None";"None";"HeLa";"None";"";"";"";"CHEMBL2929";"Proprotein convertase subtilisin/kexin type 9";"Homo sapiens";"SINGLE PROTEIN";"CHEMBL3886461";"37";"BindingDB Patent Bioactivity Data";"";"2016";"CHEMBL3308376";"";"";"";"690.0"
"CHEMBL4115372";"";"None";"458.52";"0";"3.07";"BDBM200327";"Cn1ncc(-c2ccc(C(=O)N(c3nccc4ccn(C)c34)[C@@H]3CCCNC3)cc2)c1C(=O)O";"IC50";"'='";"1700.0";"nM";"5.77";"";"356438";"UO_0000065";"12.58";"0.23";"2.70";"5.48";"0";"CHEMBL3887821";"Cell Free Assay: In order to eliminate the permeability barrier inherent to the WT7 and SCHH cell-based assays a cell-free system was also established to access compound activity. A sequence containing the full length human PCSK9 (NCBI reference identifier, NM-174936.3, where coding sequence start annotated at position 363) along with 84 additional 3â¿² nucleotides, comprising a V5 tag and polylinkinker followed by an in frame modified firefly luciferase reporter (corresponding to nucleotide positions 283-1929 of pGL3, Gen Bank reference identifier JN542721.1) was cloned into the pT7CFE1 expression vector (ThermoScientific). The construct was then in-vitro transcribed using the MEGAscript T7 Kit (Life Technologies) and RNA subsequently purified incorporating the MEGAclear Kit (Life Technologies) according to manufacturer's protocols. HeLa cell lysates were prepared following the protocols described by Mikami (reference is Cell-Free Protein Synthesis Systems with Extracts from Cultured Human Cells, S. Mikami, T. Kobayashi and H. Imataka; from Methods in Molecular Biology, vol. 607, pages 43-52, Y. Endo et al. (eds.), Humana Press, 2010) with the following modifications.";"B";"BAO_0000219";"cell-based format";"None";"None";"None";"HeLa";"None";"";"";"";"CHEMBL2929";"Proprotein convertase subtilisin/kexin type 9";"Homo sapiens";"SINGLE PROTEIN";"CHEMBL3886461";"37";"BindingDB Patent Bioactivity Data";"";"2016";"CHEMBL3308376";"";"";"";"1700.0"
"CHEMBL4108330";"";"None";"433.51";"0";"2.98";"BDBM200328";"COC(=O)c1c(-c2ccc(C(=O)N(c3ncccc3C)[C@@H]3CCCNC3)cc2)cnn1C";"IC50";"'='";"800.0";"nM";"6.10";"";"356439";"UO_0000065";"14.06";"0.26";"3.12";"6.82";"0";"CHEMBL3887821";"Cell Free Assay: In order to eliminate the permeability barrier inherent to the WT7 and SCHH cell-based assays a cell-free system was also established to access compound activity. A sequence containing the full length human PCSK9 (NCBI reference identifier, NM-174936.3, where coding sequence start annotated at position 363) along with 84 additional 3â¿² nucleotides, comprising a V5 tag and polylinkinker followed by an in frame modified firefly luciferase reporter (corresponding to nucleotide positions 283-1929 of pGL3, Gen Bank reference identifier JN542721.1) was cloned into the pT7CFE1 expression vector (ThermoScientific). The construct was then in-vitro transcribed using the MEGAscript T7 Kit (Life Technologies) and RNA subsequently purified incorporating the MEGAclear Kit (Life Technologies) according to manufacturer's protocols. HeLa cell lysates were prepared following the protocols described by Mikami (reference is Cell-Free Protein Synthesis Systems with Extracts from Cultured Human Cells, S. Mikami, T. Kobayashi and H. Imataka; from Methods in Molecular Biology, vol. 607, pages 43-52, Y. Endo et al. (eds.), Humana Press, 2010) with the following modifications.";"B";"BAO_0000219";"cell-based format";"None";"None";"None";"HeLa";"None";"";"";"";"CHEMBL2929";"Proprotein convertase subtilisin/kexin type 9";"Homo sapiens";"SINGLE PROTEIN";"CHEMBL3886461";"37";"BindingDB Patent Bioactivity Data";"";"2016";"CHEMBL3308376";"";"";"";"800.0"
"CHEMBL4107907";"";"None";"432.92";"0";"3.84";"BDBM200317";"O=C(c1ccc(-c2cnn3cccnc23)cc1)N(c1ncccc1Cl)[C@@H]1CCCNC1";"IC50";"'='";"1700.0";"nM";"5.77";"";"356378";"UO_0000065";"13.33";"0.25";"1.93";"7.65";"0";"CHEMBL3887820";"AlphaLISA Assay: An in-vitro AlphaLISA assay (Perkin Elmer) was developed in order to quantitate the level of PCSK9 secreted into the cell culture media following compound treatment. To detect and measure PCSK9 protein an in-house generated anti-PCSK9 antibody was coupled to AlphaLISA acceptor beads by an external vendor (PerkinElmer) and a second internally developed anti-PCSK9 antibody with an epiptope distinct from that of the acceptor beads was biotinylated in house. Streptavidin coated-donor beads (Perkin Elmer) are also included in the assay mixture which then binds the biotinylated anti-PCSK9 antibody and in the presence of PCSK9 this donor complex and acceptor beads are brought into close proximity. Upon excitation of the donor beads at 680 nm singlet oxygen molecules are released that trigger an energy transfer cascade within the acceptor beads resolving as a single peak of light emitted at 615 nm. The ability of compound to modulate PCSK9 protein levels in conditioned media by AlphaLISA was assessed in the human hepatocellular carcinoma cell line Huh7, stably over-expressing human PCSK9.";"B";"BAO_0000019";"assay format";"None";"None";"None";"None";"None";"";"";"";"CHEMBL2929";"Proprotein convertase subtilisin/kexin type 9";"Homo sapiens";"SINGLE PROTEIN";"CHEMBL3886461";"37";"BindingDB Patent Bioactivity Data";"";"2016";"None";"";"";"";"1700.0"
"CHEMBL4106915";"";"None";"559.63";"2";"3.53";"BDBM200337";"CCOC(=O)OC(C)n1nnnc1-c1c(-c2ccc(C(=O)N(c3ncccc3C)[C@@H]3CCCNC3)cc2)cnn1C";"IC50";"'>'";"20000.0";"nM";"";"";"356396";"UO_0000065";"";"";"";"";"0";"CHEMBL3887820";"AlphaLISA Assay: An in-vitro AlphaLISA assay (Perkin Elmer) was developed in order to quantitate the level of PCSK9 secreted into the cell culture media following compound treatment. To detect and measure PCSK9 protein an in-house generated anti-PCSK9 antibody was coupled to AlphaLISA acceptor beads by an external vendor (PerkinElmer) and a second internally developed anti-PCSK9 antibody with an epiptope distinct from that of the acceptor beads was biotinylated in house. Streptavidin coated-donor beads (Perkin Elmer) are also included in the assay mixture which then binds the biotinylated anti-PCSK9 antibody and in the presence of PCSK9 this donor complex and acceptor beads are brought into close proximity. Upon excitation of the donor beads at 680 nm singlet oxygen molecules are released that trigger an energy transfer cascade within the acceptor beads resolving as a single peak of light emitted at 615 nm. The ability of compound to modulate PCSK9 protein levels in conditioned media by AlphaLISA was assessed in the human hepatocellular carcinoma cell line Huh7, stably over-expressing human PCSK9.";"B";"BAO_0000019";"assay format";"None";"None";"None";"None";"None";"";"";"";"CHEMBL2929";"Proprotein convertase subtilisin/kexin type 9";"Homo sapiens";"SINGLE PROTEIN";"CHEMBL3886461";"37";"BindingDB Patent Bioactivity Data";"";"2016";"None";"";"";"";"20000.0"
"CHEMBL4109933";"";"None";"612.71";"2";"3.11";"BDBM200345";"CCOC(=O)OC(C)N(C(=O)c1c(-c2ccc(C(=O)N(c3ncccc3C)[C@@H]3CCCNC3)cc2)cnn1C)S(C)(=O)=O";"IC50";"'>'";"20000.0";"nM";"";"";"356403";"UO_0000065";"";"";"";"";"0";"CHEMBL3887820";"AlphaLISA Assay: An in-vitro AlphaLISA assay (Perkin Elmer) was developed in order to quantitate the level of PCSK9 secreted into the cell culture media following compound treatment. To detect and measure PCSK9 protein an in-house generated anti-PCSK9 antibody was coupled to AlphaLISA acceptor beads by an external vendor (PerkinElmer) and a second internally developed anti-PCSK9 antibody with an epiptope distinct from that of the acceptor beads was biotinylated in house. Streptavidin coated-donor beads (Perkin Elmer) are also included in the assay mixture which then binds the biotinylated anti-PCSK9 antibody and in the presence of PCSK9 this donor complex and acceptor beads are brought into close proximity. Upon excitation of the donor beads at 680 nm singlet oxygen molecules are released that trigger an energy transfer cascade within the acceptor beads resolving as a single peak of light emitted at 615 nm. The ability of compound to modulate PCSK9 protein levels in conditioned media by AlphaLISA was assessed in the human hepatocellular carcinoma cell line Huh7, stably over-expressing human PCSK9.";"B";"BAO_0000019";"assay format";"None";"None";"None";"None";"None";"";"";"";"CHEMBL2929";"Proprotein convertase subtilisin/kexin type 9";"Homo sapiens";"SINGLE PROTEIN";"CHEMBL3886461";"37";"BindingDB Patent Bioactivity Data";"";"2016";"None";"";"";"";"20000.0"
"CHEMBL4112053";"";"None";"587.69";"2";"4.31";"BDBM200356";"CCC(OC(=O)OC(C)C)n1nnc(-c2c(-c3ccc(C(=O)N(c4ncccc4C)[C@@H]4CCCNC4)cc3)cnn2C)n1";"IC50";"'>'";"19400.0";"nM";"";"";"356415";"UO_0000065";"";"";"";"";"0";"CHEMBL3887820";"AlphaLISA Assay: An in-vitro AlphaLISA assay (Perkin Elmer) was developed in order to quantitate the level of PCSK9 secreted into the cell culture media following compound treatment. To detect and measure PCSK9 protein an in-house generated anti-PCSK9 antibody was coupled to AlphaLISA acceptor beads by an external vendor (PerkinElmer) and a second internally developed anti-PCSK9 antibody with an epiptope distinct from that of the acceptor beads was biotinylated in house. Streptavidin coated-donor beads (Perkin Elmer) are also included in the assay mixture which then binds the biotinylated anti-PCSK9 antibody and in the presence of PCSK9 this donor complex and acceptor beads are brought into close proximity. Upon excitation of the donor beads at 680 nm singlet oxygen molecules are released that trigger an energy transfer cascade within the acceptor beads resolving as a single peak of light emitted at 615 nm. The ability of compound to modulate PCSK9 protein levels in conditioned media by AlphaLISA was assessed in the human hepatocellular carcinoma cell line Huh7, stably over-expressing human PCSK9.";"B";"BAO_0000019";"assay format";"None";"None";"None";"None";"None";"";"";"";"CHEMBL2929";"Proprotein convertase subtilisin/kexin type 9";"Homo sapiens";"SINGLE PROTEIN";"CHEMBL3886461";"37";"BindingDB Patent Bioactivity Data";"";"2016";"None";"";"";"";"19400.0"
"CHEMBL4635142";"";"None";"923.94";"2";"6.47";"Example 17";"COC[C@@H]1NC(=O)[C@H](C)N(Cc2ncc(Cl)cc2Oc2ccc(-c3cnc(CN(C)C)n3C)cc2)C(=O)C[C@@H](Cc2ccccc2)C(=O)N2CCC[C@@](Cc3ccc(Cl)cc3)(C2)NC1=O";"IC50";"'='";"0.327";"nM";"9.48";"";"";"UO_0000065";"10.27";"0.20";"3.02";"6.27";"0";"CHEMBL4622704";"Inhibition of human PCSK9 by Alexa Fluor 647 staining based TR-FRET assay";"B";"BAO_0000357";"single protein format";"Homo sapiens";"None";"None";"None";"None";"";"";"";"CHEMBL2929";"Proprotein convertase subtilisin/kexin type 9";"Homo sapiens";"SINGLE PROTEIN";"CHEMBL4619822";"1";"Scientific Literature";"ACS Med Chem Lett";"2020";"None";"";"";"";"0.000327"
"CHEMBL4638184";"";"None";"916.92";"2";"6.70";"Example 153";"C[C@H]1C(=O)N[C@@H](CO)C(=O)N[C@@]2(Cc3ccc(Cl)cc3)CCCN(C2)C(=O)[C@H](CC2CC2)CC(=O)N1Cc1c(F)cc(Cl)cc1Oc1ccc(-c2cnc(CNC3CCC3)n2C)cc1";"IC50";"'='";"0.93";"nM";"9.03";"";"";"UO_0000065";"9.85";"0.19";"2.33";"5.71";"0";"CHEMBL4622704";"Inhibition of human PCSK9 by Alexa Fluor 647 staining based TR-FRET assay";"B";"BAO_0000357";"single protein format";"Homo sapiens";"None";"None";"None";"None";"";"";"";"CHEMBL2929";"Proprotein convertase subtilisin/kexin type 9";"Homo sapiens";"SINGLE PROTEIN";"CHEMBL4619822";"1";"Scientific Literature";"ACS Med Chem Lett";"2020";"None";"";"";"";"0.00093"
"CHEMBL4114463";"";"None";"585.71";"2";"4.20";"BDBM200370";"Cc1cccnc1N(C(=O)c1ccc(-c2cnn(C)c2-c2nnn(C(OC(=O)C(C)C)C(C)C)n2)cc1)[C@@H]1CCCNC1";"IC50";"'>'";"20000.0";"nM";"";"";"356428";"UO_0000065";"";"";"";"";"0";"CHEMBL3887820";"AlphaLISA Assay: An in-vitro AlphaLISA assay (Perkin Elmer) was developed in order to quantitate the level of PCSK9 secreted into the cell culture media following compound treatment. To detect and measure PCSK9 protein an in-house generated anti-PCSK9 antibody was coupled to AlphaLISA acceptor beads by an external vendor (PerkinElmer) and a second internally developed anti-PCSK9 antibody with an epiptope distinct from that of the acceptor beads was biotinylated in house. Streptavidin coated-donor beads (Perkin Elmer) are also included in the assay mixture which then binds the biotinylated anti-PCSK9 antibody and in the presence of PCSK9 this donor complex and acceptor beads are brought into close proximity. Upon excitation of the donor beads at 680 nm singlet oxygen molecules are released that trigger an energy transfer cascade within the acceptor beads resolving as a single peak of light emitted at 615 nm. The ability of compound to modulate PCSK9 protein levels in conditioned media by AlphaLISA was assessed in the human hepatocellular carcinoma cell line Huh7, stably over-expressing human PCSK9.";"B";"BAO_0000019";"assay format";"None";"None";"None";"None";"None";"";"";"";"CHEMBL2929";"Proprotein convertase subtilisin/kexin type 9";"Homo sapiens";"SINGLE PROTEIN";"CHEMBL3886461";"37";"BindingDB Patent Bioactivity Data";"";"2016";"None";"";"";"";"20000.0"
"CHEMBL4227596";"";"None";"1108.26";"None";"None";"Ref 36, cpd P5";"CC[C@H](C)[C@H](NC(=O)[C@@H](N)CC(C)C)C(=O)N[C@@H](CC(C)C)C(=O)N1CCC[C@H]1C(=O)N[C@@H](CCCCN)C(=O)N[C@@H](Cc1cnc[nH]1)C(=O)N[C@@H](CO)C(=O)N[C@@H](CC(=O)O)C(=O)N[C@@H](C)C(=O)N[C@@H](CC(=O)O)C(=O)O";"IC50";"'='";"1600.0";"nM";"5.80";"";"";"UO_0000065";"5.23";"None";"None";"None";"0";"CHEMBL4221943";"Inhibition of PCSK9 binding to LDLR in human HuH7 cells after 5 hrs by On-cell Western assay";"B";"BAO_0000219";"cell-based format";"Homo sapiens";"None";"None";"None";"None";"";"";"";"CHEMBL2929";"Proprotein convertase subtilisin/kexin type 9";"Homo sapiens";"SINGLE PROTEIN";"CHEMBL4219125";"1";"Scientific Literature";"Bioorg Med Chem Lett";"2018";"None";"";"";"";"1.6"
"CHEMBL4109308";"";"None";"433.90";"0";"3.26";"1; PF-06446846";"O=C(c1ccc(-n2nnc3cccnc32)cc1)N(c1ncccc1Cl)[C@@H]1CCCNC1";"IC50";"'='";"750.0";"nM";"6.12";"";"";"UO_0000065";"14.12";"0.27";"2.86";"6.90";"1";"CHEMBL5365867";"Inhibition of full length human PCSK9 expressed in human Huh-7 cells by ELISA analysis";"B";"BAO_0000219";"cell-based format";"Homo sapiens";"None";"None";"Huh-7";"None";"";"";"";"CHEMBL2929";"Proprotein convertase subtilisin/kexin type 9";"Homo sapiens";"SINGLE PROTEIN";"CHEMBL5365408";"1";"Scientific Literature";"Bioorg Med Chem Lett";"2023";"None";"";"INHIBITOR";"";"0.75"
"CHEMBL5408632";"";"None";"467.45";"0";"3.63";"8";"O=C(c1ccc(-n2nnc3cccnc32)cc1)N(c1ncccc1C(F)(F)F)[C@@H]1CCCNC1";"IC50";"'='";"1660.0";"nM";"5.78";"";"";"UO_0000065";"12.36";"0.23";"2.15";"6.51";"0";"CHEMBL5365867";"Inhibition of full length human PCSK9 expressed in human Huh-7 cells by ELISA analysis";"B";"BAO_0000219";"cell-based format";"Homo sapiens";"None";"None";"Huh-7";"None";"";"";"";"CHEMBL2929";"Proprotein convertase subtilisin/kexin type 9";"Homo sapiens";"SINGLE PROTEIN";"CHEMBL5365408";"1";"Scientific Literature";"Bioorg Med Chem Lett";"2023";"None";"";"INHIBITOR";"";"1.66"
"CHEMBL5415107";"";"None";"453.51";"0";"2.50";"11";"Cn1ncc2ccnc(N(C(=O)c3ccc(-n4nnc5cccnc54)cc3)[C@@H]3CCCNC3)c21";"IC50";"'='";"620.0";"nM";"6.21";"";"";"UO_0000065";"13.69";"0.25";"3.71";"5.82";"0";"CHEMBL5365867";"Inhibition of full length human PCSK9 expressed in human Huh-7 cells by ELISA analysis";"B";"BAO_0000219";"cell-based format";"Homo sapiens";"None";"None";"Huh-7";"None";"";"";"";"CHEMBL2929";"Proprotein convertase subtilisin/kexin type 9";"Homo sapiens";"SINGLE PROTEIN";"CHEMBL5365408";"1";"Scientific Literature";"Bioorg Med Chem Lett";"2023";"None";"";"INHIBITOR";"";"0.62"
"CHEMBL5414787";"";"None";"455.55";"0";"3.82";"12";"O=C(c1ccc(-n2nnc3cccnc32)cc1)N(c1nccc2ccsc12)[C@@H]1CCCNC1";"IC50";"'='";"730.0";"nM";"6.14";"";"";"UO_0000065";"13.47";"0.25";"2.32";"6.91";"0";"CHEMBL5365867";"Inhibition of full length human PCSK9 expressed in human Huh-7 cells by ELISA analysis";"B";"BAO_0000219";"cell-based format";"Homo sapiens";"None";"None";"Huh-7";"None";"";"";"";"CHEMBL2929";"Proprotein convertase subtilisin/kexin type 9";"Homo sapiens";"SINGLE PROTEIN";"CHEMBL5365408";"1";"Scientific Literature";"Bioorg Med Chem Lett";"2023";"None";"";"INHIBITOR";"";"0.73"
"CHEMBL5421898";"";"None";"428.50";"0";"2.75";"14";"O=C(c1ccc(-n2nnc3cccnc32)cc1)N(c1nccn1C1CC1)[C@@H]1CCCNC1";"IC50";"'='";"6840.0";"nM";"5.17";"";"";"UO_0000065";"12.05";"0.22";"2.41";"5.51";"0";"CHEMBL5365867";"Inhibition of full length human PCSK9 expressed in human Huh-7 cells by ELISA analysis";"B";"BAO_0000219";"cell-based format";"Homo sapiens";"None";"None";"Huh-7";"None";"";"";"";"CHEMBL2929";"Proprotein convertase subtilisin/kexin type 9";"Homo sapiens";"SINGLE PROTEIN";"CHEMBL5365408";"1";"Scientific Literature";"Bioorg Med Chem Lett";"2023";"None";"";"INHIBITOR";"";"6.84"
"CHEMBL5397401";"";"None";"463.93";"0";"2.48";"29";"O=C(c1ccc(-n2nnc3cccnc32)cc1)N(c1ncccc1Cl)[C@H]1CNC[C@H](CO)C1";"IC50";"'='";"4600.0";"nM";"5.34";"";"";"UO_0000065";"11.50";"0.22";"2.86";"4.89";"0";"CHEMBL5365867";"Inhibition of full length human PCSK9 expressed in human Huh-7 cells by ELISA analysis";"B";"BAO_0000219";"cell-based format";"Homo sapiens";"None";"None";"Huh-7";"None";"";"";"";"CHEMBL2929";"Proprotein convertase subtilisin/kexin type 9";"Homo sapiens";"SINGLE PROTEIN";"CHEMBL5365408";"1";"Scientific Literature";"Bioorg Med Chem Lett";"2023";"None";"";"INHIBITOR";"";"4.6"
"CHEMBL5414972";"";"None";"526.00";"1";"4.32";"32";"O=C(c1ccc(-n2nnc3cccnc32)cc1)N(c1ncccc1Cl)[C@H]1CNC[C@H](Oc2ccccc2)C1";"IC50";"'>'";"20000.0";"nM";"";"";"";"UO_0000065";"";"";"";"";"0";"CHEMBL5365867";"Inhibition of full length human PCSK9 expressed in human Huh-7 cells by ELISA analysis";"B";"BAO_0000219";"cell-based format";"Homo sapiens";"None";"None";"Huh-7";"None";"";"";"";"CHEMBL2929";"Proprotein convertase subtilisin/kexin type 9";"Homo sapiens";"SINGLE PROTEIN";"CHEMBL5365408";"1";"Scientific Literature";"Bioorg Med Chem Lett";"2023";"None";"";"";"";"20.0"
"CHEMBL5420031";"";"None";"520.98";"1";"2.84";"33";"CNC(=O)OC[C@H]1CNC[C@H](N(C(=O)c2ccc(-n3nnc4cccnc43)cc2)c2ncccc2Cl)C1";"IC50";"'>'";"20000.0";"nM";"";"";"";"UO_0000065";"";"";"";"";"0";"CHEMBL5365867";"Inhibition of full length human PCSK9 expressed in human Huh-7 cells by ELISA analysis";"B";"BAO_0000219";"cell-based format";"Homo sapiens";"None";"None";"Huh-7";"None";"";"";"";"CHEMBL2929";"Proprotein convertase subtilisin/kexin type 9";"Homo sapiens";"SINGLE PROTEIN";"CHEMBL5365408";"1";"Scientific Literature";"Bioorg Med Chem Lett";"2023";"None";"";"";"";"20.0"
"CHEMBL4115372";"";"None";"458.52";"0";"3.07";"BDBM200327";"Cn1ncc(-c2ccc(C(=O)N(c3nccc4ccn(C)c34)[C@@H]3CCCNC3)cc2)c1C(=O)O";"IC50";"'>'";"20000.0";"nM";"";"";"356388";"UO_0000065";"";"";"";"";"0";"CHEMBL3887820";"AlphaLISA Assay: An in-vitro AlphaLISA assay (Perkin Elmer) was developed in order to quantitate the level of PCSK9 secreted into the cell culture media following compound treatment. To detect and measure PCSK9 protein an in-house generated anti-PCSK9 antibody was coupled to AlphaLISA acceptor beads by an external vendor (PerkinElmer) and a second internally developed anti-PCSK9 antibody with an epiptope distinct from that of the acceptor beads was biotinylated in house. Streptavidin coated-donor beads (Perkin Elmer) are also included in the assay mixture which then binds the biotinylated anti-PCSK9 antibody and in the presence of PCSK9 this donor complex and acceptor beads are brought into close proximity. Upon excitation of the donor beads at 680 nm singlet oxygen molecules are released that trigger an energy transfer cascade within the acceptor beads resolving as a single peak of light emitted at 615 nm. The ability of compound to modulate PCSK9 protein levels in conditioned media by AlphaLISA was assessed in the human hepatocellular carcinoma cell line Huh7, stably over-expressing human PCSK9.";"B";"BAO_0000019";"assay format";"None";"None";"None";"None";"None";"";"";"";"CHEMBL2929";"Proprotein convertase subtilisin/kexin type 9";"Homo sapiens";"SINGLE PROTEIN";"CHEMBL3886461";"37";"BindingDB Patent Bioactivity Data";"";"2016";"None";"";"";"";"20000.0"
"CHEMBL4126072";"";"None";"422.92";"0";"3.63";"4";"CNc1cncc(-c2ccc(C(=O)N(c3ncccc3Cl)[C@@H]3CCCNC3)cc2)n1";"IC50";"'='";"3100.0";"nM";"5.51";"";"";"UO_0000065";"13.03";"0.25";"1.88";"6.63";"0";"CHEMBL5036230";"Inhibition of PCSK9 translation in human THP-1 cells by AlphaLISA assay";"B";"BAO_0000219";"cell-based format";"Homo sapiens";"None";"None";"THP-1";"None";"";"";"";"CHEMBL2929";"Proprotein convertase subtilisin/kexin type 9";"Homo sapiens";"SINGLE PROTEIN";"CHEMBL5034046";"1";"Scientific Literature";"ACS Med Chem Lett";"2022";"None";"";"INHIBITOR";"";"3.1"
"CHEMBL5433750";"";"None";"423.48";"0";"3.06";"22";"N#Cc1cccnc1N(C(=O)c1ccc(-c2cnn3cccnc23)cc1)[C@@H]1CCCNC1";"IC50";"'>'";"20000.0";"nM";"";"";"";"UO_0000065";"";"";"";"";"0";"CHEMBL5365867";"Inhibition of full length human PCSK9 expressed in human Huh-7 cells by ELISA analysis";"B";"BAO_0000219";"cell-based format";"Homo sapiens";"None";"None";"Huh-7";"None";"";"";"";"CHEMBL2929";"Proprotein convertase subtilisin/kexin type 9";"Homo sapiens";"SINGLE PROTEIN";"CHEMBL5365408";"1";"Scientific Literature";"Bioorg Med Chem Lett";"2023";"None";"";"";"";"20.0"
"CHEMBL5767013";"";"None";"524.59";"1";"4.66";"BDBM425994";"Cc1cccnc1N(C(=O)c1ccc(C2=NOC(C)(C)C2=O)cc1F)[C@@H]1CCCN(C(=O)OC(C)(C)C)C1";"IC50";"'<'";"10000.0";"nM";"";"";"858672";"UO_0000065";"";"";"";"";"0";"CHEMBL5734738";"In Vitro Screening Experiment: 1. Reagent Preparation:1) Preparation of 1× AlphaLISA test buffer solution:2.5 ml of 10× AlphaLISA test buffer solution was added to 22.5 ml of Milli-Q water to produce the 1× AlphaLISA test buffer solution.2) Preparation of mixture (25 μg/mL/2.5 nM) of 2.5× AlphaLISA Acceptor beads and Biotinylated Antibody Anti-PCSK9:50 μL of 5 mg/mL Alpha LISA Anti-PCSK9 Acceptor beads and 50 μL of 500 nM Biotinylated Antibody Anti-PCSK9 were added to 9,900 μL of 1× AlphaLISA test buffer solution.3) Preparation of 2× Streptavidin (SA) Donor beads (80 μg/mL):200 μL of 5 mg/mL SA-Donor beads was added to 12,300 μL of 1× AlphaLISA test buffer solution.2. Operation Steps:1) DMSO was added to the test compound to produce the 50 μM stock solution, which was then serially diluted into 10 concentrations by 3-fold, and placed in the 384-pore plate;2) PCSK9-Huh7 cells were added in the 384-pore plate, and the cell plate was cultured in the incubator for 20 h;3) 20 μL/pore mixture of 2.5× AlphaLISA Acceptor beads and Biotinylated Antibody Anti-PCSK9 was added, and incubated at 23° C. for 60 min.4) 25 μL/pore 2× Streptavidin (SA) Donor beads were added; and incubated for 30 min at 23° C. (kept in dark place).5) EnVision-Alpha Reader reading:Test condition: Total Measurement Time: 550 ms, Laser 680 nm Excitation Time: 180 ms, Mirror: D640as, Emission Filtered: M570w, Center Wavelength 570 nm, Bandwidth 100 nm, Transmittance 75%.3. Data Analysis:Date was analyzed with Prismsoftware (nonlinear regression (Sigmoidal dose-response-variable slope)Inhibition ratio %=100*(Sample reading−LC reading)/(HC reading−LC reading).";"B";"BAO_0000019";"assay format";"None";"None";"None";"None";"None";"";"";"";"CHEMBL2929";"Proprotein convertase subtilisin/kexin type 9";"Homo sapiens";"SINGLE PROTEIN";"CHEMBL5727468";"37";"BindingDB Patent Bioactivity Data";"";"2019";"None";"";"";"";"10000.0"
"CHEMBL5803673";"";"None";"422.53";"0";"3.05";"BDBM425999";"Cc1cccnc1N(C(=O)c1ccc(C2=NOC(C)(C)C2(C)O)cc1)[C@@H]1CCCNC1";"IC50";"'<'";"10000.0";"nM";"";"";"858677";"UO_0000065";"";"";"";"";"0";"CHEMBL5734738";"In Vitro Screening Experiment: 1. Reagent Preparation:1) Preparation of 1× AlphaLISA test buffer solution:2.5 ml of 10× AlphaLISA test buffer solution was added to 22.5 ml of Milli-Q water to produce the 1× AlphaLISA test buffer solution.2) Preparation of mixture (25 μg/mL/2.5 nM) of 2.5× AlphaLISA Acceptor beads and Biotinylated Antibody Anti-PCSK9:50 μL of 5 mg/mL Alpha LISA Anti-PCSK9 Acceptor beads and 50 μL of 500 nM Biotinylated Antibody Anti-PCSK9 were added to 9,900 μL of 1× AlphaLISA test buffer solution.3) Preparation of 2× Streptavidin (SA) Donor beads (80 μg/mL):200 μL of 5 mg/mL SA-Donor beads was added to 12,300 μL of 1× AlphaLISA test buffer solution.2. Operation Steps:1) DMSO was added to the test compound to produce the 50 μM stock solution, which was then serially diluted into 10 concentrations by 3-fold, and placed in the 384-pore plate;2) PCSK9-Huh7 cells were added in the 384-pore plate, and the cell plate was cultured in the incubator for 20 h;3) 20 μL/pore mixture of 2.5× AlphaLISA Acceptor beads and Biotinylated Antibody Anti-PCSK9 was added, and incubated at 23° C. for 60 min.4) 25 μL/pore 2× Streptavidin (SA) Donor beads were added; and incubated for 30 min at 23° C. (kept in dark place).5) EnVision-Alpha Reader reading:Test condition: Total Measurement Time: 550 ms, Laser 680 nm Excitation Time: 180 ms, Mirror: D640as, Emission Filtered: M570w, Center Wavelength 570 nm, Bandwidth 100 nm, Transmittance 75%.3. Data Analysis:Date was analyzed with Prismsoftware (nonlinear regression (Sigmoidal dose-response-variable slope)Inhibition ratio %=100*(Sample reading−LC reading)/(HC reading−LC reading).";"B";"BAO_0000019";"assay format";"None";"None";"None";"None";"None";"";"";"";"CHEMBL2929";"Proprotein convertase subtilisin/kexin type 9";"Homo sapiens";"SINGLE PROTEIN";"CHEMBL5727468";"37";"BindingDB Patent Bioactivity Data";"";"2019";"None";"";"";"";"10000.0"
"CHEMBL5597879";"";"None";"512.66";"1";"2.88";"3d";"CCN1CCN(Cc2ccc3nc(NC(=O)c4ccc(S(=O)(=O)NCCC#N)cc4)sc3c2)CC1";"IC50";"'='";"13420.0";"nM";"4.87";"";"";"UO_0000065";"9.50";"0.19";"1.99";"4.11";"0";"CHEMBL5584419";"Inhibition of PCSK9 transcriptional activity in human HepG2 cells by luciferase reporter based assay";"B";"BAO_0000219";"cell-based format";"Homo sapiens";"None";"None";"HepG2";"None";"";"";"";"CHEMBL2929";"Proprotein convertase subtilisin/kexin type 9";"Homo sapiens";"SINGLE PROTEIN";"CHEMBL5584202";"1";"Scientific Literature";"Bioorg Med Chem Lett";"2024";"None";"";"INHIBITOR";"";"13.42"
"CHEMBL5598315";"";"None";"477.51";"0";"4.89";"9g";"CCOC(=O)c1ccc2nc(N3CCC(NC(=O)c4cccc(C(F)(F)F)c4)CC3)sc2c1";"IC50";"'='";"7420.0";"nM";"5.13";"";"";"UO_0000065";"10.74";"0.21";"0.24";"7.17";"0";"CHEMBL5584419";"Inhibition of PCSK9 transcriptional activity in human HepG2 cells by luciferase reporter based assay";"B";"BAO_0000219";"cell-based format";"Homo sapiens";"None";"None";"HepG2";"None";"";"";"";"CHEMBL2929";"Proprotein convertase subtilisin/kexin type 9";"Homo sapiens";"SINGLE PROTEIN";"CHEMBL5584202";"1";"Scientific Literature";"Bioorg Med Chem Lett";"2024";"None";"";"INHIBITOR";"";"7.42"
"CHEMBL5598460";"";"None";"479.39";"0";"4.25";"9o";"CCOC(=O)c1ccc2nc(N3CCN(NC(=O)c4ccc(Cl)c(Cl)c4)CC3)sc2c1";"IC50";"'='";"6530.0";"nM";"5.18";"";"";"UO_0000065";"10.82";"0.23";"0.94";"6.93";"0";"CHEMBL5584419";"Inhibition of PCSK9 transcriptional activity in human HepG2 cells by luciferase reporter based assay";"B";"BAO_0000219";"cell-based format";"Homo sapiens";"None";"None";"HepG2";"None";"";"";"";"CHEMBL2929";"Proprotein convertase subtilisin/kexin type 9";"Homo sapiens";"SINGLE PROTEIN";"CHEMBL5584202";"1";"Scientific Literature";"Bioorg Med Chem Lett";"2024";"None";"";"INHIBITOR";"";"6.53"
"CHEMBL4435394";"";"None";"260.34";"0";"4.55";"6";"Cc1ccc2c(Cc3cc4ccccc4[nH]3)c[nH]c2c1";"IC50";"'='";"1400.0";"nM";"5.85";"";"";"UO_0000065";"22.49";"0.40";"1.30";"18.54";"0";"CHEMBL4434276";"Inhibition of human PCSK9 in HepG2 cells incubated for 48 hrs by AlphaLISA assay";"B";"BAO_0000219";"cell-based format";"Homo sapiens";"None";"None";"HepG2";"None";"";"";"";"CHEMBL2929";"Proprotein convertase subtilisin/kexin type 9";"Homo sapiens";"SINGLE PROTEIN";"CHEMBL4433247";"1";"Scientific Literature";"Bioorg Med Chem Lett";"2019";"CHEMBL3307718";"";"";"";"1.4"
"CHEMBL5598076";"";"None";"346.40";"1";"5.17";"5a";"CCCCc1ccc2nc(NC(=O)c3c(F)cccc3F)sc2c1";"IC50";"'='";"9840.0";"nM";"5.01";"";"";"UO_0000065";"14.45";"0.28";"-0.16";"11.92";"0";"CHEMBL5584419";"Inhibition of PCSK9 transcriptional activity in human HepG2 cells by luciferase reporter based assay";"B";"BAO_0000219";"cell-based format";"Homo sapiens";"None";"None";"HepG2";"None";"";"";"";"CHEMBL2929";"Proprotein convertase subtilisin/kexin type 9";"Homo sapiens";"SINGLE PROTEIN";"CHEMBL5584202";"1";"Scientific Literature";"Bioorg Med Chem Lett";"2024";"None";"";"INHIBITOR";"";"9.84"
"CHEMBL5596722";"";"None";"394.42";"1";"5.79";"5c";"CCCCc1ccc2nc(NC(=O)c3cccc(OC(F)(F)F)c3)sc2c1";"IC50";"'='";"60230.0";"nM";"4.22";"";"";"UO_0000065";"10.70";"0.21";"-1.57";"8.24";"0";"CHEMBL5584419";"Inhibition of PCSK9 transcriptional activity in human HepG2 cells by luciferase reporter based assay";"B";"BAO_0000219";"cell-based format";"Homo sapiens";"None";"None";"HepG2";"None";"";"";"";"CHEMBL2929";"Proprotein convertase subtilisin/kexin type 9";"Homo sapiens";"SINGLE PROTEIN";"CHEMBL5584202";"1";"Scientific Literature";"Bioorg Med Chem Lett";"2024";"None";"";"INHIBITOR";"";"60.23"
"CHEMBL3961039";"";"None";"556.02";"1";"4.21";"BDBM200330";"CCOC(=O)O[C@@H](C)OC(=O)c1c(-c2ccc(C(=O)N(c3ncccc3Cl)[C@@H]3CCCNC3)cc2)cnn1C";"IC50";"'='";"3100.0";"nM";"5.51";"";"356440";"UO_0000065";"9.91";"0.19";"1.30";"4.41";"0";"CHEMBL3887821";"Cell Free Assay: In order to eliminate the permeability barrier inherent to the WT7 and SCHH cell-based assays a cell-free system was also established to access compound activity. A sequence containing the full length human PCSK9 (NCBI reference identifier, NM-174936.3, where coding sequence start annotated at position 363) along with 84 additional 3â¿² nucleotides, comprising a V5 tag and polylinkinker followed by an in frame modified firefly luciferase reporter (corresponding to nucleotide positions 283-1929 of pGL3, Gen Bank reference identifier JN542721.1) was cloned into the pT7CFE1 expression vector (ThermoScientific). The construct was then in-vitro transcribed using the MEGAscript T7 Kit (Life Technologies) and RNA subsequently purified incorporating the MEGAclear Kit (Life Technologies) according to manufacturer's protocols. HeLa cell lysates were prepared following the protocols described by Mikami (reference is Cell-Free Protein Synthesis Systems with Extracts from Cultured Human Cells, S. Mikami, T. Kobayashi and H. Imataka; from Methods in Molecular Biology, vol. 607, pages 43-52, Y. Endo et al. (eds.), Humana Press, 2010) with the following modifications.";"B";"BAO_0000219";"cell-based format";"None";"None";"None";"HeLa";"None";"";"";"";"CHEMBL2929";"Proprotein convertase subtilisin/kexin type 9";"Homo sapiens";"SINGLE PROTEIN";"CHEMBL3886461";"37";"BindingDB Patent Bioactivity Data";"";"2016";"CHEMBL3308376";"";"";"";"3100.0"
"CHEMBL4106569";"";"None";"496.59";"0";"1.88";"BDBM200344";"Cc1cccnc1N(C(=O)c1ccc(-c2cnn(C)c2C(=O)NS(C)(=O)=O)cc1)[C@@H]1CCCNC1";"IC50";"'='";"16800.0";"nM";"4.78";"";"356450";"UO_0000065";"9.61";"0.19";"2.89";"3.78";"0";"CHEMBL3887821";"Cell Free Assay: In order to eliminate the permeability barrier inherent to the WT7 and SCHH cell-based assays a cell-free system was also established to access compound activity. A sequence containing the full length human PCSK9 (NCBI reference identifier, NM-174936.3, where coding sequence start annotated at position 363) along with 84 additional 3â¿² nucleotides, comprising a V5 tag and polylinkinker followed by an in frame modified firefly luciferase reporter (corresponding to nucleotide positions 283-1929 of pGL3, Gen Bank reference identifier JN542721.1) was cloned into the pT7CFE1 expression vector (ThermoScientific). The construct was then in-vitro transcribed using the MEGAscript T7 Kit (Life Technologies) and RNA subsequently purified incorporating the MEGAclear Kit (Life Technologies) according to manufacturer's protocols. HeLa cell lysates were prepared following the protocols described by Mikami (reference is Cell-Free Protein Synthesis Systems with Extracts from Cultured Human Cells, S. Mikami, T. Kobayashi and H. Imataka; from Methods in Molecular Biology, vol. 607, pages 43-52, Y. Endo et al. (eds.), Humana Press, 2010) with the following modifications.";"B";"BAO_0000219";"cell-based format";"None";"None";"None";"HeLa";"None";"";"";"";"CHEMBL2929";"Proprotein convertase subtilisin/kexin type 9";"Homo sapiens";"SINGLE PROTEIN";"CHEMBL3886461";"37";"BindingDB Patent Bioactivity Data";"";"2016";"CHEMBL3308376";"";"";"";"16800.0"
"CHEMBL4463096";"";"None";"325.21";"1";"5.00";"4";"Brc1ccc2[nH]cc(Cc3cc4ccccc4[nH]3)c2c1";"IC50";"";"";"";"";"";"Not Active";"";"";"";"";"";"0";"CHEMBL4434276";"Inhibition of human PCSK9 in HepG2 cells incubated for 48 hrs by AlphaLISA assay";"B";"BAO_0000219";"cell-based format";"Homo sapiens";"None";"None";"HepG2";"None";"";"";"";"CHEMBL2929";"Proprotein convertase subtilisin/kexin type 9";"Homo sapiens";"SINGLE PROTEIN";"CHEMBL4433247";"1";"Scientific Literature";"Bioorg Med Chem Lett";"2019";"CHEMBL3307718";"";"";"";""
"CHEMBL5401016";"";"None";"466.47";"0";"4.21";"18";"O=C(c1ccc(-c2cnn3cccnc23)cc1)N(c1ncccc1C(F)(F)F)[C@@H]1CCCNC1";"IC50";"'='";"2790.0";"nM";"5.55";"";"";"UO_0000065";"11.91";"0.22";"1.34";"7.36";"0";"CHEMBL5365867";"Inhibition of full length human PCSK9 expressed in human Huh-7 cells by ELISA analysis";"B";"BAO_0000219";"cell-based format";"Homo sapiens";"None";"None";"Huh-7";"None";"";"";"";"CHEMBL2929";"Proprotein convertase subtilisin/kexin type 9";"Homo sapiens";"SINGLE PROTEIN";"CHEMBL5365408";"1";"Scientific Literature";"Bioorg Med Chem Lett";"2023";"None";"";"INHIBITOR";"";"2.79"
"CHEMBL5418395";"";"None";"520.98";"1";"2.84";"34";"COC(=O)NC[C@H]1CNC[C@H](N(C(=O)c2ccc(-n3nnc4cccnc43)cc2)c2ncccc2Cl)C1";"IC50";"'>'";"20000.0";"nM";"";"";"";"UO_0000065";"";"";"";"";"0";"CHEMBL5365867";"Inhibition of full length human PCSK9 expressed in human Huh-7 cells by ELISA analysis";"B";"BAO_0000219";"cell-based format";"Homo sapiens";"None";"None";"Huh-7";"None";"";"";"";"CHEMBL2929";"Proprotein convertase subtilisin/kexin type 9";"Homo sapiens";"SINGLE PROTEIN";"CHEMBL5365408";"1";"Scientific Literature";"Bioorg Med Chem Lett";"2023";"None";"";"";"";"20.0"
"CHEMBL5406095";"";"None";"453.55";"0";"3.49";"5";"O=C(c1ccc(-n2nnc3cccnc32)cc1)N(c1nccc2c1CCCC2)[C@@H]1CCCNC1";"IC50";"'='";"2280.0";"nM";"5.64";"";"";"UO_0000065";"12.44";"0.23";"2.15";"6.35";"0";"CHEMBL5365867";"Inhibition of full length human PCSK9 expressed in human Huh-7 cells by ELISA analysis";"B";"BAO_0000219";"cell-based format";"Homo sapiens";"None";"None";"Huh-7";"None";"";"";"";"CHEMBL2929";"Proprotein convertase subtilisin/kexin type 9";"Homo sapiens";"SINGLE PROTEIN";"CHEMBL5365408";"1";"Scientific Literature";"Bioorg Med Chem Lett";"2023";"None";"";"INHIBITOR";"";"2.28"
"CHEMBL5403420";"";"None";"413.49";"0";"2.92";"7";"Cc1cccnc1N(C(=O)c1ccc(-n2nnc3cccnc32)cc1)[C@@H]1CCCNC1";"IC50";"'='";"1970.0";"nM";"5.71";"";"";"UO_0000065";"13.80";"0.25";"2.79";"6.42";"0";"CHEMBL5365867";"Inhibition of full length human PCSK9 expressed in human Huh-7 cells by ELISA analysis";"B";"BAO_0000219";"cell-based format";"Homo sapiens";"None";"None";"Huh-7";"None";"";"";"";"CHEMBL2929";"Proprotein convertase subtilisin/kexin type 9";"Homo sapiens";"SINGLE PROTEIN";"CHEMBL5365408";"1";"Scientific Literature";"Bioorg Med Chem Lett";"2023";"None";"";"INHIBITOR";"";"1.97"
"CHEMBL4446521";"";"None";"260.34";"0";"4.55";"5";"Cc1ccc2[nH]cc(Cc3cc4ccccc4[nH]3)c2c1";"IC50";"'='";"5600.0";"nM";"5.25";"";"";"UO_0000065";"20.17";"0.36";"0.70";"16.63";"0";"CHEMBL4434276";"Inhibition of human PCSK9 in HepG2 cells incubated for 48 hrs by AlphaLISA assay";"B";"BAO_0000219";"cell-based format";"Homo sapiens";"None";"None";"HepG2";"None";"";"";"";"CHEMBL2929";"Proprotein convertase subtilisin/kexin type 9";"Homo sapiens";"SINGLE PROTEIN";"CHEMBL4433247";"1";"Scientific Literature";"Bioorg Med Chem Lett";"2019";"CHEMBL3307718";"";"";"";"5.6"
"CHEMBL4549362";"";"None";"298.75";"1";"5.03";"8";"Fc1ccc2[nH]c(Cc3c[nH]c4c(Cl)cccc34)cc2c1";"IC50";"'='";"250.0";"nM";"6.60";"";"";"UO_0000065";"22.10";"0.43";"1.57";"20.91";"0";"CHEMBL4434276";"Inhibition of human PCSK9 in HepG2 cells incubated for 48 hrs by AlphaLISA assay";"B";"BAO_0000219";"cell-based format";"Homo sapiens";"None";"None";"HepG2";"None";"";"";"";"CHEMBL2929";"Proprotein convertase subtilisin/kexin type 9";"Homo sapiens";"SINGLE PROTEIN";"CHEMBL4433247";"1";"Scientific Literature";"Bioorg Med Chem Lett";"2019";"CHEMBL3307718";"";"";"";"0.25"
"CHEMBL4642977";"";"None";"929.87";"2";"6.53";"Example 12";"COC[C@@H]1NC(=O)[C@H](C)N(Cc2ccc(Cl)cc2Oc2ccc(-c3cnc(CN(C)C)n3C)nc2)C(=O)C[C@@H](CC(F)(F)F)C(=O)N2CCC[C@@](Cc3ccc(Cl)cc3)(C2)N(C)C1=O";"IC50";"'='";"0.152";"nM";"9.82";"";"";"UO_0000065";"10.56";"0.21";"3.29";"6.89";"0";"CHEMBL4622704";"Inhibition of human PCSK9 by Alexa Fluor 647 staining based TR-FRET assay";"B";"BAO_0000357";"single protein format";"Homo sapiens";"None";"None";"None";"None";"";"";"";"CHEMBL2929";"Proprotein convertase subtilisin/kexin type 9";"Homo sapiens";"SINGLE PROTEIN";"CHEMBL4619822";"1";"Scientific Literature";"ACS Med Chem Lett";"2020";"None";"";"";"";"0.000152"
"CHEMBL4645450";"";"None";"894.90";"2";"6.08";"Example 150";"CNCc1ncc(-c2ccc(Oc3cc(Cl)ccc3CN3C(=O)C[C@@H](Cc4ccccc4)C(=O)N4CCC[C@@](Cc5ccc(Cl)cc5)(C4)NC(=O)[C@H](CO)NC(=O)[C@@H]3C)cc2)n1C";"IC50";"'='";"0.85";"nM";"9.07";"";"";"UO_0000065";"10.14";"0.20";"2.99";"5.74";"0";"CHEMBL4622704";"Inhibition of human PCSK9 by Alexa Fluor 647 staining based TR-FRET assay";"B";"BAO_0000357";"single protein format";"Homo sapiens";"None";"None";"None";"None";"";"";"";"CHEMBL2929";"Proprotein convertase subtilisin/kexin type 9";"Homo sapiens";"SINGLE PROTEIN";"CHEMBL4619822";"1";"Scientific Literature";"ACS Med Chem Lett";"2020";"None";"";"";"";"0.00085"
"CHEMBL4107559";"";"None";"448.92";"0";"2.97";"3";"Cc1cnc2c(c1)nnn2-c1ccc(C(=O)N(c2ncccc2Cl)[C@@H]2CCCNC2)nc1";"IC50";"'='";"1460.0";"nM";"5.84";"";"";"UO_0000065";"13.00";"0.25";"2.87";"5.74";"0";"CHEMBL5365867";"Inhibition of full length human PCSK9 expressed in human Huh-7 cells by ELISA analysis";"B";"BAO_0000219";"cell-based format";"Homo sapiens";"None";"None";"Huh-7";"None";"";"";"";"CHEMBL2929";"Proprotein convertase subtilisin/kexin type 9";"Homo sapiens";"SINGLE PROTEIN";"CHEMBL5365408";"1";"Scientific Literature";"Bioorg Med Chem Lett";"2023";"None";"";"INHIBITOR";"";"1.46"
"CHEMBL4107804";"";"None";"412.50";"0";"3.50";"15";"Cc1cccnc1N(C(=O)c1ccc(-c2cnn3cccnc23)cc1)[C@@H]1CCCNC1";"IC50";"'='";"2250.0";"nM";"5.65";"";"";"UO_0000065";"13.69";"0.25";"2.15";"7.49";"1";"CHEMBL5365867";"Inhibition of full length human PCSK9 expressed in human Huh-7 cells by ELISA analysis";"B";"BAO_0000219";"cell-based format";"Homo sapiens";"None";"None";"Huh-7";"None";"";"";"";"CHEMBL2929";"Proprotein convertase subtilisin/kexin type 9";"Homo sapiens";"SINGLE PROTEIN";"CHEMBL5365408";"1";"Scientific Literature";"Bioorg Med Chem Lett";"2023";"None";"";"INHIBITOR";"";"2.25"
"CHEMBL4110311";"";"None";"556.02";"1";"4.21";"BDBM200323";"CCOC(=O)OC(C)OC(=O)c1c(-c2ccc(C(=O)N(c3ncccc3Cl)[C@@H]3CCCNC3)cc2)cnn1C";"IC50";"'='";"9500.0";"nM";"5.02";"";"356384";"UO_0000065";"9.03";"0.18";"0.81";"4.02";"0";"CHEMBL3887820";"AlphaLISA Assay: An in-vitro AlphaLISA assay (Perkin Elmer) was developed in order to quantitate the level of PCSK9 secreted into the cell culture media following compound treatment. To detect and measure PCSK9 protein an in-house generated anti-PCSK9 antibody was coupled to AlphaLISA acceptor beads by an external vendor (PerkinElmer) and a second internally developed anti-PCSK9 antibody with an epiptope distinct from that of the acceptor beads was biotinylated in house. Streptavidin coated-donor beads (Perkin Elmer) are also included in the assay mixture which then binds the biotinylated anti-PCSK9 antibody and in the presence of PCSK9 this donor complex and acceptor beads are brought into close proximity. Upon excitation of the donor beads at 680 nm singlet oxygen molecules are released that trigger an energy transfer cascade within the acceptor beads resolving as a single peak of light emitted at 615 nm. The ability of compound to modulate PCSK9 protein levels in conditioned media by AlphaLISA was assessed in the human hepatocellular carcinoma cell line Huh7, stably over-expressing human PCSK9.";"B";"BAO_0000019";"assay format";"None";"None";"None";"None";"None";"";"";"";"CHEMBL2929";"Proprotein convertase subtilisin/kexin type 9";"Homo sapiens";"SINGLE PROTEIN";"CHEMBL3886461";"37";"BindingDB Patent Bioactivity Data";"";"2016";"None";"";"";"";"9500.0"
"CHEMBL4111921";"";"None";"601.71";"2";"4.56";"BDBM200352";"CCOC(=O)OC(n1nnc(-c2c(-c3ccc(C(=O)N(c4ncccc4C)[C@@H]4CCCNC4)cc3)cnn2C)n1)C(C)(C)C";"IC50";"'>'";"20000.0";"nM";"";"";"356410";"UO_0000065";"";"";"";"";"0";"CHEMBL3887820";"AlphaLISA Assay: An in-vitro AlphaLISA assay (Perkin Elmer) was developed in order to quantitate the level of PCSK9 secreted into the cell culture media following compound treatment. To detect and measure PCSK9 protein an in-house generated anti-PCSK9 antibody was coupled to AlphaLISA acceptor beads by an external vendor (PerkinElmer) and a second internally developed anti-PCSK9 antibody with an epiptope distinct from that of the acceptor beads was biotinylated in house. Streptavidin coated-donor beads (Perkin Elmer) are also included in the assay mixture which then binds the biotinylated anti-PCSK9 antibody and in the presence of PCSK9 this donor complex and acceptor beads are brought into close proximity. Upon excitation of the donor beads at 680 nm singlet oxygen molecules are released that trigger an energy transfer cascade within the acceptor beads resolving as a single peak of light emitted at 615 nm. The ability of compound to modulate PCSK9 protein levels in conditioned media by AlphaLISA was assessed in the human hepatocellular carcinoma cell line Huh7, stably over-expressing human PCSK9.";"B";"BAO_0000019";"assay format";"None";"None";"None";"None";"None";"";"";"";"CHEMBL2929";"Proprotein convertase subtilisin/kexin type 9";"Homo sapiens";"SINGLE PROTEIN";"CHEMBL3886461";"37";"BindingDB Patent Bioactivity Data";"";"2016";"None";"";"";"";"20000.0"
"CHEMBL4112247";"";"None";"556.02";"1";"4.21";"BDBM200331";"CCOC(=O)O[C@H](C)OC(=O)c1c(-c2ccc(C(=O)N(c3ncccc3Cl)[C@@H]3CCCNC3)cc2)cnn1C";"IC50";"'='";"10700.0";"nM";"4.97";"";"356392";"UO_0000065";"8.94";"0.17";"0.76";"3.98";"0";"CHEMBL3887820";"AlphaLISA Assay: An in-vitro AlphaLISA assay (Perkin Elmer) was developed in order to quantitate the level of PCSK9 secreted into the cell culture media following compound treatment. To detect and measure PCSK9 protein an in-house generated anti-PCSK9 antibody was coupled to AlphaLISA acceptor beads by an external vendor (PerkinElmer) and a second internally developed anti-PCSK9 antibody with an epiptope distinct from that of the acceptor beads was biotinylated in house. Streptavidin coated-donor beads (Perkin Elmer) are also included in the assay mixture which then binds the biotinylated anti-PCSK9 antibody and in the presence of PCSK9 this donor complex and acceptor beads are brought into close proximity. Upon excitation of the donor beads at 680 nm singlet oxygen molecules are released that trigger an energy transfer cascade within the acceptor beads resolving as a single peak of light emitted at 615 nm. The ability of compound to modulate PCSK9 protein levels in conditioned media by AlphaLISA was assessed in the human hepatocellular carcinoma cell line Huh7, stably over-expressing human PCSK9.";"B";"BAO_0000019";"assay format";"None";"None";"None";"None";"None";"";"";"";"CHEMBL2929";"Proprotein convertase subtilisin/kexin type 9";"Homo sapiens";"SINGLE PROTEIN";"CHEMBL3886461";"37";"BindingDB Patent Bioactivity Data";"";"2016";"None";"";"";"";"10700.0"
"CHEMBL4109932";"";"None";"517.01";"1";"2.22";"BDBM200343";"Cn1ncc(-c2ccc(C(=O)N(c3ncccc3Cl)[C@@H]3CCCNC3)cc2)c1C(=O)NS(C)(=O)=O";"IC50";"'>'";"20000.0";"nM";"";"";"356401";"UO_0000065";"";"";"";"";"0";"CHEMBL3887820";"AlphaLISA Assay: An in-vitro AlphaLISA assay (Perkin Elmer) was developed in order to quantitate the level of PCSK9 secreted into the cell culture media following compound treatment. To detect and measure PCSK9 protein an in-house generated anti-PCSK9 antibody was coupled to AlphaLISA acceptor beads by an external vendor (PerkinElmer) and a second internally developed anti-PCSK9 antibody with an epiptope distinct from that of the acceptor beads was biotinylated in house. Streptavidin coated-donor beads (Perkin Elmer) are also included in the assay mixture which then binds the biotinylated anti-PCSK9 antibody and in the presence of PCSK9 this donor complex and acceptor beads are brought into close proximity. Upon excitation of the donor beads at 680 nm singlet oxygen molecules are released that trigger an energy transfer cascade within the acceptor beads resolving as a single peak of light emitted at 615 nm. The ability of compound to modulate PCSK9 protein levels in conditioned media by AlphaLISA was assessed in the human hepatocellular carcinoma cell line Huh7, stably over-expressing human PCSK9.";"B";"BAO_0000019";"assay format";"None";"None";"None";"None";"None";"";"";"";"CHEMBL2929";"Proprotein convertase subtilisin/kexin type 9";"Homo sapiens";"SINGLE PROTEIN";"CHEMBL3886461";"37";"BindingDB Patent Bioactivity Data";"";"2016";"None";"";"";"";"20000.0"
"CHEMBL4106546";"";"None";"587.69";"2";"4.17";"BDBM200350";"CCOC(=O)OC(C(C)C)n1nnc(-c2c(-c3ccc(C(=O)N(c4ncccc4C)[C@@H]4CCCNC4)cc3)cnn2C)n1";"IC50";"'>'";"20000.0";"nM";"";"";"356409";"UO_0000065";"";"";"";"";"0";"CHEMBL3887820";"AlphaLISA Assay: An in-vitro AlphaLISA assay (Perkin Elmer) was developed in order to quantitate the level of PCSK9 secreted into the cell culture media following compound treatment. To detect and measure PCSK9 protein an in-house generated anti-PCSK9 antibody was coupled to AlphaLISA acceptor beads by an external vendor (PerkinElmer) and a second internally developed anti-PCSK9 antibody with an epiptope distinct from that of the acceptor beads was biotinylated in house. Streptavidin coated-donor beads (Perkin Elmer) are also included in the assay mixture which then binds the biotinylated anti-PCSK9 antibody and in the presence of PCSK9 this donor complex and acceptor beads are brought into close proximity. Upon excitation of the donor beads at 680 nm singlet oxygen molecules are released that trigger an energy transfer cascade within the acceptor beads resolving as a single peak of light emitted at 615 nm. The ability of compound to modulate PCSK9 protein levels in conditioned media by AlphaLISA was assessed in the human hepatocellular carcinoma cell line Huh7, stably over-expressing human PCSK9.";"B";"BAO_0000019";"assay format";"None";"None";"None";"None";"None";"";"";"";"CHEMBL2929";"Proprotein convertase subtilisin/kexin type 9";"Homo sapiens";"SINGLE PROTEIN";"CHEMBL3886461";"37";"BindingDB Patent Bioactivity Data";"";"2016";"None";"";"";"";"20000.0"
"CHEMBL4110896";"";"None";"571.69";"2";"3.95";"BDBM200364";"CCC(=O)OC(C(C)C)n1nnc(-c2c(-c3ccc(C(=O)N(c4ncccc4C)[C@@H]4CCCNC4)cc3)cnn2C)n1";"IC50";"'>'";"20000.0";"nM";"";"";"356422";"UO_0000065";"";"";"";"";"0";"CHEMBL3887820";"AlphaLISA Assay: An in-vitro AlphaLISA assay (Perkin Elmer) was developed in order to quantitate the level of PCSK9 secreted into the cell culture media following compound treatment. To detect and measure PCSK9 protein an in-house generated anti-PCSK9 antibody was coupled to AlphaLISA acceptor beads by an external vendor (PerkinElmer) and a second internally developed anti-PCSK9 antibody with an epiptope distinct from that of the acceptor beads was biotinylated in house. Streptavidin coated-donor beads (Perkin Elmer) are also included in the assay mixture which then binds the biotinylated anti-PCSK9 antibody and in the presence of PCSK9 this donor complex and acceptor beads are brought into close proximity. Upon excitation of the donor beads at 680 nm singlet oxygen molecules are released that trigger an energy transfer cascade within the acceptor beads resolving as a single peak of light emitted at 615 nm. The ability of compound to modulate PCSK9 protein levels in conditioned media by AlphaLISA was assessed in the human hepatocellular carcinoma cell line Huh7, stably over-expressing human PCSK9.";"B";"BAO_0000019";"assay format";"None";"None";"None";"None";"None";"";"";"";"CHEMBL2929";"Proprotein convertase subtilisin/kexin type 9";"Homo sapiens";"SINGLE PROTEIN";"CHEMBL3886461";"37";"BindingDB Patent Bioactivity Data";"";"2016";"None";"";"";"";"20000.0"
"CHEMBL4108330";"";"None";"433.51";"0";"2.98";"BDBM200328";"COC(=O)c1c(-c2ccc(C(=O)N(c3ncccc3C)[C@@H]3CCCNC3)cc2)cnn1C";"IC50";"'='";"2300.0";"nM";"5.64";"";"356389";"UO_0000065";"13.01";"0.24";"2.66";"6.31";"0";"CHEMBL3887820";"AlphaLISA Assay: An in-vitro AlphaLISA assay (Perkin Elmer) was developed in order to quantitate the level of PCSK9 secreted into the cell culture media following compound treatment. To detect and measure PCSK9 protein an in-house generated anti-PCSK9 antibody was coupled to AlphaLISA acceptor beads by an external vendor (PerkinElmer) and a second internally developed anti-PCSK9 antibody with an epiptope distinct from that of the acceptor beads was biotinylated in house. Streptavidin coated-donor beads (Perkin Elmer) are also included in the assay mixture which then binds the biotinylated anti-PCSK9 antibody and in the presence of PCSK9 this donor complex and acceptor beads are brought into close proximity. Upon excitation of the donor beads at 680 nm singlet oxygen molecules are released that trigger an energy transfer cascade within the acceptor beads resolving as a single peak of light emitted at 615 nm. The ability of compound to modulate PCSK9 protein levels in conditioned media by AlphaLISA was assessed in the human hepatocellular carcinoma cell line Huh7, stably over-expressing human PCSK9.";"B";"BAO_0000019";"assay format";"None";"None";"None";"None";"None";"";"";"";"CHEMBL2929";"Proprotein convertase subtilisin/kexin type 9";"Homo sapiens";"SINGLE PROTEIN";"CHEMBL3886461";"37";"BindingDB Patent Bioactivity Data";"";"2016";"None";"";"";"";"2300.0"
"CHEMBL4106481";"";"None";"443.52";"0";"2.37";"BDBM200333";"Cc1cccnc1N(C(=O)c1ccc(-c2cnn(C)c2-c2nn[nH]n2)cc1)[C@@H]1CCCNC1";"IC50";"'>'";"20000.0";"nM";"";"";"356394";"UO_0000065";"";"";"";"";"0";"CHEMBL3887820";"AlphaLISA Assay: An in-vitro AlphaLISA assay (Perkin Elmer) was developed in order to quantitate the level of PCSK9 secreted into the cell culture media following compound treatment. To detect and measure PCSK9 protein an in-house generated anti-PCSK9 antibody was coupled to AlphaLISA acceptor beads by an external vendor (PerkinElmer) and a second internally developed anti-PCSK9 antibody with an epiptope distinct from that of the acceptor beads was biotinylated in house. Streptavidin coated-donor beads (Perkin Elmer) are also included in the assay mixture which then binds the biotinylated anti-PCSK9 antibody and in the presence of PCSK9 this donor complex and acceptor beads are brought into close proximity. Upon excitation of the donor beads at 680 nm singlet oxygen molecules are released that trigger an energy transfer cascade within the acceptor beads resolving as a single peak of light emitted at 615 nm. The ability of compound to modulate PCSK9 protein levels in conditioned media by AlphaLISA was assessed in the human hepatocellular carcinoma cell line Huh7, stably over-expressing human PCSK9.";"B";"BAO_0000019";"assay format";"None";"None";"None";"None";"None";"";"";"";"CHEMBL2929";"Proprotein convertase subtilisin/kexin type 9";"Homo sapiens";"SINGLE PROTEIN";"CHEMBL3886461";"37";"BindingDB Patent Bioactivity Data";"";"2016";"None";"";"";"";"20000.0"
"CHEMBL5280651";"";"None";"1454.83";"None";"None";"38";"CC[C@H](C)[C@H](NC(=O)[C@H](CCCCNC(=N)N)NC(=O)[C@@H](NC(=O)[C@H](CC(C)C)NC(=O)[C@H](CC(N)=O)NC(=O)[C@H](Cc1c[nH]c2ccccc12)NC(=O)C1(N)CCC(c2ccccc2)CC1)C(C)C)C(=O)NCC(=O)N[C@@H](CC(C)C)C(=O)N[C@@H](CC(C)C)C(=O)N[C@@H](CCCNC(=N)N)C(=O)O";"IC50";"'='";"140.0";"nM";"6.85";"";"";"UO_0000065";"4.71";"None";"None";"None";"0";"CHEMBL5236432";"Inhibition of human PCSK9 preincubated for 30 mins followed by ab20 addition and measured after 2 hrs by TR-FRET assay";"B";"BAO_0000357";"single protein format";"Homo sapiens";"None";"None";"None";"None";"";"";"";"CHEMBL2929";"Proprotein convertase subtilisin/kexin type 9";"Homo sapiens";"SINGLE PROTEIN";"CHEMBL5233285";"1";"Scientific Literature";"J Med Chem";"2022";"None";"TIME = 2.5 hr";"INHIBITOR";"";"0.14"
"CHEMBL4227325";"";"None";"1902.30";"None";"None";"37";"CC[C@H](C)[C@H](NC(=O)[C@H](CCCCNC(=N)N)NC(=O)[C@@H](NC(=O)[C@H](CC(C)C)NC(=O)[C@H](CC(N)=O)NC(=O)[C@H](Cc1c[nH]c2ccccc12)NC(=O)CNC(=O)[C@@H]1CCCN1C(=O)[C@H](Cc1ccccc1)NC(=O)[C@H](CO)NC(=O)[C@H](CCC(=O)O)NC(=O)[C@@H](N)CCSC)C(C)C)C(=O)NCC(=O)N[C@@H](CC(C)C)C(=O)N[C@@H](CC(C)C)C(=O)N[C@@H](CCCNC(=N)N)C(=O)O";"IC50";"'='";"8300.0";"nM";"5.08";"";"";"UO_0000065";"2.67";"None";"None";"None";"1";"CHEMBL5236433";"Inhibition of human PCSK9 preincubated for 30 mins followed by EGF(A) addition and measured after 2 hrs by TR-FRET assay";"B";"BAO_0000357";"single protein format";"Homo sapiens";"None";"None";"None";"None";"";"";"";"CHEMBL2929";"Proprotein convertase subtilisin/kexin type 9";"Homo sapiens";"SINGLE PROTEIN";"CHEMBL5233285";"1";"Scientific Literature";"J Med Chem";"2022";"None";"TIME = 2.5 hr";"INHIBITOR";"";"8.3"
"CHEMBL5742402";"";"None";"420.51";"0";"3.18";"BDBM425990";"Cc1cc(C2=NOC(C)(C)C2=O)ccc1C(=O)N(c1ncccc1C)[C@@H]1CCCNC1";"IC50";"'<'";"10000.0";"nM";"";"";"858668";"UO_0000065";"";"";"";"";"0";"CHEMBL5734738";"In Vitro Screening Experiment: 1. Reagent Preparation:1) Preparation of 1× AlphaLISA test buffer solution:2.5 ml of 10× AlphaLISA test buffer solution was added to 22.5 ml of Milli-Q water to produce the 1× AlphaLISA test buffer solution.2) Preparation of mixture (25 μg/mL/2.5 nM) of 2.5× AlphaLISA Acceptor beads and Biotinylated Antibody Anti-PCSK9:50 μL of 5 mg/mL Alpha LISA Anti-PCSK9 Acceptor beads and 50 μL of 500 nM Biotinylated Antibody Anti-PCSK9 were added to 9,900 μL of 1× AlphaLISA test buffer solution.3) Preparation of 2× Streptavidin (SA) Donor beads (80 μg/mL):200 μL of 5 mg/mL SA-Donor beads was added to 12,300 μL of 1× AlphaLISA test buffer solution.2. Operation Steps:1) DMSO was added to the test compound to produce the 50 μM stock solution, which was then serially diluted into 10 concentrations by 3-fold, and placed in the 384-pore plate;2) PCSK9-Huh7 cells were added in the 384-pore plate, and the cell plate was cultured in the incubator for 20 h;3) 20 μL/pore mixture of 2.5× AlphaLISA Acceptor beads and Biotinylated Antibody Anti-PCSK9 was added, and incubated at 23° C. for 60 min.4) 25 μL/pore 2× Streptavidin (SA) Donor beads were added; and incubated for 30 min at 23° C. (kept in dark place).5) EnVision-Alpha Reader reading:Test condition: Total Measurement Time: 550 ms, Laser 680 nm Excitation Time: 180 ms, Mirror: D640as, Emission Filtered: M570w, Center Wavelength 570 nm, Bandwidth 100 nm, Transmittance 75%.3. Data Analysis:Date was analyzed with Prismsoftware (nonlinear regression (Sigmoidal dose-response-variable slope)Inhibition ratio %=100*(Sample reading−LC reading)/(HC reading−LC reading).";"B";"BAO_0000019";"assay format";"None";"None";"None";"None";"None";"";"";"";"CHEMBL2929";"Proprotein convertase subtilisin/kexin type 9";"Homo sapiens";"SINGLE PROTEIN";"CHEMBL5727468";"37";"BindingDB Patent Bioactivity Data";"";"2019";"None";"";"";"";"10000.0"
"CHEMBL5996977";"";"None";"434.50";"0";"2.59";"BDBM425993";"CC1(C)ON=C(c2ccc(C(=O)N(c3nccc4c3COC4)[C@@H]3CCCNC3)cc2)C1=O";"IC50";"'<'";"10000.0";"nM";"";"";"858671";"UO_0000065";"";"";"";"";"0";"CHEMBL5734738";"In Vitro Screening Experiment: 1. Reagent Preparation:1) Preparation of 1× AlphaLISA test buffer solution:2.5 ml of 10× AlphaLISA test buffer solution was added to 22.5 ml of Milli-Q water to produce the 1× AlphaLISA test buffer solution.2) Preparation of mixture (25 μg/mL/2.5 nM) of 2.5× AlphaLISA Acceptor beads and Biotinylated Antibody Anti-PCSK9:50 μL of 5 mg/mL Alpha LISA Anti-PCSK9 Acceptor beads and 50 μL of 500 nM Biotinylated Antibody Anti-PCSK9 were added to 9,900 μL of 1× AlphaLISA test buffer solution.3) Preparation of 2× Streptavidin (SA) Donor beads (80 μg/mL):200 μL of 5 mg/mL SA-Donor beads was added to 12,300 μL of 1× AlphaLISA test buffer solution.2. Operation Steps:1) DMSO was added to the test compound to produce the 50 μM stock solution, which was then serially diluted into 10 concentrations by 3-fold, and placed in the 384-pore plate;2) PCSK9-Huh7 cells were added in the 384-pore plate, and the cell plate was cultured in the incubator for 20 h;3) 20 μL/pore mixture of 2.5× AlphaLISA Acceptor beads and Biotinylated Antibody Anti-PCSK9 was added, and incubated at 23° C. for 60 min.4) 25 μL/pore 2× Streptavidin (SA) Donor beads were added; and incubated for 30 min at 23° C. (kept in dark place).5) EnVision-Alpha Reader reading:Test condition: Total Measurement Time: 550 ms, Laser 680 nm Excitation Time: 180 ms, Mirror: D640as, Emission Filtered: M570w, Center Wavelength 570 nm, Bandwidth 100 nm, Transmittance 75%.3. Data Analysis:Date was analyzed with Prismsoftware (nonlinear regression (Sigmoidal dose-response-variable slope)Inhibition ratio %=100*(Sample reading−LC reading)/(HC reading−LC reading).";"B";"BAO_0000019";"assay format";"None";"None";"None";"None";"None";"";"";"";"CHEMBL2929";"Proprotein convertase subtilisin/kexin type 9";"Homo sapiens";"SINGLE PROTEIN";"CHEMBL5727468";"37";"BindingDB Patent Bioactivity Data";"";"2019";"None";"";"";"";"10000.0"
"CHEMBL5967643";"";"None";"466.58";"0";"3.33";"BDBM425996";"COCCO[C@H]1C(c2ccc(C(=O)N(c3ncccc3C)[C@@H]3CCCNC3)cc2)=NOC1(C)C";"IC50";"'<'";"10000.0";"nM";"";"";"858674";"UO_0000065";"";"";"";"";"0";"CHEMBL5734738";"In Vitro Screening Experiment: 1. Reagent Preparation:1) Preparation of 1× AlphaLISA test buffer solution:2.5 ml of 10× AlphaLISA test buffer solution was added to 22.5 ml of Milli-Q water to produce the 1× AlphaLISA test buffer solution.2) Preparation of mixture (25 μg/mL/2.5 nM) of 2.5× AlphaLISA Acceptor beads and Biotinylated Antibody Anti-PCSK9:50 μL of 5 mg/mL Alpha LISA Anti-PCSK9 Acceptor beads and 50 μL of 500 nM Biotinylated Antibody Anti-PCSK9 were added to 9,900 μL of 1× AlphaLISA test buffer solution.3) Preparation of 2× Streptavidin (SA) Donor beads (80 μg/mL):200 μL of 5 mg/mL SA-Donor beads was added to 12,300 μL of 1× AlphaLISA test buffer solution.2. Operation Steps:1) DMSO was added to the test compound to produce the 50 μM stock solution, which was then serially diluted into 10 concentrations by 3-fold, and placed in the 384-pore plate;2) PCSK9-Huh7 cells were added in the 384-pore plate, and the cell plate was cultured in the incubator for 20 h;3) 20 μL/pore mixture of 2.5× AlphaLISA Acceptor beads and Biotinylated Antibody Anti-PCSK9 was added, and incubated at 23° C. for 60 min.4) 25 μL/pore 2× Streptavidin (SA) Donor beads were added; and incubated for 30 min at 23° C. (kept in dark place).5) EnVision-Alpha Reader reading:Test condition: Total Measurement Time: 550 ms, Laser 680 nm Excitation Time: 180 ms, Mirror: D640as, Emission Filtered: M570w, Center Wavelength 570 nm, Bandwidth 100 nm, Transmittance 75%.3. Data Analysis:Date was analyzed with Prismsoftware (nonlinear regression (Sigmoidal dose-response-variable slope)Inhibition ratio %=100*(Sample reading−LC reading)/(HC reading−LC reading).";"B";"BAO_0000019";"assay format";"None";"None";"None";"None";"None";"";"";"";"CHEMBL2929";"Proprotein convertase subtilisin/kexin type 9";"Homo sapiens";"SINGLE PROTEIN";"CHEMBL5727468";"37";"BindingDB Patent Bioactivity Data";"";"2019";"None";"";"";"";"10000.0"
"CHEMBL5838171";"";"None";"469.55";"0";"3.62";"BDBM426004";"CC1(C)ON=C(c2ccc(C(=O)N(c3ncccc3-c3ccncc3)[C@@H]3CCCNC3)cc2)C1=O";"IC50";"'<'";"10000.0";"nM";"";"";"858682";"UO_0000065";"";"";"";"";"0";"CHEMBL5734738";"In Vitro Screening Experiment: 1. Reagent Preparation:1) Preparation of 1× AlphaLISA test buffer solution:2.5 ml of 10× AlphaLISA test buffer solution was added to 22.5 ml of Milli-Q water to produce the 1× AlphaLISA test buffer solution.2) Preparation of mixture (25 μg/mL/2.5 nM) of 2.5× AlphaLISA Acceptor beads and Biotinylated Antibody Anti-PCSK9:50 μL of 5 mg/mL Alpha LISA Anti-PCSK9 Acceptor beads and 50 μL of 500 nM Biotinylated Antibody Anti-PCSK9 were added to 9,900 μL of 1× AlphaLISA test buffer solution.3) Preparation of 2× Streptavidin (SA) Donor beads (80 μg/mL):200 μL of 5 mg/mL SA-Donor beads was added to 12,300 μL of 1× AlphaLISA test buffer solution.2. Operation Steps:1) DMSO was added to the test compound to produce the 50 μM stock solution, which was then serially diluted into 10 concentrations by 3-fold, and placed in the 384-pore plate;2) PCSK9-Huh7 cells were added in the 384-pore plate, and the cell plate was cultured in the incubator for 20 h;3) 20 μL/pore mixture of 2.5× AlphaLISA Acceptor beads and Biotinylated Antibody Anti-PCSK9 was added, and incubated at 23° C. for 60 min.4) 25 μL/pore 2× Streptavidin (SA) Donor beads were added; and incubated for 30 min at 23° C. (kept in dark place).5) EnVision-Alpha Reader reading:Test condition: Total Measurement Time: 550 ms, Laser 680 nm Excitation Time: 180 ms, Mirror: D640as, Emission Filtered: M570w, Center Wavelength 570 nm, Bandwidth 100 nm, Transmittance 75%.3. Data Analysis:Date was analyzed with Prismsoftware (nonlinear regression (Sigmoidal dose-response-variable slope)Inhibition ratio %=100*(Sample reading−LC reading)/(HC reading−LC reading).";"B";"BAO_0000019";"assay format";"None";"None";"None";"None";"None";"";"";"";"CHEMBL2929";"Proprotein convertase subtilisin/kexin type 9";"Homo sapiens";"SINGLE PROTEIN";"CHEMBL5727468";"37";"BindingDB Patent Bioactivity Data";"";"2019";"None";"";"";"";"10000.0"
"CHEMBL5875352";"";"None";"420.51";"0";"3.18";"BDBM425991";"Cc1cc(C(=O)N(c2ncccc2C)[C@@H]2CCCNC2)ccc1C1=NOC(C)(C)C1=O";"IC50";"'<'";"10000.0";"nM";"";"";"858669";"UO_0000065";"";"";"";"";"0";"CHEMBL5734738";"In Vitro Screening Experiment: 1. Reagent Preparation:1) Preparation of 1× AlphaLISA test buffer solution:2.5 ml of 10× AlphaLISA test buffer solution was added to 22.5 ml of Milli-Q water to produce the 1× AlphaLISA test buffer solution.2) Preparation of mixture (25 μg/mL/2.5 nM) of 2.5× AlphaLISA Acceptor beads and Biotinylated Antibody Anti-PCSK9:50 μL of 5 mg/mL Alpha LISA Anti-PCSK9 Acceptor beads and 50 μL of 500 nM Biotinylated Antibody Anti-PCSK9 were added to 9,900 μL of 1× AlphaLISA test buffer solution.3) Preparation of 2× Streptavidin (SA) Donor beads (80 μg/mL):200 μL of 5 mg/mL SA-Donor beads was added to 12,300 μL of 1× AlphaLISA test buffer solution.2. Operation Steps:1) DMSO was added to the test compound to produce the 50 μM stock solution, which was then serially diluted into 10 concentrations by 3-fold, and placed in the 384-pore plate;2) PCSK9-Huh7 cells were added in the 384-pore plate, and the cell plate was cultured in the incubator for 20 h;3) 20 μL/pore mixture of 2.5× AlphaLISA Acceptor beads and Biotinylated Antibody Anti-PCSK9 was added, and incubated at 23° C. for 60 min.4) 25 μL/pore 2× Streptavidin (SA) Donor beads were added; and incubated for 30 min at 23° C. (kept in dark place).5) EnVision-Alpha Reader reading:Test condition: Total Measurement Time: 550 ms, Laser 680 nm Excitation Time: 180 ms, Mirror: D640as, Emission Filtered: M570w, Center Wavelength 570 nm, Bandwidth 100 nm, Transmittance 75%.3. Data Analysis:Date was analyzed with Prismsoftware (nonlinear regression (Sigmoidal dose-response-variable slope)Inhibition ratio %=100*(Sample reading−LC reading)/(HC reading−LC reading).";"B";"BAO_0000019";"assay format";"None";"None";"None";"None";"None";"";"";"";"CHEMBL2929";"Proprotein convertase subtilisin/kexin type 9";"Homo sapiens";"SINGLE PROTEIN";"CHEMBL5727468";"37";"BindingDB Patent Bioactivity Data";"";"2019";"None";"";"";"";"10000.0"
"CHEMBL4462933";"";"None";"428.56";"1";"5.58";"10";"Cc1ccc(S(=O)(=O)n2c(Cc3cn(C)c4ccccc34)c(C)c3ccccc32)cc1";"IC50";"'='";"1500.0";"nM";"5.82";"";"";"UO_0000065";"13.59";"0.26";"0.24";"13.24";"0";"CHEMBL4434276";"Inhibition of human PCSK9 in HepG2 cells incubated for 48 hrs by AlphaLISA assay";"B";"BAO_0000219";"cell-based format";"Homo sapiens";"None";"None";"HepG2";"None";"";"";"";"CHEMBL2929";"Proprotein convertase subtilisin/kexin type 9";"Homo sapiens";"SINGLE PROTEIN";"CHEMBL4433247";"1";"Scientific Literature";"Bioorg Med Chem Lett";"2019";"CHEMBL3307718";"";"";"";"1.5"
"CHEMBL4110287";"";"None";"571.69";"2";"3.95";"BDBM200368";"CCC(OC(=O)C(C)C)n1nnc(-c2c(-c3ccc(C(=O)N(c4ncccc4C)[C@@H]4CCCNC4)cc3)cnn2C)n1";"IC50";"'='";"10700.0";"nM";"4.97";"";"356471";"UO_0000065";"8.69";"0.16";"1.02";"3.74";"0";"CHEMBL3887821";"Cell Free Assay: In order to eliminate the permeability barrier inherent to the WT7 and SCHH cell-based assays a cell-free system was also established to access compound activity. A sequence containing the full length human PCSK9 (NCBI reference identifier, NM-174936.3, where coding sequence start annotated at position 363) along with 84 additional 3â¿² nucleotides, comprising a V5 tag and polylinkinker followed by an in frame modified firefly luciferase reporter (corresponding to nucleotide positions 283-1929 of pGL3, Gen Bank reference identifier JN542721.1) was cloned into the pT7CFE1 expression vector (ThermoScientific). The construct was then in-vitro transcribed using the MEGAscript T7 Kit (Life Technologies) and RNA subsequently purified incorporating the MEGAclear Kit (Life Technologies) according to manufacturer's protocols. HeLa cell lysates were prepared following the protocols described by Mikami (reference is Cell-Free Protein Synthesis Systems with Extracts from Cultured Human Cells, S. Mikami, T. Kobayashi and H. Imataka; from Methods in Molecular Biology, vol. 607, pages 43-52, Y. Endo et al. (eds.), Humana Press, 2010) with the following modifications.";"B";"BAO_0000219";"cell-based format";"None";"None";"None";"HeLa";"None";"";"";"";"CHEMBL2929";"Proprotein convertase subtilisin/kexin type 9";"Homo sapiens";"SINGLE PROTEIN";"CHEMBL3886461";"37";"BindingDB Patent Bioactivity Data";"";"2016";"CHEMBL3308376";"";"";"";"10700.0"
"CHEMBL4107559";"";"None";"448.92";"0";"2.97";"BDBM200324";"Cc1cnc2c(c1)nnn2-c1ccc(C(=O)N(c2ncccc2Cl)[C@@H]2CCCNC2)nc1";"IC50";"'='";"1800.0";"nM";"5.75";"";"356385";"UO_0000065";"12.80";"0.25";"2.77";"5.65";"0";"CHEMBL3887820";"AlphaLISA Assay: An in-vitro AlphaLISA assay (Perkin Elmer) was developed in order to quantitate the level of PCSK9 secreted into the cell culture media following compound treatment. To detect and measure PCSK9 protein an in-house generated anti-PCSK9 antibody was coupled to AlphaLISA acceptor beads by an external vendor (PerkinElmer) and a second internally developed anti-PCSK9 antibody with an epiptope distinct from that of the acceptor beads was biotinylated in house. Streptavidin coated-donor beads (Perkin Elmer) are also included in the assay mixture which then binds the biotinylated anti-PCSK9 antibody and in the presence of PCSK9 this donor complex and acceptor beads are brought into close proximity. Upon excitation of the donor beads at 680 nm singlet oxygen molecules are released that trigger an energy transfer cascade within the acceptor beads resolving as a single peak of light emitted at 615 nm. The ability of compound to modulate PCSK9 protein levels in conditioned media by AlphaLISA was assessed in the human hepatocellular carcinoma cell line Huh7, stably over-expressing human PCSK9.";"B";"BAO_0000019";"assay format";"None";"None";"None";"None";"None";"";"";"";"CHEMBL2929";"Proprotein convertase subtilisin/kexin type 9";"Homo sapiens";"SINGLE PROTEIN";"CHEMBL3886461";"37";"BindingDB Patent Bioactivity Data";"";"2016";"None";"";"";"";"1800.0"
"CHEMBL3961039";"";"None";"556.02";"1";"4.21";"BDBM200330";"CCOC(=O)O[C@@H](C)OC(=O)c1c(-c2ccc(C(=O)N(c3ncccc3Cl)[C@@H]3CCCNC3)cc2)cnn1C";"IC50";"'='";"7300.0";"nM";"5.14";"";"356391";"UO_0000065";"9.24";"0.18";"0.93";"4.11";"0";"CHEMBL3887820";"AlphaLISA Assay: An in-vitro AlphaLISA assay (Perkin Elmer) was developed in order to quantitate the level of PCSK9 secreted into the cell culture media following compound treatment. To detect and measure PCSK9 protein an in-house generated anti-PCSK9 antibody was coupled to AlphaLISA acceptor beads by an external vendor (PerkinElmer) and a second internally developed anti-PCSK9 antibody with an epiptope distinct from that of the acceptor beads was biotinylated in house. Streptavidin coated-donor beads (Perkin Elmer) are also included in the assay mixture which then binds the biotinylated anti-PCSK9 antibody and in the presence of PCSK9 this donor complex and acceptor beads are brought into close proximity. Upon excitation of the donor beads at 680 nm singlet oxygen molecules are released that trigger an energy transfer cascade within the acceptor beads resolving as a single peak of light emitted at 615 nm. The ability of compound to modulate PCSK9 protein levels in conditioned media by AlphaLISA was assessed in the human hepatocellular carcinoma cell line Huh7, stably over-expressing human PCSK9.";"B";"BAO_0000019";"assay format";"None";"None";"None";"None";"None";"";"";"";"CHEMBL2929";"Proprotein convertase subtilisin/kexin type 9";"Homo sapiens";"SINGLE PROTEIN";"CHEMBL3886461";"37";"BindingDB Patent Bioactivity Data";"";"2016";"None";"";"";"";"7300.0"
"CHEMBL4114503";"";"None";"506.96";"1";"2.30";"BDBM200340";"Cn1ncc(-c2ccc(C(=O)N(c3ncccc3Cl)[C@@H]3CCCNC3)cc2)c1C(=O)Nc1nnn[nH]1";"IC50";"'>'";"20000.0";"nM";"";"";"356398";"UO_0000065";"";"";"";"";"0";"CHEMBL3887820";"AlphaLISA Assay: An in-vitro AlphaLISA assay (Perkin Elmer) was developed in order to quantitate the level of PCSK9 secreted into the cell culture media following compound treatment. To detect and measure PCSK9 protein an in-house generated anti-PCSK9 antibody was coupled to AlphaLISA acceptor beads by an external vendor (PerkinElmer) and a second internally developed anti-PCSK9 antibody with an epiptope distinct from that of the acceptor beads was biotinylated in house. Streptavidin coated-donor beads (Perkin Elmer) are also included in the assay mixture which then binds the biotinylated anti-PCSK9 antibody and in the presence of PCSK9 this donor complex and acceptor beads are brought into close proximity. Upon excitation of the donor beads at 680 nm singlet oxygen molecules are released that trigger an energy transfer cascade within the acceptor beads resolving as a single peak of light emitted at 615 nm. The ability of compound to modulate PCSK9 protein levels in conditioned media by AlphaLISA was assessed in the human hepatocellular carcinoma cell line Huh7, stably over-expressing human PCSK9.";"B";"BAO_0000019";"assay format";"None";"None";"None";"None";"None";"";"";"";"CHEMBL2929";"Proprotein convertase subtilisin/kexin type 9";"Homo sapiens";"SINGLE PROTEIN";"CHEMBL3886461";"37";"BindingDB Patent Bioactivity Data";"";"2016";"None";"";"";"";"20000.0"
"CHEMBL4112849";"";"None";"573.66";"2";"3.92";"BDBM200348";"CCOC(=O)OC(CC)n1nnc(-c2c(-c3ccc(C(=O)N(c4ncccc4C)[C@@H]4CCCNC4)cc3)cnn2C)n1";"IC50";"'>'";"20000.0";"nM";"";"";"356406";"UO_0000065";"";"";"";"";"0";"CHEMBL3887820";"AlphaLISA Assay: An in-vitro AlphaLISA assay (Perkin Elmer) was developed in order to quantitate the level of PCSK9 secreted into the cell culture media following compound treatment. To detect and measure PCSK9 protein an in-house generated anti-PCSK9 antibody was coupled to AlphaLISA acceptor beads by an external vendor (PerkinElmer) and a second internally developed anti-PCSK9 antibody with an epiptope distinct from that of the acceptor beads was biotinylated in house. Streptavidin coated-donor beads (Perkin Elmer) are also included in the assay mixture which then binds the biotinylated anti-PCSK9 antibody and in the presence of PCSK9 this donor complex and acceptor beads are brought into close proximity. Upon excitation of the donor beads at 680 nm singlet oxygen molecules are released that trigger an energy transfer cascade within the acceptor beads resolving as a single peak of light emitted at 615 nm. The ability of compound to modulate PCSK9 protein levels in conditioned media by AlphaLISA was assessed in the human hepatocellular carcinoma cell line Huh7, stably over-expressing human PCSK9.";"B";"BAO_0000019";"assay format";"None";"None";"None";"None";"None";"";"";"";"CHEMBL2929";"Proprotein convertase subtilisin/kexin type 9";"Homo sapiens";"SINGLE PROTEIN";"CHEMBL3886461";"37";"BindingDB Patent Bioactivity Data";"";"2016";"None";"";"";"";"20000.0"
"CHEMBL4111921";"";"None";"601.71";"2";"4.56";"BDBM200352";"CCOC(=O)OC(n1nnc(-c2c(-c3ccc(C(=O)N(c4ncccc4C)[C@@H]4CCCNC4)cc3)cnn2C)n1)C(C)(C)C";"IC50";"'>'";"20000.0";"nM";"";"";"356411";"UO_0000065";"";"";"";"";"0";"CHEMBL3887820";"AlphaLISA Assay: An in-vitro AlphaLISA assay (Perkin Elmer) was developed in order to quantitate the level of PCSK9 secreted into the cell culture media following compound treatment. To detect and measure PCSK9 protein an in-house generated anti-PCSK9 antibody was coupled to AlphaLISA acceptor beads by an external vendor (PerkinElmer) and a second internally developed anti-PCSK9 antibody with an epiptope distinct from that of the acceptor beads was biotinylated in house. Streptavidin coated-donor beads (Perkin Elmer) are also included in the assay mixture which then binds the biotinylated anti-PCSK9 antibody and in the presence of PCSK9 this donor complex and acceptor beads are brought into close proximity. Upon excitation of the donor beads at 680 nm singlet oxygen molecules are released that trigger an energy transfer cascade within the acceptor beads resolving as a single peak of light emitted at 615 nm. The ability of compound to modulate PCSK9 protein levels in conditioned media by AlphaLISA was assessed in the human hepatocellular carcinoma cell line Huh7, stably over-expressing human PCSK9.";"B";"BAO_0000019";"assay format";"None";"None";"None";"None";"None";"";"";"";"CHEMBL2929";"Proprotein convertase subtilisin/kexin type 9";"Homo sapiens";"SINGLE PROTEIN";"CHEMBL3886461";"37";"BindingDB Patent Bioactivity Data";"";"2016";"None";"";"";"";"20000.0"
"CHEMBL4111131";"";"None";"439.90";"0";"3.23";"BDBM200322";"Cn1ncc(-c2ccc(C(=O)N(c3ncccc3Cl)[C@@H]3CCCNC3)cc2)c1C(=O)O";"IC50";"'>'";"20000.0";"nM";"";"";"356383";"UO_0000065";"";"";"";"";"0";"CHEMBL3887820";"AlphaLISA Assay: An in-vitro AlphaLISA assay (Perkin Elmer) was developed in order to quantitate the level of PCSK9 secreted into the cell culture media following compound treatment. To detect and measure PCSK9 protein an in-house generated anti-PCSK9 antibody was coupled to AlphaLISA acceptor beads by an external vendor (PerkinElmer) and a second internally developed anti-PCSK9 antibody with an epiptope distinct from that of the acceptor beads was biotinylated in house. Streptavidin coated-donor beads (Perkin Elmer) are also included in the assay mixture which then binds the biotinylated anti-PCSK9 antibody and in the presence of PCSK9 this donor complex and acceptor beads are brought into close proximity. Upon excitation of the donor beads at 680 nm singlet oxygen molecules are released that trigger an energy transfer cascade within the acceptor beads resolving as a single peak of light emitted at 615 nm. The ability of compound to modulate PCSK9 protein levels in conditioned media by AlphaLISA was assessed in the human hepatocellular carcinoma cell line Huh7, stably over-expressing human PCSK9.";"B";"BAO_0000019";"assay format";"None";"None";"None";"None";"None";"";"";"";"CHEMBL2929";"Proprotein convertase subtilisin/kexin type 9";"Homo sapiens";"SINGLE PROTEIN";"CHEMBL3886461";"37";"BindingDB Patent Bioactivity Data";"";"2016";"None";"";"";"";"20000.0"
"CHEMBL4114106";"";"None";"453.93";"0";"3.32";"BDBM200325";"COC(=O)c1c(-c2ccc(C(=O)N(c3ncccc3Cl)[C@@H]3CCCNC3)cc2)cnn1C";"IC50";"'='";"1500.0";"nM";"5.82";"";"356386";"UO_0000065";"12.83";"0.25";"2.50";"6.52";"0";"CHEMBL3887820";"AlphaLISA Assay: An in-vitro AlphaLISA assay (Perkin Elmer) was developed in order to quantitate the level of PCSK9 secreted into the cell culture media following compound treatment. To detect and measure PCSK9 protein an in-house generated anti-PCSK9 antibody was coupled to AlphaLISA acceptor beads by an external vendor (PerkinElmer) and a second internally developed anti-PCSK9 antibody with an epiptope distinct from that of the acceptor beads was biotinylated in house. Streptavidin coated-donor beads (Perkin Elmer) are also included in the assay mixture which then binds the biotinylated anti-PCSK9 antibody and in the presence of PCSK9 this donor complex and acceptor beads are brought into close proximity. Upon excitation of the donor beads at 680 nm singlet oxygen molecules are released that trigger an energy transfer cascade within the acceptor beads resolving as a single peak of light emitted at 615 nm. The ability of compound to modulate PCSK9 protein levels in conditioned media by AlphaLISA was assessed in the human hepatocellular carcinoma cell line Huh7, stably over-expressing human PCSK9.";"B";"BAO_0000019";"assay format";"None";"None";"None";"None";"None";"";"";"";"CHEMBL2929";"Proprotein convertase subtilisin/kexin type 9";"Homo sapiens";"SINGLE PROTEIN";"CHEMBL3886461";"37";"BindingDB Patent Bioactivity Data";"";"2016";"None";"";"";"";"1500.0"
"CHEMBL4109308";"";"None";"433.90";"0";"3.26";"BDBM200332";"O=C(c1ccc(-n2nnc3cccnc32)cc1)N(c1ncccc1Cl)[C@@H]1CCCNC1";"IC50";"'='";"800.0";"nM";"6.10";"";"356393";"UO_0000065";"14.05";"0.27";"2.84";"6.86";"0";"CHEMBL3887820";"AlphaLISA Assay: An in-vitro AlphaLISA assay (Perkin Elmer) was developed in order to quantitate the level of PCSK9 secreted into the cell culture media following compound treatment. To detect and measure PCSK9 protein an in-house generated anti-PCSK9 antibody was coupled to AlphaLISA acceptor beads by an external vendor (PerkinElmer) and a second internally developed anti-PCSK9 antibody with an epiptope distinct from that of the acceptor beads was biotinylated in house. Streptavidin coated-donor beads (Perkin Elmer) are also included in the assay mixture which then binds the biotinylated anti-PCSK9 antibody and in the presence of PCSK9 this donor complex and acceptor beads are brought into close proximity. Upon excitation of the donor beads at 680 nm singlet oxygen molecules are released that trigger an energy transfer cascade within the acceptor beads resolving as a single peak of light emitted at 615 nm. The ability of compound to modulate PCSK9 protein levels in conditioned media by AlphaLISA was assessed in the human hepatocellular carcinoma cell line Huh7, stably over-expressing human PCSK9.";"B";"BAO_0000019";"assay format";"None";"None";"None";"None";"None";"";"";"";"CHEMBL2929";"Proprotein convertase subtilisin/kexin type 9";"Homo sapiens";"SINGLE PROTEIN";"CHEMBL3886461";"37";"BindingDB Patent Bioactivity Data";"";"2016";"None";"";"";"";"800.0"
"CHEMBL3931881";"";"None";"559.63";"2";"3.53";"BDBM200346";"CCOC(=O)O[C@@H](C)n1nnc(-c2c(-c3ccc(C(=O)N(c4ncccc4C)[C@@H]4CCCNC4)cc3)cnn2C)n1";"IC50";"'>'";"16700.0";"nM";"";"";"356404";"UO_0000065";"";"";"";"";"0";"CHEMBL3887820";"AlphaLISA Assay: An in-vitro AlphaLISA assay (Perkin Elmer) was developed in order to quantitate the level of PCSK9 secreted into the cell culture media following compound treatment. To detect and measure PCSK9 protein an in-house generated anti-PCSK9 antibody was coupled to AlphaLISA acceptor beads by an external vendor (PerkinElmer) and a second internally developed anti-PCSK9 antibody with an epiptope distinct from that of the acceptor beads was biotinylated in house. Streptavidin coated-donor beads (Perkin Elmer) are also included in the assay mixture which then binds the biotinylated anti-PCSK9 antibody and in the presence of PCSK9 this donor complex and acceptor beads are brought into close proximity. Upon excitation of the donor beads at 680 nm singlet oxygen molecules are released that trigger an energy transfer cascade within the acceptor beads resolving as a single peak of light emitted at 615 nm. The ability of compound to modulate PCSK9 protein levels in conditioned media by AlphaLISA was assessed in the human hepatocellular carcinoma cell line Huh7, stably over-expressing human PCSK9.";"B";"BAO_0000019";"assay format";"None";"None";"None";"None";"None";"";"";"";"CHEMBL2929";"Proprotein convertase subtilisin/kexin type 9";"Homo sapiens";"SINGLE PROTEIN";"CHEMBL3886461";"37";"BindingDB Patent Bioactivity Data";"";"2016";"None";"";"";"";"16700.0"
"CHEMBL4112849";"";"None";"573.66";"2";"3.92";"BDBM200348";"CCOC(=O)OC(CC)n1nnc(-c2c(-c3ccc(C(=O)N(c4ncccc4C)[C@@H]4CCCNC4)cc3)cnn2C)n1";"IC50";"'>'";"20000.0";"nM";"";"";"356407";"UO_0000065";"";"";"";"";"0";"CHEMBL3887820";"AlphaLISA Assay: An in-vitro AlphaLISA assay (Perkin Elmer) was developed in order to quantitate the level of PCSK9 secreted into the cell culture media following compound treatment. To detect and measure PCSK9 protein an in-house generated anti-PCSK9 antibody was coupled to AlphaLISA acceptor beads by an external vendor (PerkinElmer) and a second internally developed anti-PCSK9 antibody with an epiptope distinct from that of the acceptor beads was biotinylated in house. Streptavidin coated-donor beads (Perkin Elmer) are also included in the assay mixture which then binds the biotinylated anti-PCSK9 antibody and in the presence of PCSK9 this donor complex and acceptor beads are brought into close proximity. Upon excitation of the donor beads at 680 nm singlet oxygen molecules are released that trigger an energy transfer cascade within the acceptor beads resolving as a single peak of light emitted at 615 nm. The ability of compound to modulate PCSK9 protein levels in conditioned media by AlphaLISA was assessed in the human hepatocellular carcinoma cell line Huh7, stably over-expressing human PCSK9.";"B";"BAO_0000019";"assay format";"None";"None";"None";"None";"None";"";"";"";"CHEMBL2929";"Proprotein convertase subtilisin/kexin type 9";"Homo sapiens";"SINGLE PROTEIN";"CHEMBL3886461";"37";"BindingDB Patent Bioactivity Data";"";"2016";"None";"";"";"";"20000.0"
"CHEMBL4111921";"";"None";"601.71";"2";"4.56";"BDBM200352";"CCOC(=O)OC(n1nnc(-c2c(-c3ccc(C(=O)N(c4ncccc4C)[C@@H]4CCCNC4)cc3)cnn2C)n1)C(C)(C)C";"IC50";"'='";"22900.0";"nM";"4.64";"";"356456";"UO_0000065";"7.71";"0.14";"0.08";"3.26";"0";"CHEMBL3887821";"Cell Free Assay: In order to eliminate the permeability barrier inherent to the WT7 and SCHH cell-based assays a cell-free system was also established to access compound activity. A sequence containing the full length human PCSK9 (NCBI reference identifier, NM-174936.3, where coding sequence start annotated at position 363) along with 84 additional 3â¿² nucleotides, comprising a V5 tag and polylinkinker followed by an in frame modified firefly luciferase reporter (corresponding to nucleotide positions 283-1929 of pGL3, Gen Bank reference identifier JN542721.1) was cloned into the pT7CFE1 expression vector (ThermoScientific). The construct was then in-vitro transcribed using the MEGAscript T7 Kit (Life Technologies) and RNA subsequently purified incorporating the MEGAclear Kit (Life Technologies) according to manufacturer's protocols. HeLa cell lysates were prepared following the protocols described by Mikami (reference is Cell-Free Protein Synthesis Systems with Extracts from Cultured Human Cells, S. Mikami, T. Kobayashi and H. Imataka; from Methods in Molecular Biology, vol. 607, pages 43-52, Y. Endo et al. (eds.), Humana Press, 2010) with the following modifications.";"B";"BAO_0000219";"cell-based format";"None";"None";"None";"HeLa";"None";"";"";"";"CHEMBL2929";"Proprotein convertase subtilisin/kexin type 9";"Homo sapiens";"SINGLE PROTEIN";"CHEMBL3886461";"37";"BindingDB Patent Bioactivity Data";"";"2016";"CHEMBL3308376";"";"";"";"22900.0"
"CHEMBL4113630";"";"None";"601.71";"2";"4.56";"BDBM200358";"Cc1cccnc1N(C(=O)c1ccc(-c2cnn(C)c2-c2nnn(C(OC(=O)OC(C)C)C(C)C)n2)cc1)[C@@H]1CCCNC1";"IC50";"'='";"7380.0";"nM";"5.13";"";"356461";"UO_0000065";"8.53";"0.16";"0.57";"3.61";"0";"CHEMBL3887821";"Cell Free Assay: In order to eliminate the permeability barrier inherent to the WT7 and SCHH cell-based assays a cell-free system was also established to access compound activity. A sequence containing the full length human PCSK9 (NCBI reference identifier, NM-174936.3, where coding sequence start annotated at position 363) along with 84 additional 3â¿² nucleotides, comprising a V5 tag and polylinkinker followed by an in frame modified firefly luciferase reporter (corresponding to nucleotide positions 283-1929 of pGL3, Gen Bank reference identifier JN542721.1) was cloned into the pT7CFE1 expression vector (ThermoScientific). The construct was then in-vitro transcribed using the MEGAscript T7 Kit (Life Technologies) and RNA subsequently purified incorporating the MEGAclear Kit (Life Technologies) according to manufacturer's protocols. HeLa cell lysates were prepared following the protocols described by Mikami (reference is Cell-Free Protein Synthesis Systems with Extracts from Cultured Human Cells, S. Mikami, T. Kobayashi and H. Imataka; from Methods in Molecular Biology, vol. 607, pages 43-52, Y. Endo et al. (eds.), Humana Press, 2010) with the following modifications.";"B";"BAO_0000219";"cell-based format";"None";"None";"None";"HeLa";"None";"";"";"";"CHEMBL2929";"Proprotein convertase subtilisin/kexin type 9";"Homo sapiens";"SINGLE PROTEIN";"CHEMBL3886461";"37";"BindingDB Patent Bioactivity Data";"";"2016";"CHEMBL3308376";"";"";"";"7380.0"
"CHEMBL4108765";"";"None";"543.63";"2";"3.31";"BDBM200360";"CCC(=O)OC(C)n1nnc(-c2c(-c3ccc(C(=O)N(c4ncccc4C)[C@@H]4CCCNC4)cc3)cnn2C)n1";"IC50";"'='";"25100.0";"nM";"4.60";"";"356464";"UO_0000065";"8.46";"0.16";"1.29";"3.46";"0";"CHEMBL3887821";"Cell Free Assay: In order to eliminate the permeability barrier inherent to the WT7 and SCHH cell-based assays a cell-free system was also established to access compound activity. A sequence containing the full length human PCSK9 (NCBI reference identifier, NM-174936.3, where coding sequence start annotated at position 363) along with 84 additional 3â¿² nucleotides, comprising a V5 tag and polylinkinker followed by an in frame modified firefly luciferase reporter (corresponding to nucleotide positions 283-1929 of pGL3, Gen Bank reference identifier JN542721.1) was cloned into the pT7CFE1 expression vector (ThermoScientific). The construct was then in-vitro transcribed using the MEGAscript T7 Kit (Life Technologies) and RNA subsequently purified incorporating the MEGAclear Kit (Life Technologies) according to manufacturer's protocols. HeLa cell lysates were prepared following the protocols described by Mikami (reference is Cell-Free Protein Synthesis Systems with Extracts from Cultured Human Cells, S. Mikami, T. Kobayashi and H. Imataka; from Methods in Molecular Biology, vol. 607, pages 43-52, Y. Endo et al. (eds.), Humana Press, 2010) with the following modifications.";"B";"BAO_0000219";"cell-based format";"None";"None";"None";"HeLa";"None";"";"";"";"CHEMBL2929";"Proprotein convertase subtilisin/kexin type 9";"Homo sapiens";"SINGLE PROTEIN";"CHEMBL3886461";"37";"BindingDB Patent Bioactivity Data";"";"2016";"CHEMBL3308376";"";"";"";"25100.0"
"CHEMBL4110896";"";"None";"571.69";"2";"3.95";"BDBM200364";"CCC(=O)OC(C(C)C)n1nnc(-c2c(-c3ccc(C(=O)N(c4ncccc4C)[C@@H]4CCCNC4)cc3)cnn2C)n1";"IC50";"'='";"7680.0";"nM";"5.12";"";"356467";"UO_0000065";"8.95";"0.17";"1.16";"3.85";"0";"CHEMBL3887821";"Cell Free Assay: In order to eliminate the permeability barrier inherent to the WT7 and SCHH cell-based assays a cell-free system was also established to access compound activity. A sequence containing the full length human PCSK9 (NCBI reference identifier, NM-174936.3, where coding sequence start annotated at position 363) along with 84 additional 3â¿² nucleotides, comprising a V5 tag and polylinkinker followed by an in frame modified firefly luciferase reporter (corresponding to nucleotide positions 283-1929 of pGL3, Gen Bank reference identifier JN542721.1) was cloned into the pT7CFE1 expression vector (ThermoScientific). The construct was then in-vitro transcribed using the MEGAscript T7 Kit (Life Technologies) and RNA subsequently purified incorporating the MEGAclear Kit (Life Technologies) according to manufacturer's protocols. HeLa cell lysates were prepared following the protocols described by Mikami (reference is Cell-Free Protein Synthesis Systems with Extracts from Cultured Human Cells, S. Mikami, T. Kobayashi and H. Imataka; from Methods in Molecular Biology, vol. 607, pages 43-52, Y. Endo et al. (eds.), Humana Press, 2010) with the following modifications.";"B";"BAO_0000219";"cell-based format";"None";"None";"None";"HeLa";"None";"";"";"";"CHEMBL2929";"Proprotein convertase subtilisin/kexin type 9";"Homo sapiens";"SINGLE PROTEIN";"CHEMBL3886461";"37";"BindingDB Patent Bioactivity Data";"";"2016";"CHEMBL3308376";"";"";"";"7680.0"
"CHEMBL4110896";"";"None";"571.69";"2";"3.95";"BDBM200364";"CCC(=O)OC(C(C)C)n1nnc(-c2c(-c3ccc(C(=O)N(c4ncccc4C)[C@@H]4CCCNC4)cc3)cnn2C)n1";"IC50";"'='";"15400.0";"nM";"4.81";"";"356468";"UO_0000065";"8.42";"0.16";"0.86";"3.62";"0";"CHEMBL3887821";"Cell Free Assay: In order to eliminate the permeability barrier inherent to the WT7 and SCHH cell-based assays a cell-free system was also established to access compound activity. A sequence containing the full length human PCSK9 (NCBI reference identifier, NM-174936.3, where coding sequence start annotated at position 363) along with 84 additional 3â¿² nucleotides, comprising a V5 tag and polylinkinker followed by an in frame modified firefly luciferase reporter (corresponding to nucleotide positions 283-1929 of pGL3, Gen Bank reference identifier JN542721.1) was cloned into the pT7CFE1 expression vector (ThermoScientific). The construct was then in-vitro transcribed using the MEGAscript T7 Kit (Life Technologies) and RNA subsequently purified incorporating the MEGAclear Kit (Life Technologies) according to manufacturer's protocols. HeLa cell lysates were prepared following the protocols described by Mikami (reference is Cell-Free Protein Synthesis Systems with Extracts from Cultured Human Cells, S. Mikami, T. Kobayashi and H. Imataka; from Methods in Molecular Biology, vol. 607, pages 43-52, Y. Endo et al. (eds.), Humana Press, 2010) with the following modifications.";"B";"BAO_0000219";"cell-based format";"None";"None";"None";"HeLa";"None";"";"";"";"CHEMBL2929";"Proprotein convertase subtilisin/kexin type 9";"Homo sapiens";"SINGLE PROTEIN";"CHEMBL3886461";"37";"BindingDB Patent Bioactivity Data";"";"2016";"CHEMBL3308376";"";"";"";"15400.0"
"CHEMBL4107804";"";"None";"412.50";"0";"3.50";"BDBM200316";"Cc1cccnc1N(C(=O)c1ccc(-c2cnn3cccnc23)cc1)[C@@H]1CCCNC1";"IC50";"'='";"3200.0";"nM";"5.50";"";"356377";"UO_0000065";"13.32";"0.24";"1.99";"7.29";"0";"CHEMBL3887820";"AlphaLISA Assay: An in-vitro AlphaLISA assay (Perkin Elmer) was developed in order to quantitate the level of PCSK9 secreted into the cell culture media following compound treatment. To detect and measure PCSK9 protein an in-house generated anti-PCSK9 antibody was coupled to AlphaLISA acceptor beads by an external vendor (PerkinElmer) and a second internally developed anti-PCSK9 antibody with an epiptope distinct from that of the acceptor beads was biotinylated in house. Streptavidin coated-donor beads (Perkin Elmer) are also included in the assay mixture which then binds the biotinylated anti-PCSK9 antibody and in the presence of PCSK9 this donor complex and acceptor beads are brought into close proximity. Upon excitation of the donor beads at 680 nm singlet oxygen molecules are released that trigger an energy transfer cascade within the acceptor beads resolving as a single peak of light emitted at 615 nm. The ability of compound to modulate PCSK9 protein levels in conditioned media by AlphaLISA was assessed in the human hepatocellular carcinoma cell line Huh7, stably over-expressing human PCSK9.";"B";"BAO_0000019";"assay format";"None";"None";"None";"None";"None";"";"";"";"CHEMBL2929";"Proprotein convertase subtilisin/kexin type 9";"Homo sapiens";"SINGLE PROTEIN";"CHEMBL3886461";"37";"BindingDB Patent Bioactivity Data";"";"2016";"None";"";"";"";"3200.0"
"CHEMBL4114159";"";"None";"447.93";"0";"3.57";"BDBM200318";"Cc1cnc2c(c1)nnn2-c1ccc(C(=O)N(c2ncccc2Cl)[C@@H]2CCCNC2)cc1";"IC50";"'='";"800.0";"nM";"6.10";"";"356379";"UO_0000065";"13.61";"0.26";"2.53";"6.86";"0";"CHEMBL3887820";"AlphaLISA Assay: An in-vitro AlphaLISA assay (Perkin Elmer) was developed in order to quantitate the level of PCSK9 secreted into the cell culture media following compound treatment. To detect and measure PCSK9 protein an in-house generated anti-PCSK9 antibody was coupled to AlphaLISA acceptor beads by an external vendor (PerkinElmer) and a second internally developed anti-PCSK9 antibody with an epiptope distinct from that of the acceptor beads was biotinylated in house. Streptavidin coated-donor beads (Perkin Elmer) are also included in the assay mixture which then binds the biotinylated anti-PCSK9 antibody and in the presence of PCSK9 this donor complex and acceptor beads are brought into close proximity. Upon excitation of the donor beads at 680 nm singlet oxygen molecules are released that trigger an energy transfer cascade within the acceptor beads resolving as a single peak of light emitted at 615 nm. The ability of compound to modulate PCSK9 protein levels in conditioned media by AlphaLISA was assessed in the human hepatocellular carcinoma cell line Huh7, stably over-expressing human PCSK9.";"B";"BAO_0000019";"assay format";"None";"None";"None";"None";"None";"";"";"";"CHEMBL2929";"Proprotein convertase subtilisin/kexin type 9";"Homo sapiens";"SINGLE PROTEIN";"CHEMBL3886461";"37";"BindingDB Patent Bioactivity Data";"";"2016";"None";"";"";"";"800.0"
"CHEMBL4109097";"";"None";"571.63";"1";"4.71";"BDBM200326";"CCOC(=O)OC(C)OC(=O)c1c(-c2ccc(C(=O)N(c3nccc4ccccc34)[C@@H]3CCCNC3)cc2)cnn1C";"IC50";"'='";"11700.0";"nM";"4.93";"";"356387";"UO_0000065";"8.63";"0.16";"0.22";"3.95";"0";"CHEMBL3887820";"AlphaLISA Assay: An in-vitro AlphaLISA assay (Perkin Elmer) was developed in order to quantitate the level of PCSK9 secreted into the cell culture media following compound treatment. To detect and measure PCSK9 protein an in-house generated anti-PCSK9 antibody was coupled to AlphaLISA acceptor beads by an external vendor (PerkinElmer) and a second internally developed anti-PCSK9 antibody with an epiptope distinct from that of the acceptor beads was biotinylated in house. Streptavidin coated-donor beads (Perkin Elmer) are also included in the assay mixture which then binds the biotinylated anti-PCSK9 antibody and in the presence of PCSK9 this donor complex and acceptor beads are brought into close proximity. Upon excitation of the donor beads at 680 nm singlet oxygen molecules are released that trigger an energy transfer cascade within the acceptor beads resolving as a single peak of light emitted at 615 nm. The ability of compound to modulate PCSK9 protein levels in conditioned media by AlphaLISA was assessed in the human hepatocellular carcinoma cell line Huh7, stably over-expressing human PCSK9.";"B";"BAO_0000019";"assay format";"None";"None";"None";"None";"None";"";"";"";"CHEMBL2929";"Proprotein convertase subtilisin/kexin type 9";"Homo sapiens";"SINGLE PROTEIN";"CHEMBL3886461";"37";"BindingDB Patent Bioactivity Data";"";"2016";"None";"";"";"";"11700.0"
"CHEMBL4108186";"";"None";"459.51";"0";"2.53";"BDBM200334";"Cc1cccnc1N(C(=O)c1ccc(-c2cnn(C)c2-c2noc(=O)[nH]2)cc1)[C@@H]1CCCNC1";"IC50";"'>'";"20000.0";"nM";"";"";"356395";"UO_0000065";"";"";"";"";"0";"CHEMBL3887820";"AlphaLISA Assay: An in-vitro AlphaLISA assay (Perkin Elmer) was developed in order to quantitate the level of PCSK9 secreted into the cell culture media following compound treatment. To detect and measure PCSK9 protein an in-house generated anti-PCSK9 antibody was coupled to AlphaLISA acceptor beads by an external vendor (PerkinElmer) and a second internally developed anti-PCSK9 antibody with an epiptope distinct from that of the acceptor beads was biotinylated in house. Streptavidin coated-donor beads (Perkin Elmer) are also included in the assay mixture which then binds the biotinylated anti-PCSK9 antibody and in the presence of PCSK9 this donor complex and acceptor beads are brought into close proximity. Upon excitation of the donor beads at 680 nm singlet oxygen molecules are released that trigger an energy transfer cascade within the acceptor beads resolving as a single peak of light emitted at 615 nm. The ability of compound to modulate PCSK9 protein levels in conditioned media by AlphaLISA was assessed in the human hepatocellular carcinoma cell line Huh7, stably over-expressing human PCSK9.";"B";"BAO_0000019";"assay format";"None";"None";"None";"None";"None";"";"";"";"CHEMBL2929";"Proprotein convertase subtilisin/kexin type 9";"Homo sapiens";"SINGLE PROTEIN";"CHEMBL3886461";"37";"BindingDB Patent Bioactivity Data";"";"2016";"None";"";"";"";"20000.0"
"CHEMBL4108765";"";"None";"543.63";"2";"3.31";"BDBM200360";"CCC(=O)OC(C)n1nnc(-c2c(-c3ccc(C(=O)N(c4ncccc4C)[C@@H]4CCCNC4)cc3)cnn2C)n1";"IC50";"'>'";"20000.0";"nM";"";"";"356418";"UO_0000065";"";"";"";"";"0";"CHEMBL3887820";"AlphaLISA Assay: An in-vitro AlphaLISA assay (Perkin Elmer) was developed in order to quantitate the level of PCSK9 secreted into the cell culture media following compound treatment. To detect and measure PCSK9 protein an in-house generated anti-PCSK9 antibody was coupled to AlphaLISA acceptor beads by an external vendor (PerkinElmer) and a second internally developed anti-PCSK9 antibody with an epiptope distinct from that of the acceptor beads was biotinylated in house. Streptavidin coated-donor beads (Perkin Elmer) are also included in the assay mixture which then binds the biotinylated anti-PCSK9 antibody and in the presence of PCSK9 this donor complex and acceptor beads are brought into close proximity. Upon excitation of the donor beads at 680 nm singlet oxygen molecules are released that trigger an energy transfer cascade within the acceptor beads resolving as a single peak of light emitted at 615 nm. The ability of compound to modulate PCSK9 protein levels in conditioned media by AlphaLISA was assessed in the human hepatocellular carcinoma cell line Huh7, stably over-expressing human PCSK9.";"B";"BAO_0000019";"assay format";"None";"None";"None";"None";"None";"";"";"";"CHEMBL2929";"Proprotein convertase subtilisin/kexin type 9";"Homo sapiens";"SINGLE PROTEIN";"CHEMBL3886461";"37";"BindingDB Patent Bioactivity Data";"";"2016";"None";"";"";"";"20000.0"
"CHEMBL4108765";"";"None";"543.63";"2";"3.31";"BDBM200360";"CCC(=O)OC(C)n1nnc(-c2c(-c3ccc(C(=O)N(c4ncccc4C)[C@@H]4CCCNC4)cc3)cnn2C)n1";"IC50";"'>'";"20000.0";"nM";"";"";"356419";"UO_0000065";"";"";"";"";"0";"CHEMBL3887820";"AlphaLISA Assay: An in-vitro AlphaLISA assay (Perkin Elmer) was developed in order to quantitate the level of PCSK9 secreted into the cell culture media following compound treatment. To detect and measure PCSK9 protein an in-house generated anti-PCSK9 antibody was coupled to AlphaLISA acceptor beads by an external vendor (PerkinElmer) and a second internally developed anti-PCSK9 antibody with an epiptope distinct from that of the acceptor beads was biotinylated in house. Streptavidin coated-donor beads (Perkin Elmer) are also included in the assay mixture which then binds the biotinylated anti-PCSK9 antibody and in the presence of PCSK9 this donor complex and acceptor beads are brought into close proximity. Upon excitation of the donor beads at 680 nm singlet oxygen molecules are released that trigger an energy transfer cascade within the acceptor beads resolving as a single peak of light emitted at 615 nm. The ability of compound to modulate PCSK9 protein levels in conditioned media by AlphaLISA was assessed in the human hepatocellular carcinoma cell line Huh7, stably over-expressing human PCSK9.";"B";"BAO_0000019";"assay format";"None";"None";"None";"None";"None";"";"";"";"CHEMBL2929";"Proprotein convertase subtilisin/kexin type 9";"Homo sapiens";"SINGLE PROTEIN";"CHEMBL3886461";"37";"BindingDB Patent Bioactivity Data";"";"2016";"None";"";"";"";"20000.0"
"CHEMBL4109909";"";"None";"557.66";"2";"3.70";"BDBM200362";"CCC(=O)OC(CC)n1nnc(-c2c(-c3ccc(C(=O)N(c4ncccc4C)[C@@H]4CCCNC4)cc3)cnn2C)n1";"IC50";"'>'";"20000.0";"nM";"";"";"356421";"UO_0000065";"";"";"";"";"0";"CHEMBL3887820";"AlphaLISA Assay: An in-vitro AlphaLISA assay (Perkin Elmer) was developed in order to quantitate the level of PCSK9 secreted into the cell culture media following compound treatment. To detect and measure PCSK9 protein an in-house generated anti-PCSK9 antibody was coupled to AlphaLISA acceptor beads by an external vendor (PerkinElmer) and a second internally developed anti-PCSK9 antibody with an epiptope distinct from that of the acceptor beads was biotinylated in house. Streptavidin coated-donor beads (Perkin Elmer) are also included in the assay mixture which then binds the biotinylated anti-PCSK9 antibody and in the presence of PCSK9 this donor complex and acceptor beads are brought into close proximity. Upon excitation of the donor beads at 680 nm singlet oxygen molecules are released that trigger an energy transfer cascade within the acceptor beads resolving as a single peak of light emitted at 615 nm. The ability of compound to modulate PCSK9 protein levels in conditioned media by AlphaLISA was assessed in the human hepatocellular carcinoma cell line Huh7, stably over-expressing human PCSK9.";"B";"BAO_0000019";"assay format";"None";"None";"None";"None";"None";"";"";"";"CHEMBL2929";"Proprotein convertase subtilisin/kexin type 9";"Homo sapiens";"SINGLE PROTEIN";"CHEMBL3886461";"37";"BindingDB Patent Bioactivity Data";"";"2016";"None";"";"";"";"20000.0"
"CHEMBL4641251";"";"None";"932.84";"2";"6.93";"Example 172";"CNCc1ncc(-c2ccc(Oc3cc(Cl)cc(F)c3CN3C(=O)C[C@@H](CC(F)(F)F)C(=O)N4CCC[C@@](Cc5ccc(Cl)cc5)(C4)N(C)C(=O)[C@H](COC)NC(=O)[C@@H]3C)cc2)n1C";"IC50";"'='";"0.57";"nM";"9.24";"";"";"UO_0000065";"9.91";"0.20";"2.31";"6.68";"0";"CHEMBL4622704";"Inhibition of human PCSK9 by Alexa Fluor 647 staining based TR-FRET assay";"B";"BAO_0000357";"single protein format";"Homo sapiens";"None";"None";"None";"None";"";"";"";"CHEMBL2929";"Proprotein convertase subtilisin/kexin type 9";"Homo sapiens";"SINGLE PROTEIN";"CHEMBL4619822";"1";"Scientific Literature";"ACS Med Chem Lett";"2020";"None";"";"";"";"0.00057"
"CHEMBL4108567";"";"None";"455.52";"0";"3.73";"BDBM200319";"Cn1ncc(-c2ccc(C(=O)N(c3nccc4ccccc34)[C@@H]3CCCNC3)cc2)c1C(=O)O";"IC50";"'='";"3800.0";"nM";"5.42";"";"356432";"UO_0000065";"11.90";"0.22";"1.69";"5.40";"0";"CHEMBL3887821";"Cell Free Assay: In order to eliminate the permeability barrier inherent to the WT7 and SCHH cell-based assays a cell-free system was also established to access compound activity. A sequence containing the full length human PCSK9 (NCBI reference identifier, NM-174936.3, where coding sequence start annotated at position 363) along with 84 additional 3â¿² nucleotides, comprising a V5 tag and polylinkinker followed by an in frame modified firefly luciferase reporter (corresponding to nucleotide positions 283-1929 of pGL3, Gen Bank reference identifier JN542721.1) was cloned into the pT7CFE1 expression vector (ThermoScientific). The construct was then in-vitro transcribed using the MEGAscript T7 Kit (Life Technologies) and RNA subsequently purified incorporating the MEGAclear Kit (Life Technologies) according to manufacturer's protocols. HeLa cell lysates were prepared following the protocols described by Mikami (reference is Cell-Free Protein Synthesis Systems with Extracts from Cultured Human Cells, S. Mikami, T. Kobayashi and H. Imataka; from Methods in Molecular Biology, vol. 607, pages 43-52, Y. Endo et al. (eds.), Humana Press, 2010) with the following modifications.";"B";"BAO_0000219";"cell-based format";"None";"None";"None";"HeLa";"None";"";"";"";"CHEMBL2929";"Proprotein convertase subtilisin/kexin type 9";"Homo sapiens";"SINGLE PROTEIN";"CHEMBL3886461";"37";"BindingDB Patent Bioactivity Data";"";"2016";"CHEMBL3308376";"";"";"";"3800.0"
"CHEMBL4113630";"";"None";"601.71";"2";"4.56";"BDBM200358";"Cc1cccnc1N(C(=O)c1ccc(-c2cnn(C)c2-c2nnn(C(OC(=O)OC(C)C)C(C)C)n2)cc1)[C@@H]1CCCNC1";"IC50";"'>'";"20000.0";"nM";"";"";"356417";"UO_0000065";"";"";"";"";"0";"CHEMBL3887820";"AlphaLISA Assay: An in-vitro AlphaLISA assay (Perkin Elmer) was developed in order to quantitate the level of PCSK9 secreted into the cell culture media following compound treatment. To detect and measure PCSK9 protein an in-house generated anti-PCSK9 antibody was coupled to AlphaLISA acceptor beads by an external vendor (PerkinElmer) and a second internally developed anti-PCSK9 antibody with an epiptope distinct from that of the acceptor beads was biotinylated in house. Streptavidin coated-donor beads (Perkin Elmer) are also included in the assay mixture which then binds the biotinylated anti-PCSK9 antibody and in the presence of PCSK9 this donor complex and acceptor beads are brought into close proximity. Upon excitation of the donor beads at 680 nm singlet oxygen molecules are released that trigger an energy transfer cascade within the acceptor beads resolving as a single peak of light emitted at 615 nm. The ability of compound to modulate PCSK9 protein levels in conditioned media by AlphaLISA was assessed in the human hepatocellular carcinoma cell line Huh7, stably over-expressing human PCSK9.";"B";"BAO_0000019";"assay format";"None";"None";"None";"None";"None";"";"";"";"CHEMBL2929";"Proprotein convertase subtilisin/kexin type 9";"Homo sapiens";"SINGLE PROTEIN";"CHEMBL3886461";"37";"BindingDB Patent Bioactivity Data";"";"2016";"None";"";"";"";"20000.0"
"CHEMBL3319503";"";"None";"280.76";"0";"4.89";"3";"Clc1ccc2[nH]cc(Cc3cc4ccccc4[nH]3)c2c1";"IC50";"'='";"10000.0";"nM";"5.00";"";"";"UO_0000065";"17.81";"0.34";"0.11";"15.83";"0";"CHEMBL4434276";"Inhibition of human PCSK9 in HepG2 cells incubated for 48 hrs by AlphaLISA assay";"B";"BAO_0000219";"cell-based format";"Homo sapiens";"None";"None";"HepG2";"None";"";"";"";"CHEMBL2929";"Proprotein convertase subtilisin/kexin type 9";"Homo sapiens";"SINGLE PROTEIN";"CHEMBL4433247";"1";"Scientific Literature";"Bioorg Med Chem Lett";"2019";"CHEMBL3307718";"";"";"";"10.0"
"CHEMBL4111131";"";"None";"439.90";"0";"3.23";"BDBM200322";"Cn1ncc(-c2ccc(C(=O)N(c3ncccc3Cl)[C@@H]3CCCNC3)cc2)c1C(=O)O";"IC50";"'='";"18000.0";"nM";"4.75";"";"356434";"UO_0000065";"10.79";"0.21";"1.51";"4.73";"0";"CHEMBL3887821";"Cell Free Assay: In order to eliminate the permeability barrier inherent to the WT7 and SCHH cell-based assays a cell-free system was also established to access compound activity. A sequence containing the full length human PCSK9 (NCBI reference identifier, NM-174936.3, where coding sequence start annotated at position 363) along with 84 additional 3â¿² nucleotides, comprising a V5 tag and polylinkinker followed by an in frame modified firefly luciferase reporter (corresponding to nucleotide positions 283-1929 of pGL3, Gen Bank reference identifier JN542721.1) was cloned into the pT7CFE1 expression vector (ThermoScientific). The construct was then in-vitro transcribed using the MEGAscript T7 Kit (Life Technologies) and RNA subsequently purified incorporating the MEGAclear Kit (Life Technologies) according to manufacturer's protocols. HeLa cell lysates were prepared following the protocols described by Mikami (reference is Cell-Free Protein Synthesis Systems with Extracts from Cultured Human Cells, S. Mikami, T. Kobayashi and H. Imataka; from Methods in Molecular Biology, vol. 607, pages 43-52, Y. Endo et al. (eds.), Humana Press, 2010) with the following modifications.";"B";"BAO_0000219";"cell-based format";"None";"None";"None";"HeLa";"None";"";"";"";"CHEMBL2929";"Proprotein convertase subtilisin/kexin type 9";"Homo sapiens";"SINGLE PROTEIN";"CHEMBL3886461";"37";"BindingDB Patent Bioactivity Data";"";"2016";"CHEMBL3308376";"";"";"";"18000.0"
"CHEMBL4110311";"";"None";"556.02";"1";"4.21";"BDBM200323";"CCOC(=O)OC(C)OC(=O)c1c(-c2ccc(C(=O)N(c3ncccc3Cl)[C@@H]3CCCNC3)cc2)cnn1C";"IC50";"'='";"3700.0";"nM";"5.43";"";"356435";"UO_0000065";"9.77";"0.19";"1.22";"4.35";"0";"CHEMBL3887821";"Cell Free Assay: In order to eliminate the permeability barrier inherent to the WT7 and SCHH cell-based assays a cell-free system was also established to access compound activity. A sequence containing the full length human PCSK9 (NCBI reference identifier, NM-174936.3, where coding sequence start annotated at position 363) along with 84 additional 3â¿² nucleotides, comprising a V5 tag and polylinkinker followed by an in frame modified firefly luciferase reporter (corresponding to nucleotide positions 283-1929 of pGL3, Gen Bank reference identifier JN542721.1) was cloned into the pT7CFE1 expression vector (ThermoScientific). The construct was then in-vitro transcribed using the MEGAscript T7 Kit (Life Technologies) and RNA subsequently purified incorporating the MEGAclear Kit (Life Technologies) according to manufacturer's protocols. HeLa cell lysates were prepared following the protocols described by Mikami (reference is Cell-Free Protein Synthesis Systems with Extracts from Cultured Human Cells, S. Mikami, T. Kobayashi and H. Imataka; from Methods in Molecular Biology, vol. 607, pages 43-52, Y. Endo et al. (eds.), Humana Press, 2010) with the following modifications.";"B";"BAO_0000219";"cell-based format";"None";"None";"None";"HeLa";"None";"";"";"";"CHEMBL2929";"Proprotein convertase subtilisin/kexin type 9";"Homo sapiens";"SINGLE PROTEIN";"CHEMBL3886461";"37";"BindingDB Patent Bioactivity Data";"";"2016";"CHEMBL3308376";"";"";"";"3700.0"
"CHEMBL4114106";"";"None";"453.93";"0";"3.32";"BDBM200325";"COC(=O)c1c(-c2ccc(C(=O)N(c3ncccc3Cl)[C@@H]3CCCNC3)cc2)cnn1C";"IC50";"'='";"640.0";"nM";"6.19";"";"356436";"UO_0000065";"13.64";"0.26";"2.87";"6.93";"0";"CHEMBL3887821";"Cell Free Assay: In order to eliminate the permeability barrier inherent to the WT7 and SCHH cell-based assays a cell-free system was also established to access compound activity. A sequence containing the full length human PCSK9 (NCBI reference identifier, NM-174936.3, where coding sequence start annotated at position 363) along with 84 additional 3â¿² nucleotides, comprising a V5 tag and polylinkinker followed by an in frame modified firefly luciferase reporter (corresponding to nucleotide positions 283-1929 of pGL3, Gen Bank reference identifier JN542721.1) was cloned into the pT7CFE1 expression vector (ThermoScientific). The construct was then in-vitro transcribed using the MEGAscript T7 Kit (Life Technologies) and RNA subsequently purified incorporating the MEGAclear Kit (Life Technologies) according to manufacturer's protocols. HeLa cell lysates were prepared following the protocols described by Mikami (reference is Cell-Free Protein Synthesis Systems with Extracts from Cultured Human Cells, S. Mikami, T. Kobayashi and H. Imataka; from Methods in Molecular Biology, vol. 607, pages 43-52, Y. Endo et al. (eds.), Humana Press, 2010) with the following modifications.";"B";"BAO_0000219";"cell-based format";"None";"None";"None";"HeLa";"None";"";"";"";"CHEMBL2929";"Proprotein convertase subtilisin/kexin type 9";"Homo sapiens";"SINGLE PROTEIN";"CHEMBL3886461";"37";"BindingDB Patent Bioactivity Data";"";"2016";"CHEMBL3308376";"";"";"";"640.0"
"CHEMBL4115360";"";"None";"570.98";"1";"3.11";"BDBM200338";"Cn1ncc(-c2ccc(C(=O)N(c3ncccc3Cl)[C@@H]3CCCNC3)cc2)c1C(=O)NS(=O)(=O)C(F)(F)F";"IC50";"'='";"5800.0";"nM";"5.24";"";"356445";"UO_0000065";"9.17";"0.19";"2.13";"4.15";"0";"CHEMBL3887821";"Cell Free Assay: In order to eliminate the permeability barrier inherent to the WT7 and SCHH cell-based assays a cell-free system was also established to access compound activity. A sequence containing the full length human PCSK9 (NCBI reference identifier, NM-174936.3, where coding sequence start annotated at position 363) along with 84 additional 3â¿² nucleotides, comprising a V5 tag and polylinkinker followed by an in frame modified firefly luciferase reporter (corresponding to nucleotide positions 283-1929 of pGL3, Gen Bank reference identifier JN542721.1) was cloned into the pT7CFE1 expression vector (ThermoScientific). The construct was then in-vitro transcribed using the MEGAscript T7 Kit (Life Technologies) and RNA subsequently purified incorporating the MEGAclear Kit (Life Technologies) according to manufacturer's protocols. HeLa cell lysates were prepared following the protocols described by Mikami (reference is Cell-Free Protein Synthesis Systems with Extracts from Cultured Human Cells, S. Mikami, T. Kobayashi and H. Imataka; from Methods in Molecular Biology, vol. 607, pages 43-52, Y. Endo et al. (eds.), Humana Press, 2010) with the following modifications.";"B";"BAO_0000219";"cell-based format";"None";"None";"None";"HeLa";"None";"";"";"";"CHEMBL2929";"Proprotein convertase subtilisin/kexin type 9";"Homo sapiens";"SINGLE PROTEIN";"CHEMBL3886461";"37";"BindingDB Patent Bioactivity Data";"";"2016";"CHEMBL3308376";"";"";"";"5800.0"
"CHEMBL4109409";"";"None";"463.93";"0";"2.71";"BDBM200342";"Cn1ncc(-c2ccc(C(=O)N(c3ncccc3Cl)[C@@H]3CCCNC3)cc2)c1-c1nn[nH]n1";"IC50";"'='";"5750.0";"nM";"5.24";"";"356448";"UO_0000065";"11.30";"0.22";"2.53";"4.46";"0";"CHEMBL3887821";"Cell Free Assay: In order to eliminate the permeability barrier inherent to the WT7 and SCHH cell-based assays a cell-free system was also established to access compound activity. A sequence containing the full length human PCSK9 (NCBI reference identifier, NM-174936.3, where coding sequence start annotated at position 363) along with 84 additional 3â¿² nucleotides, comprising a V5 tag and polylinkinker followed by an in frame modified firefly luciferase reporter (corresponding to nucleotide positions 283-1929 of pGL3, Gen Bank reference identifier JN542721.1) was cloned into the pT7CFE1 expression vector (ThermoScientific). The construct was then in-vitro transcribed using the MEGAscript T7 Kit (Life Technologies) and RNA subsequently purified incorporating the MEGAclear Kit (Life Technologies) according to manufacturer's protocols. HeLa cell lysates were prepared following the protocols described by Mikami (reference is Cell-Free Protein Synthesis Systems with Extracts from Cultured Human Cells, S. Mikami, T. Kobayashi and H. Imataka; from Methods in Molecular Biology, vol. 607, pages 43-52, Y. Endo et al. (eds.), Humana Press, 2010) with the following modifications.";"B";"BAO_0000219";"cell-based format";"None";"None";"None";"HeLa";"None";"";"";"";"CHEMBL2929";"Proprotein convertase subtilisin/kexin type 9";"Homo sapiens";"SINGLE PROTEIN";"CHEMBL3886461";"37";"BindingDB Patent Bioactivity Data";"";"2016";"CHEMBL3308376";"";"";"";"5750.0"
"CHEMBL4109909";"";"None";"557.66";"2";"3.70";"BDBM200362";"CCC(=O)OC(CC)n1nnc(-c2c(-c3ccc(C(=O)N(c4ncccc4C)[C@@H]4CCCNC4)cc3)cnn2C)n1";"IC50";"'='";"4670.0";"nM";"5.33";"";"356465";"UO_0000065";"9.56";"0.18";"1.63";"4.01";"0";"CHEMBL3887821";"Cell Free Assay: In order to eliminate the permeability barrier inherent to the WT7 and SCHH cell-based assays a cell-free system was also established to access compound activity. A sequence containing the full length human PCSK9 (NCBI reference identifier, NM-174936.3, where coding sequence start annotated at position 363) along with 84 additional 3â¿² nucleotides, comprising a V5 tag and polylinkinker followed by an in frame modified firefly luciferase reporter (corresponding to nucleotide positions 283-1929 of pGL3, Gen Bank reference identifier JN542721.1) was cloned into the pT7CFE1 expression vector (ThermoScientific). The construct was then in-vitro transcribed using the MEGAscript T7 Kit (Life Technologies) and RNA subsequently purified incorporating the MEGAclear Kit (Life Technologies) according to manufacturer's protocols. HeLa cell lysates were prepared following the protocols described by Mikami (reference is Cell-Free Protein Synthesis Systems with Extracts from Cultured Human Cells, S. Mikami, T. Kobayashi and H. Imataka; from Methods in Molecular Biology, vol. 607, pages 43-52, Y. Endo et al. (eds.), Humana Press, 2010) with the following modifications.";"B";"BAO_0000219";"cell-based format";"None";"None";"None";"HeLa";"None";"";"";"";"CHEMBL2929";"Proprotein convertase subtilisin/kexin type 9";"Homo sapiens";"SINGLE PROTEIN";"CHEMBL3886461";"37";"BindingDB Patent Bioactivity Data";"";"2016";"CHEMBL3308376";"";"";"";"4670.0"
"CHEMBL5408894";"";"None";"510.00";"1";"4.66";"30";"O=C(c1ccc(-n2nnc3cccnc32)cc1)N(c1ncccc1Cl)[C@H]1CNC[C@H](c2ccccc2)C1";"IC50";"'>'";"20000.0";"nM";"";"";"";"UO_0000065";"";"";"";"";"0";"CHEMBL5365867";"Inhibition of full length human PCSK9 expressed in human Huh-7 cells by ELISA analysis";"B";"BAO_0000219";"cell-based format";"Homo sapiens";"None";"None";"Huh-7";"None";"";"";"";"CHEMBL2929";"Proprotein convertase subtilisin/kexin type 9";"Homo sapiens";"SINGLE PROTEIN";"CHEMBL5365408";"1";"Scientific Literature";"Bioorg Med Chem Lett";"2023";"None";"";"";"";"20.0"
"CHEMBL5400549";"";"None";"447.93";"0";"3.57";"6";"Cc1ccnc(N(C(=O)c2ccc(-n3nnc4cccnc43)cc2)[C@@H]2CCCNC2)c1Cl";"IC50";"'='";"1090.0";"nM";"5.96";"";"";"UO_0000065";"13.31";"0.25";"2.39";"6.71";"0";"CHEMBL5365867";"Inhibition of full length human PCSK9 expressed in human Huh-7 cells by ELISA analysis";"B";"BAO_0000219";"cell-based format";"Homo sapiens";"None";"None";"Huh-7";"None";"";"";"";"CHEMBL2929";"Proprotein convertase subtilisin/kexin type 9";"Homo sapiens";"SINGLE PROTEIN";"CHEMBL5365408";"1";"Scientific Literature";"Bioorg Med Chem Lett";"2023";"None";"";"INHIBITOR";"";"1.09"
"CHEMBL4108765";"";"None";"543.63";"2";"3.31";"BDBM200360";"CCC(=O)OC(C)n1nnc(-c2c(-c3ccc(C(=O)N(c4ncccc4C)[C@@H]4CCCNC4)cc3)cnn2C)n1";"IC50";"'='";"4390.0";"nM";"5.36";"";"356463";"UO_0000065";"9.86";"0.18";"2.05";"4.03";"0";"CHEMBL3887821";"Cell Free Assay: In order to eliminate the permeability barrier inherent to the WT7 and SCHH cell-based assays a cell-free system was also established to access compound activity. A sequence containing the full length human PCSK9 (NCBI reference identifier, NM-174936.3, where coding sequence start annotated at position 363) along with 84 additional 3â¿² nucleotides, comprising a V5 tag and polylinkinker followed by an in frame modified firefly luciferase reporter (corresponding to nucleotide positions 283-1929 of pGL3, Gen Bank reference identifier JN542721.1) was cloned into the pT7CFE1 expression vector (ThermoScientific). The construct was then in-vitro transcribed using the MEGAscript T7 Kit (Life Technologies) and RNA subsequently purified incorporating the MEGAclear Kit (Life Technologies) according to manufacturer's protocols. HeLa cell lysates were prepared following the protocols described by Mikami (reference is Cell-Free Protein Synthesis Systems with Extracts from Cultured Human Cells, S. Mikami, T. Kobayashi and H. Imataka; from Methods in Molecular Biology, vol. 607, pages 43-52, Y. Endo et al. (eds.), Humana Press, 2010) with the following modifications.";"B";"BAO_0000219";"cell-based format";"None";"None";"None";"HeLa";"None";"";"";"";"CHEMBL2929";"Proprotein convertase subtilisin/kexin type 9";"Homo sapiens";"SINGLE PROTEIN";"CHEMBL3886461";"37";"BindingDB Patent Bioactivity Data";"";"2016";"CHEMBL3308376";"";"";"";"4390.0"
"CHEMBL4127311";"";"None";"436.95";"0";"3.66";"5";"CN(C)c1cncc(-c2ccc(C(=O)N(c3ncccc3Cl)[C@@H]3CCCNC3)cc2)n1";"IC50";"'='";"3000.0";"nM";"5.52";"";"";"UO_0000065";"12.64";"0.24";"1.86";"7.44";"0";"CHEMBL5036230";"Inhibition of PCSK9 translation in human THP-1 cells by AlphaLISA assay";"B";"BAO_0000219";"cell-based format";"Homo sapiens";"None";"None";"THP-1";"None";"";"";"";"CHEMBL2929";"Proprotein convertase subtilisin/kexin type 9";"Homo sapiens";"SINGLE PROTEIN";"CHEMBL5034046";"1";"Scientific Literature";"ACS Med Chem Lett";"2022";"None";"";"INHIBITOR";"";"3.0"
"CHEMBL4130157";"";"None";"448.53";"0";"4.34";"10";"O=C(c1ccc(-c2cnn3cccnc23)cc1)N(c1nccc2ccccc12)[C@@H]1CCCNC1";"IC50";"'='";"1300.0";"nM";"5.89";"";"";"UO_0000065";"13.12";"0.24";"1.55";"7.80";"0";"CHEMBL5036230";"Inhibition of PCSK9 translation in human THP-1 cells by AlphaLISA assay";"B";"BAO_0000219";"cell-based format";"Homo sapiens";"None";"None";"THP-1";"None";"";"";"";"CHEMBL2929";"Proprotein convertase subtilisin/kexin type 9";"Homo sapiens";"SINGLE PROTEIN";"CHEMBL5034046";"1";"Scientific Literature";"ACS Med Chem Lett";"2022";"None";"";"INHIBITOR";"";"1.3"
"CHEMBL6024088";"";"None";"420.51";"0";"3.18";"BDBM425985";"Cc1cnc(N(C(=O)c2ccc(C3=NOC(C)(C)C3=O)cc2)[C@@H]2CCCNC2)c(C)c1";"IC50";"'<'";"10000.0";"nM";"";"";"858663";"UO_0000065";"";"";"";"";"0";"CHEMBL5734738";"In Vitro Screening Experiment: 1. Reagent Preparation:1) Preparation of 1× AlphaLISA test buffer solution:2.5 ml of 10× AlphaLISA test buffer solution was added to 22.5 ml of Milli-Q water to produce the 1× AlphaLISA test buffer solution.2) Preparation of mixture (25 μg/mL/2.5 nM) of 2.5× AlphaLISA Acceptor beads and Biotinylated Antibody Anti-PCSK9:50 μL of 5 mg/mL Alpha LISA Anti-PCSK9 Acceptor beads and 50 μL of 500 nM Biotinylated Antibody Anti-PCSK9 were added to 9,900 μL of 1× AlphaLISA test buffer solution.3) Preparation of 2× Streptavidin (SA) Donor beads (80 μg/mL):200 μL of 5 mg/mL SA-Donor beads was added to 12,300 μL of 1× AlphaLISA test buffer solution.2. Operation Steps:1) DMSO was added to the test compound to produce the 50 μM stock solution, which was then serially diluted into 10 concentrations by 3-fold, and placed in the 384-pore plate;2) PCSK9-Huh7 cells were added in the 384-pore plate, and the cell plate was cultured in the incubator for 20 h;3) 20 μL/pore mixture of 2.5× AlphaLISA Acceptor beads and Biotinylated Antibody Anti-PCSK9 was added, and incubated at 23° C. for 60 min.4) 25 μL/pore 2× Streptavidin (SA) Donor beads were added; and incubated for 30 min at 23° C. (kept in dark place).5) EnVision-Alpha Reader reading:Test condition: Total Measurement Time: 550 ms, Laser 680 nm Excitation Time: 180 ms, Mirror: D640as, Emission Filtered: M570w, Center Wavelength 570 nm, Bandwidth 100 nm, Transmittance 75%.3. Data Analysis:Date was analyzed with Prismsoftware (nonlinear regression (Sigmoidal dose-response-variable slope)Inhibition ratio %=100*(Sample reading−LC reading)/(HC reading−LC reading).";"B";"BAO_0000019";"assay format";"None";"None";"None";"None";"None";"";"";"";"CHEMBL2929";"Proprotein convertase subtilisin/kexin type 9";"Homo sapiens";"SINGLE PROTEIN";"CHEMBL5727468";"37";"BindingDB Patent Bioactivity Data";"";"2019";"None";"";"";"";"10000.0"
"CHEMBL4128250";"";"None";"389.50";"0";"3.96";"1; R-IMPP, PF-00932239";"COc1ccc(CCC(=O)N(c2nccc3ccccc23)[C@@H]2CCCNC2)cc1";"IC50";"'='";"4800.0";"nM";"5.32";"";"";"UO_0000065";"13.66";"0.25";"1.36";"9.77";"0";"CHEMBL4383959";"Inhibition of human recombinant full length ProLabel-tagged PCSK9 expressed in CHO-K1 cells incubated overnight and measured after 3 days by HTS assay";"B";"BAO_0000219";"cell-based format";"Homo sapiens";"None";"None";"CHO-K1";"None";"";"";"";"CHEMBL2929";"Proprotein convertase subtilisin/kexin type 9";"Homo sapiens";"SINGLE PROTEIN";"CHEMBL4382228";"1";"Scientific Literature";"Eur J Med Chem";"2019";"CHEMBL3307512";"";"";"";"4.8"
"CHEMBL4128250";"";"None";"389.50";"0";"3.96";"1; R-IMPP, PF-00932239";"COc1ccc(CCC(=O)N(c2nccc3ccccc23)[C@@H]2CCCNC2)cc1";"IC50";"'<'";"10000.0";"nM";"";"";"";"UO_0000065";"";"";"";"";"0";"CHEMBL4383956";"Inhibition of human recombinant full length ProLabel-tagged PCSK9 expressed in CHO-K1 cells incubated overnight and measured after 3 days by chemiluminescence assay";"B";"BAO_0000219";"cell-based format";"Homo sapiens";"None";"None";"CHO-K1";"None";"";"";"";"CHEMBL2929";"Proprotein convertase subtilisin/kexin type 9";"Homo sapiens";"SINGLE PROTEIN";"CHEMBL4382228";"1";"Scientific Literature";"Eur J Med Chem";"2019";"CHEMBL3307512";"";"";"";"10.0"
"CHEMBL4107804";"";"None";"412.50";"0";"3.50";"2";"Cc1cccnc1N(C(=O)c1ccc(-c2cnn3cccnc23)cc1)[C@@H]1CCCNC1";"IC50";"'='";"2200.0";"nM";"5.66";"";"";"UO_0000065";"13.72";"0.25";"2.16";"7.50";"0";"CHEMBL5036230";"Inhibition of PCSK9 translation in human THP-1 cells by AlphaLISA assay";"B";"BAO_0000219";"cell-based format";"Homo sapiens";"None";"None";"THP-1";"None";"";"";"";"CHEMBL2929";"Proprotein convertase subtilisin/kexin type 9";"Homo sapiens";"SINGLE PROTEIN";"CHEMBL5034046";"1";"Scientific Literature";"ACS Med Chem Lett";"2022";"None";"";"INHIBITOR";"";"2.2"
"CHEMBL4127458";"";"None";"407.90";"0";"3.90";"6";"Cc1cncc(-c2ccc(C(=O)N(c3ncccc3Cl)[C@@H]3CCCNC3)cc2)n1";"IC50";"'='";"2800.0";"nM";"5.55";"";"";"UO_0000065";"13.61";"0.26";"1.65";"7.82";"0";"CHEMBL5036230";"Inhibition of PCSK9 translation in human THP-1 cells by AlphaLISA assay";"B";"BAO_0000219";"cell-based format";"Homo sapiens";"None";"None";"THP-1";"None";"";"";"";"CHEMBL2929";"Proprotein convertase subtilisin/kexin type 9";"Homo sapiens";"SINGLE PROTEIN";"CHEMBL5034046";"1";"Scientific Literature";"ACS Med Chem Lett";"2022";"None";"";"INHIBITOR";"";"2.8"
"CHEMBL4114159";"";"None";"447.93";"0";"3.57";"9";"Cc1cnc2c(c1)nnn2-c1ccc(C(=O)N(c2ncccc2Cl)[C@@H]2CCCNC2)cc1";"IC50";"'='";"780.0";"nM";"6.11";"";"";"UO_0000065";"13.64";"0.26";"2.54";"6.88";"1";"CHEMBL5036230";"Inhibition of PCSK9 translation in human THP-1 cells by AlphaLISA assay";"B";"BAO_0000219";"cell-based format";"Homo sapiens";"None";"None";"THP-1";"None";"";"";"";"CHEMBL2929";"Proprotein convertase subtilisin/kexin type 9";"Homo sapiens";"SINGLE PROTEIN";"CHEMBL5034046";"1";"Scientific Literature";"ACS Med Chem Lett";"2022";"None";"";"INHIBITOR";"";"0.78"
"CHEMBL4107141";"";"None";"557.66";"2";"3.56";"BDBM200366";"Cc1cccnc1N(C(=O)c1ccc(-c2cnn(C)c2-c2nnn(C(C)OC(=O)C(C)C)n2)cc1)[C@@H]1CCCNC1";"IC50";"'='";"3560.0";"nM";"5.45";"";"356470";"UO_0000065";"9.77";"0.18";"1.89";"4.10";"0";"CHEMBL3887821";"Cell Free Assay: In order to eliminate the permeability barrier inherent to the WT7 and SCHH cell-based assays a cell-free system was also established to access compound activity. A sequence containing the full length human PCSK9 (NCBI reference identifier, NM-174936.3, where coding sequence start annotated at position 363) along with 84 additional 3â¿² nucleotides, comprising a V5 tag and polylinkinker followed by an in frame modified firefly luciferase reporter (corresponding to nucleotide positions 283-1929 of pGL3, Gen Bank reference identifier JN542721.1) was cloned into the pT7CFE1 expression vector (ThermoScientific). The construct was then in-vitro transcribed using the MEGAscript T7 Kit (Life Technologies) and RNA subsequently purified incorporating the MEGAclear Kit (Life Technologies) according to manufacturer's protocols. HeLa cell lysates were prepared following the protocols described by Mikami (reference is Cell-Free Protein Synthesis Systems with Extracts from Cultured Human Cells, S. Mikami, T. Kobayashi and H. Imataka; from Methods in Molecular Biology, vol. 607, pages 43-52, Y. Endo et al. (eds.), Humana Press, 2010) with the following modifications.";"B";"BAO_0000219";"cell-based format";"None";"None";"None";"HeLa";"None";"";"";"";"CHEMBL2929";"Proprotein convertase subtilisin/kexin type 9";"Homo sapiens";"SINGLE PROTEIN";"CHEMBL3886461";"37";"BindingDB Patent Bioactivity Data";"";"2016";"CHEMBL3308376";"";"";"";"3560.0"
"CHEMBL5773863";"";"None";"435.53";"0";"3.30";"BDBM426007";"CO/N=C1/C(c2ccc(C(=O)N(c3ncccc3C)[C@@H]3CCCNC3)cc2)=NOC1(C)C";"IC50";"'<'";"10000.0";"nM";"";"";"858685";"UO_0000065";"";"";"";"";"0";"CHEMBL5734738";"In Vitro Screening Experiment: 1. Reagent Preparation:1) Preparation of 1× AlphaLISA test buffer solution:2.5 ml of 10× AlphaLISA test buffer solution was added to 22.5 ml of Milli-Q water to produce the 1× AlphaLISA test buffer solution.2) Preparation of mixture (25 μg/mL/2.5 nM) of 2.5× AlphaLISA Acceptor beads and Biotinylated Antibody Anti-PCSK9:50 μL of 5 mg/mL Alpha LISA Anti-PCSK9 Acceptor beads and 50 μL of 500 nM Biotinylated Antibody Anti-PCSK9 were added to 9,900 μL of 1× AlphaLISA test buffer solution.3) Preparation of 2× Streptavidin (SA) Donor beads (80 μg/mL):200 μL of 5 mg/mL SA-Donor beads was added to 12,300 μL of 1× AlphaLISA test buffer solution.2. Operation Steps:1) DMSO was added to the test compound to produce the 50 μM stock solution, which was then serially diluted into 10 concentrations by 3-fold, and placed in the 384-pore plate;2) PCSK9-Huh7 cells were added in the 384-pore plate, and the cell plate was cultured in the incubator for 20 h;3) 20 μL/pore mixture of 2.5× AlphaLISA Acceptor beads and Biotinylated Antibody Anti-PCSK9 was added, and incubated at 23° C. for 60 min.4) 25 μL/pore 2× Streptavidin (SA) Donor beads were added; and incubated for 30 min at 23° C. (kept in dark place).5) EnVision-Alpha Reader reading:Test condition: Total Measurement Time: 550 ms, Laser 680 nm Excitation Time: 180 ms, Mirror: D640as, Emission Filtered: M570w, Center Wavelength 570 nm, Bandwidth 100 nm, Transmittance 75%.3. Data Analysis:Date was analyzed with Prismsoftware (nonlinear regression (Sigmoidal dose-response-variable slope)Inhibition ratio %=100*(Sample reading−LC reading)/(HC reading−LC reading).";"B";"BAO_0000019";"assay format";"None";"None";"None";"None";"None";"";"";"";"CHEMBL2929";"Proprotein convertase subtilisin/kexin type 9";"Homo sapiens";"SINGLE PROTEIN";"CHEMBL5727468";"37";"BindingDB Patent Bioactivity Data";"";"2019";"None";"";"";"";"10000.0"
"CHEMBL5806515";"";"None";"442.52";"0";"3.72";"BDBM426009";"CC1(C)ON=C(c2ccc(C(=O)N(c3nccc4ccccc34)[C@@H]3CCCNC3)cc2)C1=O";"IC50";"'<'";"10000.0";"nM";"";"";"858687";"UO_0000065";"";"";"";"";"0";"CHEMBL5734738";"In Vitro Screening Experiment: 1. Reagent Preparation:1) Preparation of 1× AlphaLISA test buffer solution:2.5 ml of 10× AlphaLISA test buffer solution was added to 22.5 ml of Milli-Q water to produce the 1× AlphaLISA test buffer solution.2) Preparation of mixture (25 μg/mL/2.5 nM) of 2.5× AlphaLISA Acceptor beads and Biotinylated Antibody Anti-PCSK9:50 μL of 5 mg/mL Alpha LISA Anti-PCSK9 Acceptor beads and 50 μL of 500 nM Biotinylated Antibody Anti-PCSK9 were added to 9,900 μL of 1× AlphaLISA test buffer solution.3) Preparation of 2× Streptavidin (SA) Donor beads (80 μg/mL):200 μL of 5 mg/mL SA-Donor beads was added to 12,300 μL of 1× AlphaLISA test buffer solution.2. Operation Steps:1) DMSO was added to the test compound to produce the 50 μM stock solution, which was then serially diluted into 10 concentrations by 3-fold, and placed in the 384-pore plate;2) PCSK9-Huh7 cells were added in the 384-pore plate, and the cell plate was cultured in the incubator for 20 h;3) 20 μL/pore mixture of 2.5× AlphaLISA Acceptor beads and Biotinylated Antibody Anti-PCSK9 was added, and incubated at 23° C. for 60 min.4) 25 μL/pore 2× Streptavidin (SA) Donor beads were added; and incubated for 30 min at 23° C. (kept in dark place).5) EnVision-Alpha Reader reading:Test condition: Total Measurement Time: 550 ms, Laser 680 nm Excitation Time: 180 ms, Mirror: D640as, Emission Filtered: M570w, Center Wavelength 570 nm, Bandwidth 100 nm, Transmittance 75%.3. Data Analysis:Date was analyzed with Prismsoftware (nonlinear regression (Sigmoidal dose-response-variable slope)Inhibition ratio %=100*(Sample reading−LC reading)/(HC reading−LC reading).";"B";"BAO_0000019";"assay format";"None";"None";"None";"None";"None";"";"";"";"CHEMBL2929";"Proprotein convertase subtilisin/kexin type 9";"Homo sapiens";"SINGLE PROTEIN";"CHEMBL5727468";"37";"BindingDB Patent Bioactivity Data";"";"2019";"None";"";"";"";"10000.0"
"CHEMBL4584571";"";"None";"394.52";"1";"5.71";"17";"Cn1cccc1-c1ccc(-c2ccc(-c3ccc(-c4ccccc4)n3C)n2C)n1C";"IC50";"'='";"11200.0";"nM";"4.95";"";"";"UO_0000065";"12.55";"0.23";"-0.76";"25.11";"0";"CHEMBL4383962";"Inhibition of wild type His-tagged PCSK9 (unknown origin) binding to recombinant LDLR-AB domain (unknown origin) after 2 hrs by fluorescence assay";"B";"BAO_0000357";"single protein format";"Homo sapiens";"None";"None";"None";"None";"";"";"";"CHEMBL2929";"Proprotein convertase subtilisin/kexin type 9";"Homo sapiens";"SINGLE PROTEIN";"CHEMBL4382228";"1";"Scientific Literature";"Eur J Med Chem";"2019";"None";"";"";"";"11.2"
"CHEMBL4528279";"";"None";"456.61";"1";"6.39";"11";"Cc1ccc(S(=O)(=O)n2c(Cc3cn(C)c4ccccc34)c(C(C)C)c3ccccc32)cc1";"IC50";"'='";"1100.0";"nM";"5.96";"";"";"UO_0000065";"13.05";"0.25";"-0.43";"13.54";"0";"CHEMBL4434276";"Inhibition of human PCSK9 in HepG2 cells incubated for 48 hrs by AlphaLISA assay";"B";"BAO_0000219";"cell-based format";"Homo sapiens";"None";"None";"HepG2";"None";"";"";"";"CHEMBL2929";"Proprotein convertase subtilisin/kexin type 9";"Homo sapiens";"SINGLE PROTEIN";"CHEMBL4433247";"1";"Scientific Literature";"Bioorg Med Chem Lett";"2019";"CHEMBL3307718";"";"";"";"1.1"
"CHEMBL5881940";"";"None";"442.95";"0";"3.66";"BDBM425978";"COC1C(c2ccc(C(=O)N(c3ncccc3Cl)[C@@H]3CCCNC3)cc2)=NOC1(C)C";"IC50";"'<'";"10000.0";"nM";"";"";"858656";"UO_0000065";"";"";"";"";"0";"CHEMBL5734738";"In Vitro Screening Experiment: 1. Reagent Preparation:1) Preparation of 1× AlphaLISA test buffer solution:2.5 ml of 10× AlphaLISA test buffer solution was added to 22.5 ml of Milli-Q water to produce the 1× AlphaLISA test buffer solution.2) Preparation of mixture (25 μg/mL/2.5 nM) of 2.5× AlphaLISA Acceptor beads and Biotinylated Antibody Anti-PCSK9:50 μL of 5 mg/mL Alpha LISA Anti-PCSK9 Acceptor beads and 50 μL of 500 nM Biotinylated Antibody Anti-PCSK9 were added to 9,900 μL of 1× AlphaLISA test buffer solution.3) Preparation of 2× Streptavidin (SA) Donor beads (80 μg/mL):200 μL of 5 mg/mL SA-Donor beads was added to 12,300 μL of 1× AlphaLISA test buffer solution.2. Operation Steps:1) DMSO was added to the test compound to produce the 50 μM stock solution, which was then serially diluted into 10 concentrations by 3-fold, and placed in the 384-pore plate;2) PCSK9-Huh7 cells were added in the 384-pore plate, and the cell plate was cultured in the incubator for 20 h;3) 20 μL/pore mixture of 2.5× AlphaLISA Acceptor beads and Biotinylated Antibody Anti-PCSK9 was added, and incubated at 23° C. for 60 min.4) 25 μL/pore 2× Streptavidin (SA) Donor beads were added; and incubated for 30 min at 23° C. (kept in dark place).5) EnVision-Alpha Reader reading:Test condition: Total Measurement Time: 550 ms, Laser 680 nm Excitation Time: 180 ms, Mirror: D640as, Emission Filtered: M570w, Center Wavelength 570 nm, Bandwidth 100 nm, Transmittance 75%.3. Data Analysis:Date was analyzed with Prismsoftware (nonlinear regression (Sigmoidal dose-response-variable slope)Inhibition ratio %=100*(Sample reading−LC reading)/(HC reading−LC reading).";"B";"BAO_0000019";"assay format";"None";"None";"None";"None";"None";"";"";"";"CHEMBL2929";"Proprotein convertase subtilisin/kexin type 9";"Homo sapiens";"SINGLE PROTEIN";"CHEMBL5727468";"37";"BindingDB Patent Bioactivity Data";"";"2019";"None";"";"";"";"10000.0"
"CHEMBL5394025";"";"None";"414.47";"0";"2.31";"9";"Cc1nccnc1N(C(=O)c1ccc(-n2nnc3cccnc32)cc1)[C@@H]1CCCNC1";"IC50";"'='";"1840.0";"nM";"5.74";"";"";"UO_0000065";"13.84";"0.25";"3.43";"5.64";"0";"CHEMBL5365867";"Inhibition of full length human PCSK9 expressed in human Huh-7 cells by ELISA analysis";"B";"BAO_0000219";"cell-based format";"Homo sapiens";"None";"None";"Huh-7";"None";"";"";"";"CHEMBL2929";"Proprotein convertase subtilisin/kexin type 9";"Homo sapiens";"SINGLE PROTEIN";"CHEMBL5365408";"1";"Scientific Literature";"Bioorg Med Chem Lett";"2023";"None";"";"INHIBITOR";"";"1.84"
"CHEMBL5406574";"";"None";"365.34";"0";"0.16";"5n";"Cn1c(=O)c2c(nc(NCCO)n2Cc2ccc(F)cc2F)n(C)c1=O";"IC50";"'='";"26000.0";"nM";"4.58";"";"";"UO_0000065";"12.55";"0.24";"4.43";"4.87";"0";"CHEMBL5333523";"Inhibition of PCSK9 transcriptional activity in human HepG2 cells stably expressing luciferase reporter plasmid containing PCSK9 promoter assessed as decrease in luciferase activity incubated for 24 hrs by Luciferase assay";"B";"BAO_0000219";"cell-based format";"Homo sapiens";"None";"None";"HepG2";"None";"";"";"";"CHEMBL2929";"Proprotein convertase subtilisin/kexin type 9";"Homo sapiens";"SINGLE PROTEIN";"CHEMBL5331095";"1";"Scientific Literature";"Eur J Med Chem";"2023";"None";"TIME = 24.0 hr";"INHIBITOR";"";"26.0"
"CHEMBL5435720";"";"None";"365.34";"0";"0.16";"5q";"Cn1c(=O)c2c(nc(NCCO)n2Cc2c(F)cccc2F)n(C)c1=O";"IC50";"'='";"17800.0";"nM";"4.75";"";"";"UO_0000065";"13.00";"0.25";"4.59";"5.05";"0";"CHEMBL5333523";"Inhibition of PCSK9 transcriptional activity in human HepG2 cells stably expressing luciferase reporter plasmid containing PCSK9 promoter assessed as decrease in luciferase activity incubated for 24 hrs by Luciferase assay";"B";"BAO_0000219";"cell-based format";"Homo sapiens";"None";"None";"HepG2";"None";"";"";"";"CHEMBL2929";"Proprotein convertase subtilisin/kexin type 9";"Homo sapiens";"SINGLE PROTEIN";"CHEMBL5331095";"1";"Scientific Literature";"Eur J Med Chem";"2023";"None";"TIME = 24.0 hr";"INHIBITOR";"";"17.8"
"CHEMBL5747183";"";"None";"406.49";"0";"2.87";"BDBM425977";"Cc1cccnc1N(C(=O)c1ccc(C2=NOC(C)(C)C2=O)cc1)[C@@H]1CCCNC1";"IC50";"'<'";"10000.0";"nM";"";"";"858655";"UO_0000065";"";"";"";"";"0";"CHEMBL5734738";"In Vitro Screening Experiment: 1. Reagent Preparation:1) Preparation of 1× AlphaLISA test buffer solution:2.5 ml of 10× AlphaLISA test buffer solution was added to 22.5 ml of Milli-Q water to produce the 1× AlphaLISA test buffer solution.2) Preparation of mixture (25 μg/mL/2.5 nM) of 2.5× AlphaLISA Acceptor beads and Biotinylated Antibody Anti-PCSK9:50 μL of 5 mg/mL Alpha LISA Anti-PCSK9 Acceptor beads and 50 μL of 500 nM Biotinylated Antibody Anti-PCSK9 were added to 9,900 μL of 1× AlphaLISA test buffer solution.3) Preparation of 2× Streptavidin (SA) Donor beads (80 μg/mL):200 μL of 5 mg/mL SA-Donor beads was added to 12,300 μL of 1× AlphaLISA test buffer solution.2. Operation Steps:1) DMSO was added to the test compound to produce the 50 μM stock solution, which was then serially diluted into 10 concentrations by 3-fold, and placed in the 384-pore plate;2) PCSK9-Huh7 cells were added in the 384-pore plate, and the cell plate was cultured in the incubator for 20 h;3) 20 μL/pore mixture of 2.5× AlphaLISA Acceptor beads and Biotinylated Antibody Anti-PCSK9 was added, and incubated at 23° C. for 60 min.4) 25 μL/pore 2× Streptavidin (SA) Donor beads were added; and incubated for 30 min at 23° C. (kept in dark place).5) EnVision-Alpha Reader reading:Test condition: Total Measurement Time: 550 ms, Laser 680 nm Excitation Time: 180 ms, Mirror: D640as, Emission Filtered: M570w, Center Wavelength 570 nm, Bandwidth 100 nm, Transmittance 75%.3. Data Analysis:Date was analyzed with Prismsoftware (nonlinear regression (Sigmoidal dose-response-variable slope)Inhibition ratio %=100*(Sample reading−LC reading)/(HC reading−LC reading).";"B";"BAO_0000019";"assay format";"None";"None";"None";"None";"None";"";"";"";"CHEMBL2929";"Proprotein convertase subtilisin/kexin type 9";"Homo sapiens";"SINGLE PROTEIN";"CHEMBL5727468";"37";"BindingDB Patent Bioactivity Data";"";"2019";"None";"";"";"";"10000.0"
"CHEMBL5280306";"";"None";"3370.87";"None";"None";"35";"CC[C@H](C)[C@H](NC(=O)[C@H](CCC(N)=O)NC(=O)[C@H](CC(C)C)NC(=O)[C@H](CC(N)=O)NC(=O)[C@H](Cc1c[nH]c2ccccc12)NC(=O)[C@@H]1CCCN1C(=O)[C@H](CC(C)C)NC(=O)[C@H](CCCNC(=N)N)NC(=O)[C@H](CS)NC(=O)CNC(=O)[C@H](CO)NC(=O)CNC(=O)[C@@H](NC(=O)[C@H](Cc1c[nH]c2ccccc12)NC(=O)[C@H](CC(=O)O)NC(=O)[C@H](CC(C)C)NC(=O)[C@H](Cc1ccc(O)cc1)NC(=O)[C@H](CCC(=O)O)NC(=O)[C@H](CCC(=O)O)NC(=O)[C@H](Cc1c[nH]c2ccccc12)NC(=O)[C@H](CO)NC(=O)[C@@H](NC(=O)[C@H](Cc1ccccc1)NC(=O)[C@@H](NC(=O)[C@@H](N)[C@@H](C)O)C(C)C)[C@@H](C)O)C(C)C)C(=O)NCC(=O)N[C@@H](CC(C)C)C(=O)N1CCC[C@H]1C(=O)N[C@@H](CS)C(=O)O";"IC50";"'>'";"50000.0";"nM";"";"";"";"UO_0000065";"";"";"";"";"0";"CHEMBL5236433";"Inhibition of human PCSK9 preincubated for 30 mins followed by EGF(A) addition and measured after 2 hrs by TR-FRET assay";"B";"BAO_0000357";"single protein format";"Homo sapiens";"None";"None";"None";"None";"";"";"";"CHEMBL2929";"Proprotein convertase subtilisin/kexin type 9";"Homo sapiens";"SINGLE PROTEIN";"CHEMBL5233285";"1";"Scientific Literature";"J Med Chem";"2022";"None";"TIME = 2.5 hr";"";"";"50.0"
"CHEMBL5278470";"";"None";"1483.87";"None";"None";"39";"CC[C@H](C)[C@H](NC(=O)[C@H](CCCCNC(=N)N)NC(=O)[C@H](CCCCN)NC(=O)[C@H](CC(C)C)NC(=O)[C@H](CC(N)=O)NC(=O)[C@H](Cc1c[nH]c2ccccc12)NC(=O)C1(N)CCC(c2ccccc2)CC1)C(=O)NCC(=O)N[C@@H](CC(C)C)C(=O)N[C@@H](CC(C)C)C(=O)N[C@@H](CCCNC(=N)N)C(=O)O";"IC50";"'='";"1830.0";"nM";"5.74";"";"";"UO_0000065";"3.87";"None";"None";"None";"0";"CHEMBL5236434";"Inhibition of human PCSK9 preincubated for 30 mins followed by LDLR addition and measured after 2 hrs by TR-FRET assay";"B";"BAO_0000357";"single protein format";"Homo sapiens";"None";"None";"None";"None";"";"";"";"CHEMBL2929";"Proprotein convertase subtilisin/kexin type 9";"Homo sapiens";"SINGLE PROTEIN";"CHEMBL5233285";"1";"Scientific Literature";"J Med Chem";"2022";"None";"TIME = 2.5 hr";"INHIBITOR";"";"1.83"
"CHEMBL4642595";"";"None";"926.92";"2";"6.56";"Example 25";"C[C@H]1C(=O)N[C@@H](CO)C(=O)N[C@@]2(Cc3ccc(Cl)cc3)CCCN(C2)C(=O)[C@H](Cc2ccccc2)CC(=O)N1Cc1ccc(Cl)c(F)c1Oc1ccc(-c2cnc(CN(C)C)n2C)cc1";"IC50";"'='";"0.438";"nM";"9.36";"";"";"UO_0000065";"10.10";"0.20";"2.80";"6.27";"0";"CHEMBL4622704";"Inhibition of human PCSK9 by Alexa Fluor 647 staining based TR-FRET assay";"B";"BAO_0000357";"single protein format";"Homo sapiens";"None";"None";"None";"None";"";"";"";"CHEMBL2929";"Proprotein convertase subtilisin/kexin type 9";"Homo sapiens";"SINGLE PROTEIN";"CHEMBL4619822";"1";"Scientific Literature";"ACS Med Chem Lett";"2020";"None";"";"";"";"0.000438"
"CHEMBL5290775";"";"None";"1253.56";"None";"None";"36";"CC[C@H](C)[C@H](NC(=O)[C@H](CCCCNC(=N)N)NC(=O)[C@@H](NC(=O)[C@H](CC(C)C)NC(=O)[C@H](CC(N)=O)NC(=O)[C@@H](N)Cc1c[nH]c2ccccc12)C(C)C)C(=O)NCC(=O)N[C@@H](CC(C)C)C(=O)N[C@@H](CC(C)C)C(=O)N[C@@H](CCCNC(=N)N)C(=O)O";"IC50";"'>'";"50000.0";"nM";"";"";"";"UO_0000065";"";"";"";"";"0";"CHEMBL5236433";"Inhibition of human PCSK9 preincubated for 30 mins followed by EGF(A) addition and measured after 2 hrs by TR-FRET assay";"B";"BAO_0000357";"single protein format";"Homo sapiens";"None";"None";"None";"None";"";"";"";"CHEMBL2929";"Proprotein convertase subtilisin/kexin type 9";"Homo sapiens";"SINGLE PROTEIN";"CHEMBL5233285";"1";"Scientific Literature";"J Med Chem";"2022";"None";"TIME = 2.5 hr";"";"";"50.0"
"CHEMBL4109097";"";"None";"571.63";"1";"4.71";"BDBM200326";"CCOC(=O)OC(C)OC(=O)c1c(-c2ccc(C(=O)N(c3nccc4ccccc34)[C@@H]3CCCNC3)cc2)cnn1C";"IC50";"'='";"2100.0";"nM";"5.68";"";"356437";"UO_0000065";"9.93";"0.18";"0.97";"4.55";"0";"CHEMBL3887821";"Cell Free Assay: In order to eliminate the permeability barrier inherent to the WT7 and SCHH cell-based assays a cell-free system was also established to access compound activity. A sequence containing the full length human PCSK9 (NCBI reference identifier, NM-174936.3, where coding sequence start annotated at position 363) along with 84 additional 3â¿² nucleotides, comprising a V5 tag and polylinkinker followed by an in frame modified firefly luciferase reporter (corresponding to nucleotide positions 283-1929 of pGL3, Gen Bank reference identifier JN542721.1) was cloned into the pT7CFE1 expression vector (ThermoScientific). The construct was then in-vitro transcribed using the MEGAscript T7 Kit (Life Technologies) and RNA subsequently purified incorporating the MEGAclear Kit (Life Technologies) according to manufacturer's protocols. HeLa cell lysates were prepared following the protocols described by Mikami (reference is Cell-Free Protein Synthesis Systems with Extracts from Cultured Human Cells, S. Mikami, T. Kobayashi and H. Imataka; from Methods in Molecular Biology, vol. 607, pages 43-52, Y. Endo et al. (eds.), Humana Press, 2010) with the following modifications.";"B";"BAO_0000219";"cell-based format";"None";"None";"None";"HeLa";"None";"";"";"";"CHEMBL2929";"Proprotein convertase subtilisin/kexin type 9";"Homo sapiens";"SINGLE PROTEIN";"CHEMBL3886461";"37";"BindingDB Patent Bioactivity Data";"";"2016";"CHEMBL3308376";"";"";"";"2100.0"
"CHEMBL4112247";"";"None";"556.02";"1";"4.21";"BDBM200331";"CCOC(=O)O[C@H](C)OC(=O)c1c(-c2ccc(C(=O)N(c3ncccc3Cl)[C@@H]3CCCNC3)cc2)cnn1C";"IC50";"'='";"5000.0";"nM";"5.30";"";"356441";"UO_0000065";"9.53";"0.19";"1.09";"4.24";"0";"CHEMBL3887821";"Cell Free Assay: In order to eliminate the permeability barrier inherent to the WT7 and SCHH cell-based assays a cell-free system was also established to access compound activity. A sequence containing the full length human PCSK9 (NCBI reference identifier, NM-174936.3, where coding sequence start annotated at position 363) along with 84 additional 3â¿² nucleotides, comprising a V5 tag and polylinkinker followed by an in frame modified firefly luciferase reporter (corresponding to nucleotide positions 283-1929 of pGL3, Gen Bank reference identifier JN542721.1) was cloned into the pT7CFE1 expression vector (ThermoScientific). The construct was then in-vitro transcribed using the MEGAscript T7 Kit (Life Technologies) and RNA subsequently purified incorporating the MEGAclear Kit (Life Technologies) according to manufacturer's protocols. HeLa cell lysates were prepared following the protocols described by Mikami (reference is Cell-Free Protein Synthesis Systems with Extracts from Cultured Human Cells, S. Mikami, T. Kobayashi and H. Imataka; from Methods in Molecular Biology, vol. 607, pages 43-52, Y. Endo et al. (eds.), Humana Press, 2010) with the following modifications.";"B";"BAO_0000219";"cell-based format";"None";"None";"None";"HeLa";"None";"";"";"";"CHEMBL2929";"Proprotein convertase subtilisin/kexin type 9";"Homo sapiens";"SINGLE PROTEIN";"CHEMBL3886461";"37";"BindingDB Patent Bioactivity Data";"";"2016";"CHEMBL3308376";"";"";"";"5000.0"
"CHEMBL4109909";"";"None";"557.66";"2";"3.70";"BDBM200362";"CCC(=O)OC(CC)n1nnc(-c2c(-c3ccc(C(=O)N(c4ncccc4C)[C@@H]4CCCNC4)cc3)cnn2C)n1";"IC50";"'='";"33400.0";"nM";"4.48";"";"356466";"UO_0000065";"8.03";"0.15";"0.78";"3.37";"0";"CHEMBL3887821";"Cell Free Assay: In order to eliminate the permeability barrier inherent to the WT7 and SCHH cell-based assays a cell-free system was also established to access compound activity. A sequence containing the full length human PCSK9 (NCBI reference identifier, NM-174936.3, where coding sequence start annotated at position 363) along with 84 additional 3â¿² nucleotides, comprising a V5 tag and polylinkinker followed by an in frame modified firefly luciferase reporter (corresponding to nucleotide positions 283-1929 of pGL3, Gen Bank reference identifier JN542721.1) was cloned into the pT7CFE1 expression vector (ThermoScientific). The construct was then in-vitro transcribed using the MEGAscript T7 Kit (Life Technologies) and RNA subsequently purified incorporating the MEGAclear Kit (Life Technologies) according to manufacturer's protocols. HeLa cell lysates were prepared following the protocols described by Mikami (reference is Cell-Free Protein Synthesis Systems with Extracts from Cultured Human Cells, S. Mikami, T. Kobayashi and H. Imataka; from Methods in Molecular Biology, vol. 607, pages 43-52, Y. Endo et al. (eds.), Humana Press, 2010) with the following modifications.";"B";"BAO_0000219";"cell-based format";"None";"None";"None";"HeLa";"None";"";"";"";"CHEMBL2929";"Proprotein convertase subtilisin/kexin type 9";"Homo sapiens";"SINGLE PROTEIN";"CHEMBL3886461";"37";"BindingDB Patent Bioactivity Data";"";"2016";"CHEMBL3308376";"";"";"";"33400.0"
"CHEMBL5981419";"";"None";"442.95";"0";"3.66";"BDBM425980";"CO[C@@H]1C(c2ccc(C(=O)N(c3ncccc3Cl)[C@@H]3CCCNC3)cc2)=NOC1(C)C";"IC50";"'<'";"10000.0";"nM";"";"";"858658";"UO_0000065";"";"";"";"";"0";"CHEMBL5734738";"In Vitro Screening Experiment: 1. Reagent Preparation:1) Preparation of 1× AlphaLISA test buffer solution:2.5 ml of 10× AlphaLISA test buffer solution was added to 22.5 ml of Milli-Q water to produce the 1× AlphaLISA test buffer solution.2) Preparation of mixture (25 μg/mL/2.5 nM) of 2.5× AlphaLISA Acceptor beads and Biotinylated Antibody Anti-PCSK9:50 μL of 5 mg/mL Alpha LISA Anti-PCSK9 Acceptor beads and 50 μL of 500 nM Biotinylated Antibody Anti-PCSK9 were added to 9,900 μL of 1× AlphaLISA test buffer solution.3) Preparation of 2× Streptavidin (SA) Donor beads (80 μg/mL):200 μL of 5 mg/mL SA-Donor beads was added to 12,300 μL of 1× AlphaLISA test buffer solution.2. Operation Steps:1) DMSO was added to the test compound to produce the 50 μM stock solution, which was then serially diluted into 10 concentrations by 3-fold, and placed in the 384-pore plate;2) PCSK9-Huh7 cells were added in the 384-pore plate, and the cell plate was cultured in the incubator for 20 h;3) 20 μL/pore mixture of 2.5× AlphaLISA Acceptor beads and Biotinylated Antibody Anti-PCSK9 was added, and incubated at 23° C. for 60 min.4) 25 μL/pore 2× Streptavidin (SA) Donor beads were added; and incubated for 30 min at 23° C. (kept in dark place).5) EnVision-Alpha Reader reading:Test condition: Total Measurement Time: 550 ms, Laser 680 nm Excitation Time: 180 ms, Mirror: D640as, Emission Filtered: M570w, Center Wavelength 570 nm, Bandwidth 100 nm, Transmittance 75%.3. Data Analysis:Date was analyzed with Prismsoftware (nonlinear regression (Sigmoidal dose-response-variable slope)Inhibition ratio %=100*(Sample reading−LC reading)/(HC reading−LC reading).";"B";"BAO_0000019";"assay format";"None";"None";"None";"None";"None";"";"";"";"CHEMBL2929";"Proprotein convertase subtilisin/kexin type 9";"Homo sapiens";"SINGLE PROTEIN";"CHEMBL5727468";"37";"BindingDB Patent Bioactivity Data";"";"2019";"None";"";"";"";"10000.0"
"CHEMBL4227325";"";"None";"1902.30";"None";"None";"Page no 1159, R30C1";"CC[C@H](C)[C@H](NC(=O)[C@H](CCCCNC(=N)N)NC(=O)[C@@H](NC(=O)[C@H](CC(C)C)NC(=O)[C@H](CC(N)=O)NC(=O)[C@H](Cc1c[nH]c2ccccc12)NC(=O)CNC(=O)[C@@H]1CCCN1C(=O)[C@H](Cc1ccccc1)NC(=O)[C@H](CO)NC(=O)[C@H](CCC(=O)O)NC(=O)[C@@H](N)CCSC)C(C)C)C(=O)NCC(=O)N[C@@H](CC(C)C)C(=O)N[C@@H](CC(C)C)C(=O)N[C@@H](CCCNC(=N)N)C(=O)O";"IC50";"'='";"8300.0";"nM";"5.08";"";"";"UO_0000065";"2.67";"None";"None";"None";"0";"CHEMBL4221946";"Inhibition of recombinant human C-terminal His8-tagged PCSK9 expressed in Chinese hamster ovary cells by TR-FRET assay";"B";"BAO_0000219";"cell-based format";"Homo sapiens";"None";"None";"None";"None";"";"";"";"CHEMBL2929";"Proprotein convertase subtilisin/kexin type 9";"Homo sapiens";"SINGLE PROTEIN";"CHEMBL4219125";"1";"Scientific Literature";"Bioorg Med Chem Lett";"2018";"None";"";"";"";"8.3"
"CHEMBL4531399";"";"None";"490.63";"1";"6.94";"12";"Cc1ccc(S(=O)(=O)n2c(Cc3cn(C)c4ccccc34)c(-c3ccccc3)c3ccccc32)cc1";"IC50";"'='";"2300.0";"nM";"5.64";"";"";"UO_0000065";"11.49";"0.21";"-1.30";"12.81";"0";"CHEMBL4434276";"Inhibition of human PCSK9 in HepG2 cells incubated for 48 hrs by AlphaLISA assay";"B";"BAO_0000219";"cell-based format";"Homo sapiens";"None";"None";"HepG2";"None";"";"";"";"CHEMBL2929";"Proprotein convertase subtilisin/kexin type 9";"Homo sapiens";"SINGLE PROTEIN";"CHEMBL4433247";"1";"Scientific Literature";"Bioorg Med Chem Lett";"2019";"CHEMBL3307718";"";"";"";"2.3"
"CHEMBL6032158";"";"None";"426.90";"0";"3.22";"BDBM425976";"CC1(C)ON=C(c2ccc(C(=O)N(c3ncccc3Cl)[C@@H]3CCCNC3)cc2)C1=O";"IC50";"'<'";"10000.0";"nM";"";"";"858654";"UO_0000065";"";"";"";"";"0";"CHEMBL5734738";"In Vitro Screening Experiment: 1. Reagent Preparation:1) Preparation of 1× AlphaLISA test buffer solution:2.5 ml of 10× AlphaLISA test buffer solution was added to 22.5 ml of Milli-Q water to produce the 1× AlphaLISA test buffer solution.2) Preparation of mixture (25 μg/mL/2.5 nM) of 2.5× AlphaLISA Acceptor beads and Biotinylated Antibody Anti-PCSK9:50 μL of 5 mg/mL Alpha LISA Anti-PCSK9 Acceptor beads and 50 μL of 500 nM Biotinylated Antibody Anti-PCSK9 were added to 9,900 μL of 1× AlphaLISA test buffer solution.3) Preparation of 2× Streptavidin (SA) Donor beads (80 μg/mL):200 μL of 5 mg/mL SA-Donor beads was added to 12,300 μL of 1× AlphaLISA test buffer solution.2. Operation Steps:1) DMSO was added to the test compound to produce the 50 μM stock solution, which was then serially diluted into 10 concentrations by 3-fold, and placed in the 384-pore plate;2) PCSK9-Huh7 cells were added in the 384-pore plate, and the cell plate was cultured in the incubator for 20 h;3) 20 μL/pore mixture of 2.5× AlphaLISA Acceptor beads and Biotinylated Antibody Anti-PCSK9 was added, and incubated at 23° C. for 60 min.4) 25 μL/pore 2× Streptavidin (SA) Donor beads were added; and incubated for 30 min at 23° C. (kept in dark place).5) EnVision-Alpha Reader reading:Test condition: Total Measurement Time: 550 ms, Laser 680 nm Excitation Time: 180 ms, Mirror: D640as, Emission Filtered: M570w, Center Wavelength 570 nm, Bandwidth 100 nm, Transmittance 75%.3. Data Analysis:Date was analyzed with Prismsoftware (nonlinear regression (Sigmoidal dose-response-variable slope)Inhibition ratio %=100*(Sample reading−LC reading)/(HC reading−LC reading).";"B";"BAO_0000019";"assay format";"None";"None";"None";"None";"None";"";"";"";"CHEMBL2929";"Proprotein convertase subtilisin/kexin type 9";"Homo sapiens";"SINGLE PROTEIN";"CHEMBL5727468";"37";"BindingDB Patent Bioactivity Data";"";"2019";"None";"";"";"";"10000.0"
"CHEMBL5977322";"";"None";"422.49";"0";"2.57";"BDBM425983";"COc1cccnc1N(C(=O)c1ccc(C2=NOC(C)(C)C2=O)cc1)[C@@H]1CCCNC1";"IC50";"'<'";"10000.0";"nM";"";"";"858661";"UO_0000065";"";"";"";"";"0";"CHEMBL5734738";"In Vitro Screening Experiment: 1. Reagent Preparation:1) Preparation of 1× AlphaLISA test buffer solution:2.5 ml of 10× AlphaLISA test buffer solution was added to 22.5 ml of Milli-Q water to produce the 1× AlphaLISA test buffer solution.2) Preparation of mixture (25 μg/mL/2.5 nM) of 2.5× AlphaLISA Acceptor beads and Biotinylated Antibody Anti-PCSK9:50 μL of 5 mg/mL Alpha LISA Anti-PCSK9 Acceptor beads and 50 μL of 500 nM Biotinylated Antibody Anti-PCSK9 were added to 9,900 μL of 1× AlphaLISA test buffer solution.3) Preparation of 2× Streptavidin (SA) Donor beads (80 μg/mL):200 μL of 5 mg/mL SA-Donor beads was added to 12,300 μL of 1× AlphaLISA test buffer solution.2. Operation Steps:1) DMSO was added to the test compound to produce the 50 μM stock solution, which was then serially diluted into 10 concentrations by 3-fold, and placed in the 384-pore plate;2) PCSK9-Huh7 cells were added in the 384-pore plate, and the cell plate was cultured in the incubator for 20 h;3) 20 μL/pore mixture of 2.5× AlphaLISA Acceptor beads and Biotinylated Antibody Anti-PCSK9 was added, and incubated at 23° C. for 60 min.4) 25 μL/pore 2× Streptavidin (SA) Donor beads were added; and incubated for 30 min at 23° C. (kept in dark place).5) EnVision-Alpha Reader reading:Test condition: Total Measurement Time: 550 ms, Laser 680 nm Excitation Time: 180 ms, Mirror: D640as, Emission Filtered: M570w, Center Wavelength 570 nm, Bandwidth 100 nm, Transmittance 75%.3. Data Analysis:Date was analyzed with Prismsoftware (nonlinear regression (Sigmoidal dose-response-variable slope)Inhibition ratio %=100*(Sample reading−LC reading)/(HC reading−LC reading).";"B";"BAO_0000019";"assay format";"None";"None";"None";"None";"None";"";"";"";"CHEMBL2929";"Proprotein convertase subtilisin/kexin type 9";"Homo sapiens";"SINGLE PROTEIN";"CHEMBL5727468";"37";"BindingDB Patent Bioactivity Data";"";"2019";"None";"";"";"";"10000.0"
"CHEMBL5940348";"";"None";"468.56";"0";"4.23";"BDBM426005";"CC1(C)ON=C(c2ccc(C(=O)N(c3ncccc3-c3ccccc3)[C@@H]3CCCNC3)cc2)C1=O";"IC50";"'<'";"10000.0";"nM";"";"";"858683";"UO_0000065";"";"";"";"";"0";"CHEMBL5734738";"In Vitro Screening Experiment: 1. Reagent Preparation:1) Preparation of 1× AlphaLISA test buffer solution:2.5 ml of 10× AlphaLISA test buffer solution was added to 22.5 ml of Milli-Q water to produce the 1× AlphaLISA test buffer solution.2) Preparation of mixture (25 μg/mL/2.5 nM) of 2.5× AlphaLISA Acceptor beads and Biotinylated Antibody Anti-PCSK9:50 μL of 5 mg/mL Alpha LISA Anti-PCSK9 Acceptor beads and 50 μL of 500 nM Biotinylated Antibody Anti-PCSK9 were added to 9,900 μL of 1× AlphaLISA test buffer solution.3) Preparation of 2× Streptavidin (SA) Donor beads (80 μg/mL):200 μL of 5 mg/mL SA-Donor beads was added to 12,300 μL of 1× AlphaLISA test buffer solution.2. Operation Steps:1) DMSO was added to the test compound to produce the 50 μM stock solution, which was then serially diluted into 10 concentrations by 3-fold, and placed in the 384-pore plate;2) PCSK9-Huh7 cells were added in the 384-pore plate, and the cell plate was cultured in the incubator for 20 h;3) 20 μL/pore mixture of 2.5× AlphaLISA Acceptor beads and Biotinylated Antibody Anti-PCSK9 was added, and incubated at 23° C. for 60 min.4) 25 μL/pore 2× Streptavidin (SA) Donor beads were added; and incubated for 30 min at 23° C. (kept in dark place).5) EnVision-Alpha Reader reading:Test condition: Total Measurement Time: 550 ms, Laser 680 nm Excitation Time: 180 ms, Mirror: D640as, Emission Filtered: M570w, Center Wavelength 570 nm, Bandwidth 100 nm, Transmittance 75%.3. Data Analysis:Date was analyzed with Prismsoftware (nonlinear regression (Sigmoidal dose-response-variable slope)Inhibition ratio %=100*(Sample reading−LC reading)/(HC reading−LC reading).";"B";"BAO_0000019";"assay format";"None";"None";"None";"None";"None";"";"";"";"CHEMBL2929";"Proprotein convertase subtilisin/kexin type 9";"Homo sapiens";"SINGLE PROTEIN";"CHEMBL5727468";"37";"BindingDB Patent Bioactivity Data";"";"2019";"None";"";"";"";"10000.0"
"CHEMBL5774255";"";"None";"436.51";"0";"2.71";"BDBM426008";"COCc1cccnc1N(C(=O)c1ccc(C2=NOC(C)(C)C2=O)cc1)[C@@H]1CCCNC1";"IC50";"'<'";"10000.0";"nM";"";"";"858686";"UO_0000065";"";"";"";"";"0";"CHEMBL5734738";"In Vitro Screening Experiment: 1. Reagent Preparation:1) Preparation of 1× AlphaLISA test buffer solution:2.5 ml of 10× AlphaLISA test buffer solution was added to 22.5 ml of Milli-Q water to produce the 1× AlphaLISA test buffer solution.2) Preparation of mixture (25 μg/mL/2.5 nM) of 2.5× AlphaLISA Acceptor beads and Biotinylated Antibody Anti-PCSK9:50 μL of 5 mg/mL Alpha LISA Anti-PCSK9 Acceptor beads and 50 μL of 500 nM Biotinylated Antibody Anti-PCSK9 were added to 9,900 μL of 1× AlphaLISA test buffer solution.3) Preparation of 2× Streptavidin (SA) Donor beads (80 μg/mL):200 μL of 5 mg/mL SA-Donor beads was added to 12,300 μL of 1× AlphaLISA test buffer solution.2. Operation Steps:1) DMSO was added to the test compound to produce the 50 μM stock solution, which was then serially diluted into 10 concentrations by 3-fold, and placed in the 384-pore plate;2) PCSK9-Huh7 cells were added in the 384-pore plate, and the cell plate was cultured in the incubator for 20 h;3) 20 μL/pore mixture of 2.5× AlphaLISA Acceptor beads and Biotinylated Antibody Anti-PCSK9 was added, and incubated at 23° C. for 60 min.4) 25 μL/pore 2× Streptavidin (SA) Donor beads were added; and incubated for 30 min at 23° C. (kept in dark place).5) EnVision-Alpha Reader reading:Test condition: Total Measurement Time: 550 ms, Laser 680 nm Excitation Time: 180 ms, Mirror: D640as, Emission Filtered: M570w, Center Wavelength 570 nm, Bandwidth 100 nm, Transmittance 75%.3. Data Analysis:Date was analyzed with Prismsoftware (nonlinear regression (Sigmoidal dose-response-variable slope)Inhibition ratio %=100*(Sample reading−LC reading)/(HC reading−LC reading).";"B";"BAO_0000019";"assay format";"None";"None";"None";"None";"None";"";"";"";"CHEMBL2929";"Proprotein convertase subtilisin/kexin type 9";"Homo sapiens";"SINGLE PROTEIN";"CHEMBL5727468";"37";"BindingDB Patent Bioactivity Data";"";"2019";"None";"";"";"";"10000.0"
"CHEMBL5590091";"";"None";"497.65";"0";"3.97";"3f";"CC1CCCN(Cc2ccc3nc(NC(=O)c4ccc(S(=O)(=O)NCCC#N)cc4)sc3c2)C1";"IC50";"'='";"25870.0";"nM";"4.59";"";"";"UO_0000065";"9.22";"0.18";"0.62";"3.98";"0";"CHEMBL5584419";"Inhibition of PCSK9 transcriptional activity in human HepG2 cells by luciferase reporter based assay";"B";"BAO_0000219";"cell-based format";"Homo sapiens";"None";"None";"HepG2";"None";"";"";"";"CHEMBL2929";"Proprotein convertase subtilisin/kexin type 9";"Homo sapiens";"SINGLE PROTEIN";"CHEMBL5584202";"1";"Scientific Literature";"Bioorg Med Chem Lett";"2024";"None";"";"INHIBITOR";"";"25.87"
"CHEMBL5597272";"";"None";"442.57";"0";"4.08";"5242331";"CCCCc1ccc2nc(NC(=O)c3ccc(S(=O)(=O)NCCC#N)cc3)sc2c1";"IC50";"'='";"4740.0";"nM";"5.32";"";"";"UO_0000065";"12.03";"0.24";"1.24";"4.76";"0";"CHEMBL5584419";"Inhibition of PCSK9 transcriptional activity in human HepG2 cells by luciferase reporter based assay";"B";"BAO_0000219";"cell-based format";"Homo sapiens";"None";"None";"HepG2";"None";"";"";"";"CHEMBL2929";"Proprotein convertase subtilisin/kexin type 9";"Homo sapiens";"SINGLE PROTEIN";"CHEMBL5584202";"1";"Scientific Literature";"Bioorg Med Chem Lett";"2024";"None";"";"INHIBITOR";"";"4.74"
"CHEMBL5758245";"";"None";"424.48";"0";"3.01";"BDBM425982";"Cc1cc(F)cnc1N(C(=O)c1ccc(C2=NOC(C)(C)C2=O)cc1)[C@@H]1CCCNC1";"IC50";"'<'";"10000.0";"nM";"";"";"858660";"UO_0000065";"";"";"";"";"0";"CHEMBL5734738";"In Vitro Screening Experiment: 1. Reagent Preparation:1) Preparation of 1× AlphaLISA test buffer solution:2.5 ml of 10× AlphaLISA test buffer solution was added to 22.5 ml of Milli-Q water to produce the 1× AlphaLISA test buffer solution.2) Preparation of mixture (25 μg/mL/2.5 nM) of 2.5× AlphaLISA Acceptor beads and Biotinylated Antibody Anti-PCSK9:50 μL of 5 mg/mL Alpha LISA Anti-PCSK9 Acceptor beads and 50 μL of 500 nM Biotinylated Antibody Anti-PCSK9 were added to 9,900 μL of 1× AlphaLISA test buffer solution.3) Preparation of 2× Streptavidin (SA) Donor beads (80 μg/mL):200 μL of 5 mg/mL SA-Donor beads was added to 12,300 μL of 1× AlphaLISA test buffer solution.2. Operation Steps:1) DMSO was added to the test compound to produce the 50 μM stock solution, which was then serially diluted into 10 concentrations by 3-fold, and placed in the 384-pore plate;2) PCSK9-Huh7 cells were added in the 384-pore plate, and the cell plate was cultured in the incubator for 20 h;3) 20 μL/pore mixture of 2.5× AlphaLISA Acceptor beads and Biotinylated Antibody Anti-PCSK9 was added, and incubated at 23° C. for 60 min.4) 25 μL/pore 2× Streptavidin (SA) Donor beads were added; and incubated for 30 min at 23° C. (kept in dark place).5) EnVision-Alpha Reader reading:Test condition: Total Measurement Time: 550 ms, Laser 680 nm Excitation Time: 180 ms, Mirror: D640as, Emission Filtered: M570w, Center Wavelength 570 nm, Bandwidth 100 nm, Transmittance 75%.3. Data Analysis:Date was analyzed with Prismsoftware (nonlinear regression (Sigmoidal dose-response-variable slope)Inhibition ratio %=100*(Sample reading−LC reading)/(HC reading−LC reading).";"B";"BAO_0000019";"assay format";"None";"None";"None";"None";"None";"";"";"";"CHEMBL2929";"Proprotein convertase subtilisin/kexin type 9";"Homo sapiens";"SINGLE PROTEIN";"CHEMBL5727468";"37";"BindingDB Patent Bioactivity Data";"";"2019";"None";"";"";"";"10000.0"
"CHEMBL5823636";"";"None";"440.93";"0";"3.52";"BDBM425987";"Cc1ccnc(N(C(=O)c2ccc(C3=NOC(C)(C)C3=O)cc2)[C@@H]2CCCNC2)c1Cl";"IC50";"'<'";"10000.0";"nM";"";"";"858665";"UO_0000065";"";"";"";"";"0";"CHEMBL5734738";"In Vitro Screening Experiment: 1. Reagent Preparation:1) Preparation of 1× AlphaLISA test buffer solution:2.5 ml of 10× AlphaLISA test buffer solution was added to 22.5 ml of Milli-Q water to produce the 1× AlphaLISA test buffer solution.2) Preparation of mixture (25 μg/mL/2.5 nM) of 2.5× AlphaLISA Acceptor beads and Biotinylated Antibody Anti-PCSK9:50 μL of 5 mg/mL Alpha LISA Anti-PCSK9 Acceptor beads and 50 μL of 500 nM Biotinylated Antibody Anti-PCSK9 were added to 9,900 μL of 1× AlphaLISA test buffer solution.3) Preparation of 2× Streptavidin (SA) Donor beads (80 μg/mL):200 μL of 5 mg/mL SA-Donor beads was added to 12,300 μL of 1× AlphaLISA test buffer solution.2. Operation Steps:1) DMSO was added to the test compound to produce the 50 μM stock solution, which was then serially diluted into 10 concentrations by 3-fold, and placed in the 384-pore plate;2) PCSK9-Huh7 cells were added in the 384-pore plate, and the cell plate was cultured in the incubator for 20 h;3) 20 μL/pore mixture of 2.5× AlphaLISA Acceptor beads and Biotinylated Antibody Anti-PCSK9 was added, and incubated at 23° C. for 60 min.4) 25 μL/pore 2× Streptavidin (SA) Donor beads were added; and incubated for 30 min at 23° C. (kept in dark place).5) EnVision-Alpha Reader reading:Test condition: Total Measurement Time: 550 ms, Laser 680 nm Excitation Time: 180 ms, Mirror: D640as, Emission Filtered: M570w, Center Wavelength 570 nm, Bandwidth 100 nm, Transmittance 75%.3. Data Analysis:Date was analyzed with Prismsoftware (nonlinear regression (Sigmoidal dose-response-variable slope)Inhibition ratio %=100*(Sample reading−LC reading)/(HC reading−LC reading).";"B";"BAO_0000019";"assay format";"None";"None";"None";"None";"None";"";"";"";"CHEMBL2929";"Proprotein convertase subtilisin/kexin type 9";"Homo sapiens";"SINGLE PROTEIN";"CHEMBL5727468";"37";"BindingDB Patent Bioactivity Data";"";"2019";"None";"";"";"";"10000.0"
"CHEMBL5972916";"";"None";"466.58";"0";"3.33";"BDBM425995";"COCCOC1C(c2ccc(C(=O)N(c3ncccc3C)[C@@H]3CCCNC3)cc2)=NOC1(C)C";"IC50";"'<'";"10000.0";"nM";"";"";"858673";"UO_0000065";"";"";"";"";"0";"CHEMBL5734738";"In Vitro Screening Experiment: 1. Reagent Preparation:1) Preparation of 1× AlphaLISA test buffer solution:2.5 ml of 10× AlphaLISA test buffer solution was added to 22.5 ml of Milli-Q water to produce the 1× AlphaLISA test buffer solution.2) Preparation of mixture (25 μg/mL/2.5 nM) of 2.5× AlphaLISA Acceptor beads and Biotinylated Antibody Anti-PCSK9:50 μL of 5 mg/mL Alpha LISA Anti-PCSK9 Acceptor beads and 50 μL of 500 nM Biotinylated Antibody Anti-PCSK9 were added to 9,900 μL of 1× AlphaLISA test buffer solution.3) Preparation of 2× Streptavidin (SA) Donor beads (80 μg/mL):200 μL of 5 mg/mL SA-Donor beads was added to 12,300 μL of 1× AlphaLISA test buffer solution.2. Operation Steps:1) DMSO was added to the test compound to produce the 50 μM stock solution, which was then serially diluted into 10 concentrations by 3-fold, and placed in the 384-pore plate;2) PCSK9-Huh7 cells were added in the 384-pore plate, and the cell plate was cultured in the incubator for 20 h;3) 20 μL/pore mixture of 2.5× AlphaLISA Acceptor beads and Biotinylated Antibody Anti-PCSK9 was added, and incubated at 23° C. for 60 min.4) 25 μL/pore 2× Streptavidin (SA) Donor beads were added; and incubated for 30 min at 23° C. (kept in dark place).5) EnVision-Alpha Reader reading:Test condition: Total Measurement Time: 550 ms, Laser 680 nm Excitation Time: 180 ms, Mirror: D640as, Emission Filtered: M570w, Center Wavelength 570 nm, Bandwidth 100 nm, Transmittance 75%.3. Data Analysis:Date was analyzed with Prismsoftware (nonlinear regression (Sigmoidal dose-response-variable slope)Inhibition ratio %=100*(Sample reading−LC reading)/(HC reading−LC reading).";"B";"BAO_0000019";"assay format";"None";"None";"None";"None";"None";"";"";"";"CHEMBL2929";"Proprotein convertase subtilisin/kexin type 9";"Homo sapiens";"SINGLE PROTEIN";"CHEMBL5727468";"37";"BindingDB Patent Bioactivity Data";"";"2019";"None";"";"";"";"10000.0"
"CHEMBL5279432";"";"None";"4375.93";"None";"None";"7; EGF-A";"CC[C@H](C)[C@H](NC(=O)[C@H](CCCCN)NC(=O)[C@H](CC(C)C)NC(=O)[C@H](CC(=O)O)NC(=O)[C@H](CC(N)=O)NC(=O)[C@H](CS)NC(=O)[C@@H](NC(=O)[C@H](Cc1c[nH]cn1)NC(=O)[C@H](CO)NC(=O)[C@H](CS)NC(=O)CNC(=O)CNC(=O)[C@H](CC(N)=O)NC(=O)[C@H](CC(N)=O)NC(=O)[C@H](CC(=O)O)NC(=O)[C@H](CC(C)C)NC(=O)[C@H](CS)NC(=O)[C@H](CCC(=O)O)NC(=O)[C@H](CC(N)=O)NC(=O)[C@@H](NC(=O)CN)[C@@H](C)O)C(C)C)C(=O)NCC(=O)N[C@@H](Cc1ccc(O)cc1)C(=O)N[C@@H](CCC(=O)O)C(=O)N[C@@H](CS)C(=O)N[C@@H](CC(C)C)C(=O)N[C@@H](CS)C(=O)N1CCC[C@H]1C(=O)N[C@@H](CC(=O)O)C(=O)NCC(=O)N[C@@H](Cc1ccccc1)C(=O)N[C@@H](CCC(N)=O)C(=O)N[C@@H](CC(C)C)C(=O)N[C@H](C(=O)N[C@@H](C)C(=O)N[C@@H](CCC(N)=O)C(=O)N[C@@H](CCCNC(=N)N)C(=O)N[C@@H](CCCNC(=N)N)C(=O)N[C@@H](CS)C(=O)N[C@@H](CCC(=O)O)C(=O)O)C(C)C";"IC50";"'='";"3400.0";"nM";"5.47";"";"";"UO_0000065";"1.25";"None";"None";"None";"0";"CHEMBL5236415";"Inhibition of human PCSK9";"B";"BAO_0000357";"single protein format";"Homo sapiens";"None";"None";"None";"None";"";"";"";"CHEMBL2929";"Proprotein convertase subtilisin/kexin type 9";"Homo sapiens";"SINGLE PROTEIN";"CHEMBL5233285";"1";"Scientific Literature";"J Med Chem";"2022";"None";"";"INHIBITOR";"";"3.4"
"CHEMBL5280651";"";"None";"1454.83";"None";"None";"38";"CC[C@H](C)[C@H](NC(=O)[C@H](CCCCNC(=N)N)NC(=O)[C@@H](NC(=O)[C@H](CC(C)C)NC(=O)[C@H](CC(N)=O)NC(=O)[C@H](Cc1c[nH]c2ccccc12)NC(=O)C1(N)CCC(c2ccccc2)CC1)C(C)C)C(=O)NCC(=O)N[C@@H](CC(C)C)C(=O)N[C@@H](CC(C)C)C(=O)N[C@@H](CCCNC(=N)N)C(=O)O";"IC50";"'='";"700.0";"nM";"6.16";"";"";"UO_0000065";"4.23";"None";"None";"None";"0";"CHEMBL5236415";"Inhibition of human PCSK9";"B";"BAO_0000357";"single protein format";"Homo sapiens";"None";"None";"None";"None";"";"";"";"CHEMBL2929";"Proprotein convertase subtilisin/kexin type 9";"Homo sapiens";"SINGLE PROTEIN";"CHEMBL5233285";"1";"Scientific Literature";"J Med Chem";"2022";"None";"";"INHIBITOR";"";"0.7"
"CHEMBL5438114";"";"None";"373.41";"0";"0.28";"3m";"COc1cccc(Cn2c(N[C@@H](C)CO)nc3c2c(=O)n(C)c(=O)n3C)c1";"IC50";"'='";"18000.0";"nM";"4.75";"";"";"UO_0000065";"12.71";"0.24";"4.46";"4.59";"0";"CHEMBL5333523";"Inhibition of PCSK9 transcriptional activity in human HepG2 cells stably expressing luciferase reporter plasmid containing PCSK9 promoter assessed as decrease in luciferase activity incubated for 24 hrs by Luciferase assay";"B";"BAO_0000219";"cell-based format";"Homo sapiens";"None";"None";"HepG2";"None";"";"";"";"CHEMBL2929";"Proprotein convertase subtilisin/kexin type 9";"Homo sapiens";"SINGLE PROTEIN";"CHEMBL5331095";"1";"Scientific Literature";"Eur J Med Chem";"2023";"None";"TIME = 24.0 hr";"INHIBITOR";"";"18.0"
"CHEMBL5413871";"";"None";"381.80";"0";"0.68";"5r";"Cn1c(=O)c2c(nc(NCCO)n2Cc2cccc(Cl)c2F)n(C)c1=O";"IC50";"'='";"5700.0";"nM";"5.24";"";"";"UO_0000065";"13.74";"0.28";"4.56";"5.57";"0";"CHEMBL5333523";"Inhibition of PCSK9 transcriptional activity in human HepG2 cells stably expressing luciferase reporter plasmid containing PCSK9 promoter assessed as decrease in luciferase activity incubated for 24 hrs by Luciferase assay";"B";"BAO_0000219";"cell-based format";"Homo sapiens";"None";"None";"HepG2";"None";"";"";"";"CHEMBL2929";"Proprotein convertase subtilisin/kexin type 9";"Homo sapiens";"SINGLE PROTEIN";"CHEMBL5331095";"1";"Scientific Literature";"Eur J Med Chem";"2023";"None";"TIME = 24.0 hr";"INHIBITOR";"";"5.7"
"CHEMBL5400174";"";"None";"365.34";"0";"0.16";"5p";"Cn1c(=O)c2c(nc(NCCO)n2Cc2cc(F)ccc2F)n(C)c1=O";"IC50";"'='";"10700.0";"nM";"4.97";"";"";"UO_0000065";"13.61";"0.26";"4.81";"5.28";"0";"CHEMBL5333523";"Inhibition of PCSK9 transcriptional activity in human HepG2 cells stably expressing luciferase reporter plasmid containing PCSK9 promoter assessed as decrease in luciferase activity incubated for 24 hrs by Luciferase assay";"B";"BAO_0000219";"cell-based format";"Homo sapiens";"None";"None";"HepG2";"None";"";"";"";"CHEMBL2929";"Proprotein convertase subtilisin/kexin type 9";"Homo sapiens";"SINGLE PROTEIN";"CHEMBL5331095";"1";"Scientific Literature";"Eur J Med Chem";"2023";"None";"TIME = 24.0 hr";"INHIBITOR";"";"10.7"
"CHEMBL5268026";"";"None";"6586.53";"None";"None";"26";"CC(=O)N[C@H](CSCc1cn(CCCCCC(=O)NCCOCCOCCOCCOCCOCCOCCOCCOCCOCCOCCC(=O)NCCCC[C@H](NC(=O)COCCOCCOCCOCCOCCOCCOCCOCCOCCOCCNC(=O)C(N)CCCCn2cc(CSC[C@@H](NC(C)=O)C(=O)N[C@H](C(=O)N[C@H](C(=O)N[C@@H](Cc3ccccc3)C(=O)N[C@H](C(=O)N[C@@H](CO)C(=O)N[C@@H](Cc3c[nH]c4ccccc34)C(=O)N[C@@H](CCC(=O)O)C(=O)N[C@@H](CCC(=O)O)C(=O)N[C@@H](Cc3ccc(O)cc3)C(=O)N[C@@H](CC(C)C)C(=O)N[C@@H](CC(=O)O)C(=O)N[C@@H](Cc3c[nH]c4ccccc34)C(=O)N[C@H](C(=O)N[C@@H](CCCNC(=N)N)C(=O)N[C@@H](CCCNC(=N)N)C(=O)NCC(=O)O)C(C)C)[C@@H](C)O)C(C)C)[C@@H](C)O)nn2)C(=O)NCC(=O)N[C@@H](CCCNC(=N)N)C(=O)N[C@@H](CCCNC(=N)N)C(=O)N[C@@H](CCCCN)C(=O)N[C@@H](Cc2c[nH]c3ccccc23)C(N)=O)nn1)C(=O)N[C@H](C(=O)N[C@H](C(=O)N[C@@H](Cc1ccccc1)C(=O)N[C@H](C(=O)N[C@@H](CO)C(=O)N[C@@H](Cc1c[nH]c2ccccc12)C(=O)N[C@@H](CCC(=O)O)C(=O)N[C@@H](CCC(=O)O)C(=O)N[C@@H](Cc1ccc(O)cc1)C(=O)N[C@@H](CC(C)C)C(=O)N[C@@H](CC(=O)O)C(=O)N[C@@H](Cc1c[nH]c2ccccc12)C(=O)N[C@H](C(=O)N[C@@H](CCCNC(=N)N)C(=O)N[C@@H](CCCNC(=N)N)C(=O)NCC(=O)O)C(C)C)[C@@H](C)O)C(C)C)[C@@H](C)O";"IC50";"'='";"230.0";"nM";"6.64";"";"";"UO_0000065";"1.01";"None";"None";"None";"0";"CHEMBL5236419";"Inhibition of PCSK9 (unknown origin)";"B";"BAO_0000357";"single protein format";"Homo sapiens";"None";"None";"None";"None";"";"";"";"CHEMBL2929";"Proprotein convertase subtilisin/kexin type 9";"Homo sapiens";"SINGLE PROTEIN";"CHEMBL5233285";"1";"Scientific Literature";"J Med Chem";"2022";"None";"";"INHIBITOR";"";"0.23"
"CHEMBL4108567";"";"None";"455.52";"0";"3.73";"BDBM200319";"Cn1ncc(-c2ccc(C(=O)N(c3nccc4ccccc34)[C@@H]3CCCNC3)cc2)c1C(=O)O";"IC50";"'>'";"20000.0";"nM";"";"";"356380";"UO_0000065";"";"";"";"";"0";"CHEMBL3887820";"AlphaLISA Assay: An in-vitro AlphaLISA assay (Perkin Elmer) was developed in order to quantitate the level of PCSK9 secreted into the cell culture media following compound treatment. To detect and measure PCSK9 protein an in-house generated anti-PCSK9 antibody was coupled to AlphaLISA acceptor beads by an external vendor (PerkinElmer) and a second internally developed anti-PCSK9 antibody with an epiptope distinct from that of the acceptor beads was biotinylated in house. Streptavidin coated-donor beads (Perkin Elmer) are also included in the assay mixture which then binds the biotinylated anti-PCSK9 antibody and in the presence of PCSK9 this donor complex and acceptor beads are brought into close proximity. Upon excitation of the donor beads at 680 nm singlet oxygen molecules are released that trigger an energy transfer cascade within the acceptor beads resolving as a single peak of light emitted at 615 nm. The ability of compound to modulate PCSK9 protein levels in conditioned media by AlphaLISA was assessed in the human hepatocellular carcinoma cell line Huh7, stably over-expressing human PCSK9.";"B";"BAO_0000019";"assay format";"None";"None";"None";"None";"None";"";"";"";"CHEMBL2929";"Proprotein convertase subtilisin/kexin type 9";"Homo sapiens";"SINGLE PROTEIN";"CHEMBL3886461";"37";"BindingDB Patent Bioactivity Data";"";"2016";"None";"";"";"";"20000.0"
"CHEMBL4107714";"";"None";"467.96";"0";"3.71";"BDBM200321";"CCOC(=O)c1c(-c2ccc(C(=O)N(c3ncccc3Cl)[C@@H]3CCCNC3)cc2)cnn1C";"IC50";"'='";"1500.0";"nM";"5.82";"";"356382";"UO_0000065";"12.45";"0.24";"2.11";"6.52";"0";"CHEMBL3887820";"AlphaLISA Assay: An in-vitro AlphaLISA assay (Perkin Elmer) was developed in order to quantitate the level of PCSK9 secreted into the cell culture media following compound treatment. To detect and measure PCSK9 protein an in-house generated anti-PCSK9 antibody was coupled to AlphaLISA acceptor beads by an external vendor (PerkinElmer) and a second internally developed anti-PCSK9 antibody with an epiptope distinct from that of the acceptor beads was biotinylated in house. Streptavidin coated-donor beads (Perkin Elmer) are also included in the assay mixture which then binds the biotinylated anti-PCSK9 antibody and in the presence of PCSK9 this donor complex and acceptor beads are brought into close proximity. Upon excitation of the donor beads at 680 nm singlet oxygen molecules are released that trigger an energy transfer cascade within the acceptor beads resolving as a single peak of light emitted at 615 nm. The ability of compound to modulate PCSK9 protein levels in conditioned media by AlphaLISA was assessed in the human hepatocellular carcinoma cell line Huh7, stably over-expressing human PCSK9.";"B";"BAO_0000019";"assay format";"None";"None";"None";"None";"None";"";"";"";"CHEMBL2929";"Proprotein convertase subtilisin/kexin type 9";"Homo sapiens";"SINGLE PROTEIN";"CHEMBL3886461";"37";"BindingDB Patent Bioactivity Data";"";"2016";"None";"";"";"";"1500.0"
"CHEMBL4109114";"";"None";"574.64";"2";"4.05";"BDBM200329";"CCOC(=O)OC(C)OC(=O)c1c(-c2ccc(C(=O)N(c3nccc4ccn(C)c34)[C@@H]3CCCNC3)cc2)cnn1C";"IC50";"'='";"4500.0";"nM";"5.35";"";"356390";"UO_0000065";"9.30";"0.17";"1.30";"4.12";"0";"CHEMBL3887820";"AlphaLISA Assay: An in-vitro AlphaLISA assay (Perkin Elmer) was developed in order to quantitate the level of PCSK9 secreted into the cell culture media following compound treatment. To detect and measure PCSK9 protein an in-house generated anti-PCSK9 antibody was coupled to AlphaLISA acceptor beads by an external vendor (PerkinElmer) and a second internally developed anti-PCSK9 antibody with an epiptope distinct from that of the acceptor beads was biotinylated in house. Streptavidin coated-donor beads (Perkin Elmer) are also included in the assay mixture which then binds the biotinylated anti-PCSK9 antibody and in the presence of PCSK9 this donor complex and acceptor beads are brought into close proximity. Upon excitation of the donor beads at 680 nm singlet oxygen molecules are released that trigger an energy transfer cascade within the acceptor beads resolving as a single peak of light emitted at 615 nm. The ability of compound to modulate PCSK9 protein levels in conditioned media by AlphaLISA was assessed in the human hepatocellular carcinoma cell line Huh7, stably over-expressing human PCSK9.";"B";"BAO_0000019";"assay format";"None";"None";"None";"None";"None";"";"";"";"CHEMBL2929";"Proprotein convertase subtilisin/kexin type 9";"Homo sapiens";"SINGLE PROTEIN";"CHEMBL3886461";"37";"BindingDB Patent Bioactivity Data";"";"2016";"None";"";"";"";"4500.0"
"CHEMBL4106569";"";"None";"496.59";"0";"1.88";"BDBM200344";"Cc1cccnc1N(C(=O)c1ccc(-c2cnn(C)c2C(=O)NS(C)(=O)=O)cc1)[C@@H]1CCCNC1";"IC50";"'>'";"20000.0";"nM";"";"";"356402";"UO_0000065";"";"";"";"";"0";"CHEMBL3887820";"AlphaLISA Assay: An in-vitro AlphaLISA assay (Perkin Elmer) was developed in order to quantitate the level of PCSK9 secreted into the cell culture media following compound treatment. To detect and measure PCSK9 protein an in-house generated anti-PCSK9 antibody was coupled to AlphaLISA acceptor beads by an external vendor (PerkinElmer) and a second internally developed anti-PCSK9 antibody with an epiptope distinct from that of the acceptor beads was biotinylated in house. Streptavidin coated-donor beads (Perkin Elmer) are also included in the assay mixture which then binds the biotinylated anti-PCSK9 antibody and in the presence of PCSK9 this donor complex and acceptor beads are brought into close proximity. Upon excitation of the donor beads at 680 nm singlet oxygen molecules are released that trigger an energy transfer cascade within the acceptor beads resolving as a single peak of light emitted at 615 nm. The ability of compound to modulate PCSK9 protein levels in conditioned media by AlphaLISA was assessed in the human hepatocellular carcinoma cell line Huh7, stably over-expressing human PCSK9.";"B";"BAO_0000019";"assay format";"None";"None";"None";"None";"None";"";"";"";"CHEMBL2929";"Proprotein convertase subtilisin/kexin type 9";"Homo sapiens";"SINGLE PROTEIN";"CHEMBL3886461";"37";"BindingDB Patent Bioactivity Data";"";"2016";"None";"";"";"";"20000.0"
"CHEMBL4107141";"";"None";"557.66";"2";"3.56";"BDBM200366";"Cc1cccnc1N(C(=O)c1ccc(-c2cnn(C)c2-c2nnn(C(C)OC(=O)C(C)C)n2)cc1)[C@@H]1CCCNC1";"IC50";"'>'";"20000.0";"nM";"";"";"356424";"UO_0000065";"";"";"";"";"0";"CHEMBL3887820";"AlphaLISA Assay: An in-vitro AlphaLISA assay (Perkin Elmer) was developed in order to quantitate the level of PCSK9 secreted into the cell culture media following compound treatment. To detect and measure PCSK9 protein an in-house generated anti-PCSK9 antibody was coupled to AlphaLISA acceptor beads by an external vendor (PerkinElmer) and a second internally developed anti-PCSK9 antibody with an epiptope distinct from that of the acceptor beads was biotinylated in house. Streptavidin coated-donor beads (Perkin Elmer) are also included in the assay mixture which then binds the biotinylated anti-PCSK9 antibody and in the presence of PCSK9 this donor complex and acceptor beads are brought into close proximity. Upon excitation of the donor beads at 680 nm singlet oxygen molecules are released that trigger an energy transfer cascade within the acceptor beads resolving as a single peak of light emitted at 615 nm. The ability of compound to modulate PCSK9 protein levels in conditioned media by AlphaLISA was assessed in the human hepatocellular carcinoma cell line Huh7, stably over-expressing human PCSK9.";"B";"BAO_0000019";"assay format";"None";"None";"None";"None";"None";"";"";"";"CHEMBL2929";"Proprotein convertase subtilisin/kexin type 9";"Homo sapiens";"SINGLE PROTEIN";"CHEMBL3886461";"37";"BindingDB Patent Bioactivity Data";"";"2016";"None";"";"";"";"20000.0"
"CHEMBL4107804";"";"None";"412.50";"0";"3.50";"BDBM200316";"Cc1cccnc1N(C(=O)c1ccc(-c2cnn3cccnc23)cc1)[C@@H]1CCCNC1";"IC50";"'='";"440.0";"nM";"6.36";"";"356430";"UO_0000065";"15.41";"0.28";"2.86";"8.43";"0";"CHEMBL3887821";"Cell Free Assay: In order to eliminate the permeability barrier inherent to the WT7 and SCHH cell-based assays a cell-free system was also established to access compound activity. A sequence containing the full length human PCSK9 (NCBI reference identifier, NM-174936.3, where coding sequence start annotated at position 363) along with 84 additional 3â¿² nucleotides, comprising a V5 tag and polylinkinker followed by an in frame modified firefly luciferase reporter (corresponding to nucleotide positions 283-1929 of pGL3, Gen Bank reference identifier JN542721.1) was cloned into the pT7CFE1 expression vector (ThermoScientific). The construct was then in-vitro transcribed using the MEGAscript T7 Kit (Life Technologies) and RNA subsequently purified incorporating the MEGAclear Kit (Life Technologies) according to manufacturer's protocols. HeLa cell lysates were prepared following the protocols described by Mikami (reference is Cell-Free Protein Synthesis Systems with Extracts from Cultured Human Cells, S. Mikami, T. Kobayashi and H. Imataka; from Methods in Molecular Biology, vol. 607, pages 43-52, Y. Endo et al. (eds.), Humana Press, 2010) with the following modifications.";"B";"BAO_0000219";"cell-based format";"None";"None";"None";"HeLa";"None";"";"";"";"CHEMBL2929";"Proprotein convertase subtilisin/kexin type 9";"Homo sapiens";"SINGLE PROTEIN";"CHEMBL3886461";"37";"BindingDB Patent Bioactivity Data";"";"2016";"CHEMBL3308376";"";"";"";"440.0"
"CHEMBL4109932";"";"None";"517.01";"1";"2.22";"BDBM200343";"Cn1ncc(-c2ccc(C(=O)N(c3ncccc3Cl)[C@@H]3CCCNC3)cc2)c1C(=O)NS(C)(=O)=O";"IC50";"'='";"14300.0";"nM";"4.84";"";"356449";"UO_0000065";"9.37";"0.19";"2.62";"3.84";"0";"CHEMBL3887821";"Cell Free Assay: In order to eliminate the permeability barrier inherent to the WT7 and SCHH cell-based assays a cell-free system was also established to access compound activity. A sequence containing the full length human PCSK9 (NCBI reference identifier, NM-174936.3, where coding sequence start annotated at position 363) along with 84 additional 3â¿² nucleotides, comprising a V5 tag and polylinkinker followed by an in frame modified firefly luciferase reporter (corresponding to nucleotide positions 283-1929 of pGL3, Gen Bank reference identifier JN542721.1) was cloned into the pT7CFE1 expression vector (ThermoScientific). The construct was then in-vitro transcribed using the MEGAscript T7 Kit (Life Technologies) and RNA subsequently purified incorporating the MEGAclear Kit (Life Technologies) according to manufacturer's protocols. HeLa cell lysates were prepared following the protocols described by Mikami (reference is Cell-Free Protein Synthesis Systems with Extracts from Cultured Human Cells, S. Mikami, T. Kobayashi and H. Imataka; from Methods in Molecular Biology, vol. 607, pages 43-52, Y. Endo et al. (eds.), Humana Press, 2010) with the following modifications.";"B";"BAO_0000219";"cell-based format";"None";"None";"None";"HeLa";"None";"";"";"";"CHEMBL2929";"Proprotein convertase subtilisin/kexin type 9";"Homo sapiens";"SINGLE PROTEIN";"CHEMBL3886461";"37";"BindingDB Patent Bioactivity Data";"";"2016";"CHEMBL3308376";"";"";"";"14300.0"
"CHEMBL4110287";"";"None";"571.69";"2";"3.95";"BDBM200368";"CCC(OC(=O)C(C)C)n1nnc(-c2c(-c3ccc(C(=O)N(c4ncccc4C)[C@@H]4CCCNC4)cc3)cnn2C)n1";"IC50";"'>'";"20000.0";"nM";"";"";"356427";"UO_0000065";"";"";"";"";"0";"CHEMBL3887820";"AlphaLISA Assay: An in-vitro AlphaLISA assay (Perkin Elmer) was developed in order to quantitate the level of PCSK9 secreted into the cell culture media following compound treatment. To detect and measure PCSK9 protein an in-house generated anti-PCSK9 antibody was coupled to AlphaLISA acceptor beads by an external vendor (PerkinElmer) and a second internally developed anti-PCSK9 antibody with an epiptope distinct from that of the acceptor beads was biotinylated in house. Streptavidin coated-donor beads (Perkin Elmer) are also included in the assay mixture which then binds the biotinylated anti-PCSK9 antibody and in the presence of PCSK9 this donor complex and acceptor beads are brought into close proximity. Upon excitation of the donor beads at 680 nm singlet oxygen molecules are released that trigger an energy transfer cascade within the acceptor beads resolving as a single peak of light emitted at 615 nm. The ability of compound to modulate PCSK9 protein levels in conditioned media by AlphaLISA was assessed in the human hepatocellular carcinoma cell line Huh7, stably over-expressing human PCSK9.";"B";"BAO_0000019";"assay format";"None";"None";"None";"None";"None";"";"";"";"CHEMBL2929";"Proprotein convertase subtilisin/kexin type 9";"Homo sapiens";"SINGLE PROTEIN";"CHEMBL3886461";"37";"BindingDB Patent Bioactivity Data";"";"2016";"None";"";"";"";"20000.0"
"CHEMBL4114463";"";"None";"585.71";"2";"4.20";"BDBM200370";"Cc1cccnc1N(C(=O)c1ccc(-c2cnn(C)c2-c2nnn(C(OC(=O)C(C)C)C(C)C)n2)cc1)[C@@H]1CCCNC1";"IC50";"'>'";"19200.0";"nM";"";"";"356429";"UO_0000065";"";"";"";"";"0";"CHEMBL3887820";"AlphaLISA Assay: An in-vitro AlphaLISA assay (Perkin Elmer) was developed in order to quantitate the level of PCSK9 secreted into the cell culture media following compound treatment. To detect and measure PCSK9 protein an in-house generated anti-PCSK9 antibody was coupled to AlphaLISA acceptor beads by an external vendor (PerkinElmer) and a second internally developed anti-PCSK9 antibody with an epiptope distinct from that of the acceptor beads was biotinylated in house. Streptavidin coated-donor beads (Perkin Elmer) are also included in the assay mixture which then binds the biotinylated anti-PCSK9 antibody and in the presence of PCSK9 this donor complex and acceptor beads are brought into close proximity. Upon excitation of the donor beads at 680 nm singlet oxygen molecules are released that trigger an energy transfer cascade within the acceptor beads resolving as a single peak of light emitted at 615 nm. The ability of compound to modulate PCSK9 protein levels in conditioned media by AlphaLISA was assessed in the human hepatocellular carcinoma cell line Huh7, stably over-expressing human PCSK9.";"B";"BAO_0000019";"assay format";"None";"None";"None";"None";"None";"";"";"";"CHEMBL2929";"Proprotein convertase subtilisin/kexin type 9";"Homo sapiens";"SINGLE PROTEIN";"CHEMBL3886461";"37";"BindingDB Patent Bioactivity Data";"";"2016";"None";"";"";"";"19200.0"
"CHEMBL5280306";"";"None";"3370.87";"None";"None";"35";"CC[C@H](C)[C@H](NC(=O)[C@H](CCC(N)=O)NC(=O)[C@H](CC(C)C)NC(=O)[C@H](CC(N)=O)NC(=O)[C@H](Cc1c[nH]c2ccccc12)NC(=O)[C@@H]1CCCN1C(=O)[C@H](CC(C)C)NC(=O)[C@H](CCCNC(=N)N)NC(=O)[C@H](CS)NC(=O)CNC(=O)[C@H](CO)NC(=O)CNC(=O)[C@@H](NC(=O)[C@H](Cc1c[nH]c2ccccc12)NC(=O)[C@H](CC(=O)O)NC(=O)[C@H](CC(C)C)NC(=O)[C@H](Cc1ccc(O)cc1)NC(=O)[C@H](CCC(=O)O)NC(=O)[C@H](CCC(=O)O)NC(=O)[C@H](Cc1c[nH]c2ccccc12)NC(=O)[C@H](CO)NC(=O)[C@@H](NC(=O)[C@H](Cc1ccccc1)NC(=O)[C@@H](NC(=O)[C@@H](N)[C@@H](C)O)C(C)C)[C@@H](C)O)C(C)C)C(=O)NCC(=O)N[C@@H](CC(C)C)C(=O)N1CCC[C@H]1C(=O)N[C@@H](CS)C(=O)O";"IC50";"'='";"20.0";"nM";"7.70";"";"";"UO_0000065";"2.28";"None";"None";"None";"0";"CHEMBL5236415";"Inhibition of human PCSK9";"B";"BAO_0000357";"single protein format";"Homo sapiens";"None";"None";"None";"None";"";"";"";"CHEMBL2929";"Proprotein convertase subtilisin/kexin type 9";"Homo sapiens";"SINGLE PROTEIN";"CHEMBL5233285";"1";"Scientific Literature";"J Med Chem";"2022";"None";"";"INHIBITOR";"";"0.02"
"CHEMBL5278470";"";"None";"1483.87";"None";"None";"39";"CC[C@H](C)[C@H](NC(=O)[C@H](CCCCNC(=N)N)NC(=O)[C@H](CCCCN)NC(=O)[C@H](CC(C)C)NC(=O)[C@H](CC(N)=O)NC(=O)[C@H](Cc1c[nH]c2ccccc12)NC(=O)C1(N)CCC(c2ccccc2)CC1)C(=O)NCC(=O)N[C@@H](CC(C)C)C(=O)N[C@@H](CC(C)C)C(=O)N[C@@H](CCCNC(=N)N)C(=O)O";"IC50";"'='";"40.0";"nM";"7.40";"";"";"UO_0000065";"4.99";"None";"None";"None";"0";"CHEMBL5236432";"Inhibition of human PCSK9 preincubated for 30 mins followed by ab20 addition and measured after 2 hrs by TR-FRET assay";"B";"BAO_0000357";"single protein format";"Homo sapiens";"None";"None";"None";"None";"";"";"";"CHEMBL2929";"Proprotein convertase subtilisin/kexin type 9";"Homo sapiens";"SINGLE PROTEIN";"CHEMBL5233285";"1";"Scientific Literature";"J Med Chem";"2022";"None";"TIME = 2.5 hr";"INHIBITOR";"";"0.04"
"CHEMBL5275906";"";"None";"1710.13";"None";"None";"34; Pep 2";"CC[C@H](C)[C@H](NC(=O)[C@H](CCCCNC(=N)N)NC(=O)[C@@H](NC(=O)[C@H](CC(C)C)NC(=O)[C@H](CC(N)=O)NC(=O)[C@H](Cc1c[nH]c2ccccc12)NC(=O)[C@@H]1CCCN1C(=O)[C@H](CCSC)NC(=O)[C@H](CC(C)C)NC(=O)[C@@H](N)CC(=O)O)C(C)C)C(=O)NCC(=O)N[C@@H](CC(C)C)C(=O)N[C@@H](CC(C)C)C(=O)N[C@@H](CCCNC(=N)N)C(=O)O";"IC50";"'>'";"50000.0";"nM";"";"";"";"UO_0000065";"";"";"";"";"0";"CHEMBL5236433";"Inhibition of human PCSK9 preincubated for 30 mins followed by EGF(A) addition and measured after 2 hrs by TR-FRET assay";"B";"BAO_0000357";"single protein format";"Homo sapiens";"None";"None";"None";"None";"";"";"";"CHEMBL2929";"Proprotein convertase subtilisin/kexin type 9";"Homo sapiens";"SINGLE PROTEIN";"CHEMBL5233285";"1";"Scientific Literature";"J Med Chem";"2022";"None";"TIME = 2.5 hr";"";"";"50.0"
"CHEMBL5432309";"";"None";"372.39";"0";"-0.61";"3w";"COc1cccc(Cn2c(NCC(N)=O)nc3c2c(=O)n(C)c(=O)n3C)c1";"IC50";"'='";"21900.0";"nM";"4.66";"";"";"UO_0000065";"12.51";"0.24";"5.27";"3.69";"0";"CHEMBL5333523";"Inhibition of PCSK9 transcriptional activity in human HepG2 cells stably expressing luciferase reporter plasmid containing PCSK9 promoter assessed as decrease in luciferase activity incubated for 24 hrs by Luciferase assay";"B";"BAO_0000219";"cell-based format";"Homo sapiens";"None";"None";"HepG2";"None";"";"";"";"CHEMBL2929";"Proprotein convertase subtilisin/kexin type 9";"Homo sapiens";"SINGLE PROTEIN";"CHEMBL5331095";"1";"Scientific Literature";"Eur J Med Chem";"2023";"None";"TIME = 24.0 hr";"INHIBITOR";"";"21.9"
"CHEMBL4106546";"";"None";"587.69";"2";"4.17";"BDBM200350";"CCOC(=O)OC(C(C)C)n1nnc(-c2c(-c3ccc(C(=O)N(c4ncccc4C)[C@@H]4CCCNC4)cc3)cnn2C)n1";"IC50";"'='";"6200.0";"nM";"5.21";"";"356454";"UO_0000065";"8.86";"0.17";"1.04";"3.66";"0";"CHEMBL3887821";"Cell Free Assay: In order to eliminate the permeability barrier inherent to the WT7 and SCHH cell-based assays a cell-free system was also established to access compound activity. A sequence containing the full length human PCSK9 (NCBI reference identifier, NM-174936.3, where coding sequence start annotated at position 363) along with 84 additional 3â¿² nucleotides, comprising a V5 tag and polylinkinker followed by an in frame modified firefly luciferase reporter (corresponding to nucleotide positions 283-1929 of pGL3, Gen Bank reference identifier JN542721.1) was cloned into the pT7CFE1 expression vector (ThermoScientific). The construct was then in-vitro transcribed using the MEGAscript T7 Kit (Life Technologies) and RNA subsequently purified incorporating the MEGAclear Kit (Life Technologies) according to manufacturer's protocols. HeLa cell lysates were prepared following the protocols described by Mikami (reference is Cell-Free Protein Synthesis Systems with Extracts from Cultured Human Cells, S. Mikami, T. Kobayashi and H. Imataka; from Methods in Molecular Biology, vol. 607, pages 43-52, Y. Endo et al. (eds.), Humana Press, 2010) with the following modifications.";"B";"BAO_0000219";"cell-based format";"None";"None";"None";"HeLa";"None";"";"";"";"CHEMBL2929";"Proprotein convertase subtilisin/kexin type 9";"Homo sapiens";"SINGLE PROTEIN";"CHEMBL3886461";"37";"BindingDB Patent Bioactivity Data";"";"2016";"CHEMBL3308376";"";"";"";"6200.0"
"CHEMBL5414978";"";"None";"428.50";"0";"3.20";"20";"COc1cccnc1N(C(=O)c1ccc(-c2cnn3cccnc23)cc1)[C@@H]1CCCNC1";"IC50";"'='";"16900.0";"nM";"4.77";"";"";"UO_0000065";"11.14";"0.20";"1.57";"5.64";"0";"CHEMBL5365867";"Inhibition of full length human PCSK9 expressed in human Huh-7 cells by ELISA analysis";"B";"BAO_0000219";"cell-based format";"Homo sapiens";"None";"None";"Huh-7";"None";"";"";"";"CHEMBL2929";"Proprotein convertase subtilisin/kexin type 9";"Homo sapiens";"SINGLE PROTEIN";"CHEMBL5365408";"1";"Scientific Literature";"Bioorg Med Chem Lett";"2023";"None";"";"INHIBITOR";"";"16.9"
"CHEMBL5431139";"";"None";"452.52";"0";"3.10";"10";"Cn1ccc2ccnc(N(C(=O)c3ccc(-n4nnc5cccnc54)cc3)[C@@H]3CCCNC3)c21";"IC50";"'='";"580.0";"nM";"6.24";"";"";"UO_0000065";"13.78";"0.25";"3.14";"6.65";"0";"CHEMBL5365867";"Inhibition of full length human PCSK9 expressed in human Huh-7 cells by ELISA analysis";"B";"BAO_0000219";"cell-based format";"Homo sapiens";"None";"None";"Huh-7";"None";"";"";"";"CHEMBL2929";"Proprotein convertase subtilisin/kexin type 9";"Homo sapiens";"SINGLE PROTEIN";"CHEMBL5365408";"1";"Scientific Literature";"Bioorg Med Chem Lett";"2023";"None";"";"INHIBITOR";"";"0.58"
"CHEMBL5407175";"";"None";"416.46";"0";"3.33";"21";"O=C(c1ccc(-c2cnn3cccnc23)cc1)N(c1ncccc1F)[C@@H]1CCCNC1";"IC50";"'>'";"20000.0";"nM";"";"";"";"UO_0000065";"";"";"";"";"0";"CHEMBL5365867";"Inhibition of full length human PCSK9 expressed in human Huh-7 cells by ELISA analysis";"B";"BAO_0000219";"cell-based format";"Homo sapiens";"None";"None";"Huh-7";"None";"";"";"";"CHEMBL2929";"Proprotein convertase subtilisin/kexin type 9";"Homo sapiens";"SINGLE PROTEIN";"CHEMBL5365408";"1";"Scientific Literature";"Bioorg Med Chem Lett";"2023";"None";"";"";"";"20.0"
"CHEMBL5436376";"";"None";"483.45";"0";"3.51";"13";"O=C(c1ccc(-n2nnc3cccnc32)cc1)N(c1ncccc1OC(F)(F)F)[C@@H]1CCCNC1";"IC50";"'='";"5400.0";"nM";"5.27";"";"";"UO_0000065";"10.90";"0.21";"1.76";"5.37";"0";"CHEMBL5365867";"Inhibition of full length human PCSK9 expressed in human Huh-7 cells by ELISA analysis";"B";"BAO_0000219";"cell-based format";"Homo sapiens";"None";"None";"Huh-7";"None";"";"";"";"CHEMBL2929";"Proprotein convertase subtilisin/kexin type 9";"Homo sapiens";"SINGLE PROTEIN";"CHEMBL5365408";"1";"Scientific Literature";"Bioorg Med Chem Lett";"2023";"None";"";"INHIBITOR";"";"5.4"
"CHEMBL5427421";"";"None";"474.57";"0";"4.86";"19";"O=C(c1ccc(-c2cnn3cccnc23)cc1)N(c1ncccc1-c1ccccc1)[C@@H]1CCCNC1";"IC50";"'='";"1800.0";"nM";"5.75";"";"";"UO_0000065";"12.11";"0.22";"0.88";"7.62";"0";"CHEMBL5365867";"Inhibition of full length human PCSK9 expressed in human Huh-7 cells by ELISA analysis";"B";"BAO_0000219";"cell-based format";"Homo sapiens";"None";"None";"Huh-7";"None";"";"";"";"CHEMBL2929";"Proprotein convertase subtilisin/kexin type 9";"Homo sapiens";"SINGLE PROTEIN";"CHEMBL5365408";"1";"Scientific Literature";"Bioorg Med Chem Lett";"2023";"None";"";"INHIBITOR";"";"1.8"
"CHEMBL5403764";"";"None";"504.98";"1";"2.62";"35";"CC(=O)NC[C@H]1CNC[C@H](N(C(=O)c2ccc(-n3nnc4cccnc43)cc2)c2ncccc2Cl)C1";"IC50";"'>'";"20000.0";"nM";"";"";"";"UO_0000065";"";"";"";"";"0";"CHEMBL5365867";"Inhibition of full length human PCSK9 expressed in human Huh-7 cells by ELISA analysis";"B";"BAO_0000219";"cell-based format";"Homo sapiens";"None";"None";"Huh-7";"None";"";"";"";"CHEMBL2929";"Proprotein convertase subtilisin/kexin type 9";"Homo sapiens";"SINGLE PROTEIN";"CHEMBL5365408";"1";"Scientific Literature";"Bioorg Med Chem Lett";"2023";"None";"";"";"";"20.0"
"CHEMBL5085487";"";"None";"2484.93";"None";"None";"2";"CC(=O)N[C@H](C(=O)N[C@H](C(=O)N[C@@H](Cc1ccccc1)C(=O)N[C@H](C(=O)N[C@@H](CO)C(=O)N[C@@H](Cc1c[nH]c2ccccc12)C(=O)N[C@@H](CCC(=O)O)C(=O)N[C@@H](CCC(=O)O)C(=O)N[C@@H](Cc1ccc(O)cc1)C(=O)N[C@@H](CC(C)C)C(=O)N[C@@H](CC(=O)O)C(=O)N[C@@H](Cc1c[nH]c2ccccc12)C(=O)N[C@H](C(=O)N[C@@H](CCCCN)C(=O)N[C@@H](CCCCN)C(=O)N[C@@H](CCCCN)C(=O)N[C@@H](CCCCN)C(=O)N[C@@H](CCCCN)C(=O)N[C@@H](CCCCN)C(N)=O)C(C)C)[C@@H](C)O)C(C)C)[C@@H](C)O";"IC50";"'='";"424.0";"nM";"6.37";"";"";"UO_0000065";"2.56";"None";"None";"None";"0";"CHEMBL5040279";"Inhibition of human PCSK9";"B";"BAO_0000357";"single protein format";"Homo sapiens";"None";"None";"None";"None";"";"";"";"CHEMBL2929";"Proprotein convertase subtilisin/kexin type 9";"Homo sapiens";"SINGLE PROTEIN";"CHEMBL5038602";"1";"Scientific Literature";"J Med Chem";"2021";"None";"";"INHIBITOR";"";"0.424"
"CHEMBL5424678";"";"None";"373.41";"0";"0.28";"3o";"COc1cccc(Cn2c(NC[C@@H](C)O)nc3c2c(=O)n(C)c(=O)n3C)c1";"IC50";"'='";"3900.0";"nM";"5.41";"";"";"UO_0000065";"14.49";"0.27";"5.13";"5.24";"0";"CHEMBL5333523";"Inhibition of PCSK9 transcriptional activity in human HepG2 cells stably expressing luciferase reporter plasmid containing PCSK9 promoter assessed as decrease in luciferase activity incubated for 24 hrs by Luciferase assay";"B";"BAO_0000219";"cell-based format";"Homo sapiens";"None";"None";"HepG2";"None";"";"";"";"CHEMBL2929";"Proprotein convertase subtilisin/kexin type 9";"Homo sapiens";"SINGLE PROTEIN";"CHEMBL5331095";"1";"Scientific Literature";"Eur J Med Chem";"2023";"None";"TIME = 24.0 hr";"INHIBITOR";"";"3.9"
"CHEMBL5596085";"";"None";"584.72";"1";"3.79";"3i";"CC(C)(C)OC(=O)N1CCN(Cc2ccc3nc(NC(=O)c4ccc(S(=O)(=O)NCCC#N)cc4)sc3c2)CC1";"IC50";"'='";"3960.0";"nM";"5.40";"";"";"UO_0000065";"9.24";"0.18";"1.61";"3.73";"0";"CHEMBL5584419";"Inhibition of PCSK9 transcriptional activity in human HepG2 cells by luciferase reporter based assay";"B";"BAO_0000219";"cell-based format";"Homo sapiens";"None";"None";"HepG2";"None";"";"";"";"CHEMBL2929";"Proprotein convertase subtilisin/kexin type 9";"Homo sapiens";"SINGLE PROTEIN";"CHEMBL5584202";"1";"Scientific Literature";"Bioorg Med Chem Lett";"2024";"None";"";"INHIBITOR";"";"3.96"
"CHEMBL4114503";"";"None";"506.96";"1";"2.30";"BDBM200340";"Cn1ncc(-c2ccc(C(=O)N(c3ncccc3Cl)[C@@H]3CCCNC3)cc2)c1C(=O)Nc1nnn[nH]1";"IC50";"'='";"25300.0";"nM";"4.60";"";"356446";"UO_0000065";"9.07";"0.17";"2.30";"3.14";"0";"CHEMBL3887821";"Cell Free Assay: In order to eliminate the permeability barrier inherent to the WT7 and SCHH cell-based assays a cell-free system was also established to access compound activity. A sequence containing the full length human PCSK9 (NCBI reference identifier, NM-174936.3, where coding sequence start annotated at position 363) along with 84 additional 3â¿² nucleotides, comprising a V5 tag and polylinkinker followed by an in frame modified firefly luciferase reporter (corresponding to nucleotide positions 283-1929 of pGL3, Gen Bank reference identifier JN542721.1) was cloned into the pT7CFE1 expression vector (ThermoScientific). The construct was then in-vitro transcribed using the MEGAscript T7 Kit (Life Technologies) and RNA subsequently purified incorporating the MEGAclear Kit (Life Technologies) according to manufacturer's protocols. HeLa cell lysates were prepared following the protocols described by Mikami (reference is Cell-Free Protein Synthesis Systems with Extracts from Cultured Human Cells, S. Mikami, T. Kobayashi and H. Imataka; from Methods in Molecular Biology, vol. 607, pages 43-52, Y. Endo et al. (eds.), Humana Press, 2010) with the following modifications.";"B";"BAO_0000219";"cell-based format";"None";"None";"None";"HeLa";"None";"";"";"";"CHEMBL2929";"Proprotein convertase subtilisin/kexin type 9";"Homo sapiens";"SINGLE PROTEIN";"CHEMBL3886461";"37";"BindingDB Patent Bioactivity Data";"";"2016";"CHEMBL3308376";"";"";"";"25300.0"
"CHEMBL4109014";"";"None";"573.66";"2";"3.92";"BDBM200354";"Cc1cccnc1N(C(=O)c1ccc(-c2cnn(C)c2-c2nnn(C(C)OC(=O)OC(C)C)n2)cc1)[C@@H]1CCCNC1";"IC50";"'='";"592.0";"nM";"6.23";"";"356458";"UO_0000065";"10.86";"0.20";"2.31";"4.38";"0";"CHEMBL3887821";"Cell Free Assay: In order to eliminate the permeability barrier inherent to the WT7 and SCHH cell-based assays a cell-free system was also established to access compound activity. A sequence containing the full length human PCSK9 (NCBI reference identifier, NM-174936.3, where coding sequence start annotated at position 363) along with 84 additional 3â¿² nucleotides, comprising a V5 tag and polylinkinker followed by an in frame modified firefly luciferase reporter (corresponding to nucleotide positions 283-1929 of pGL3, Gen Bank reference identifier JN542721.1) was cloned into the pT7CFE1 expression vector (ThermoScientific). The construct was then in-vitro transcribed using the MEGAscript T7 Kit (Life Technologies) and RNA subsequently purified incorporating the MEGAclear Kit (Life Technologies) according to manufacturer's protocols. HeLa cell lysates were prepared following the protocols described by Mikami (reference is Cell-Free Protein Synthesis Systems with Extracts from Cultured Human Cells, S. Mikami, T. Kobayashi and H. Imataka; from Methods in Molecular Biology, vol. 607, pages 43-52, Y. Endo et al. (eds.), Humana Press, 2010) with the following modifications.";"B";"BAO_0000219";"cell-based format";"None";"None";"None";"HeLa";"None";"";"";"";"CHEMBL2929";"Proprotein convertase subtilisin/kexin type 9";"Homo sapiens";"SINGLE PROTEIN";"CHEMBL3886461";"37";"BindingDB Patent Bioactivity Data";"";"2016";"CHEMBL3308376";"";"";"";"592.0"
"CHEMBL4110287";"";"None";"571.69";"2";"3.95";"BDBM200368";"CCC(OC(=O)C(C)C)n1nnc(-c2c(-c3ccc(C(=O)N(c4ncccc4C)[C@@H]4CCCNC4)cc3)cnn2C)n1";"IC50";"'>'";"20000.0";"nM";"";"";"356426";"UO_0000065";"";"";"";"";"0";"CHEMBL3887820";"AlphaLISA Assay: An in-vitro AlphaLISA assay (Perkin Elmer) was developed in order to quantitate the level of PCSK9 secreted into the cell culture media following compound treatment. To detect and measure PCSK9 protein an in-house generated anti-PCSK9 antibody was coupled to AlphaLISA acceptor beads by an external vendor (PerkinElmer) and a second internally developed anti-PCSK9 antibody with an epiptope distinct from that of the acceptor beads was biotinylated in house. Streptavidin coated-donor beads (Perkin Elmer) are also included in the assay mixture which then binds the biotinylated anti-PCSK9 antibody and in the presence of PCSK9 this donor complex and acceptor beads are brought into close proximity. Upon excitation of the donor beads at 680 nm singlet oxygen molecules are released that trigger an energy transfer cascade within the acceptor beads resolving as a single peak of light emitted at 615 nm. The ability of compound to modulate PCSK9 protein levels in conditioned media by AlphaLISA was assessed in the human hepatocellular carcinoma cell line Huh7, stably over-expressing human PCSK9.";"B";"BAO_0000019";"assay format";"None";"None";"None";"None";"None";"";"";"";"CHEMBL2929";"Proprotein convertase subtilisin/kexin type 9";"Homo sapiens";"SINGLE PROTEIN";"CHEMBL3886461";"37";"BindingDB Patent Bioactivity Data";"";"2016";"None";"";"";"";"20000.0"
"CHEMBL4106481";"";"None";"443.52";"0";"2.37";"BDBM200333";"Cc1cccnc1N(C(=O)c1ccc(-c2cnn(C)c2-c2nn[nH]n2)cc1)[C@@H]1CCCNC1";"IC50";"'='";"3050.0";"nM";"5.52";"";"356443";"UO_0000065";"12.44";"0.23";"3.15";"4.69";"0";"CHEMBL3887821";"Cell Free Assay: In order to eliminate the permeability barrier inherent to the WT7 and SCHH cell-based assays a cell-free system was also established to access compound activity. A sequence containing the full length human PCSK9 (NCBI reference identifier, NM-174936.3, where coding sequence start annotated at position 363) along with 84 additional 3â¿² nucleotides, comprising a V5 tag and polylinkinker followed by an in frame modified firefly luciferase reporter (corresponding to nucleotide positions 283-1929 of pGL3, Gen Bank reference identifier JN542721.1) was cloned into the pT7CFE1 expression vector (ThermoScientific). The construct was then in-vitro transcribed using the MEGAscript T7 Kit (Life Technologies) and RNA subsequently purified incorporating the MEGAclear Kit (Life Technologies) according to manufacturer's protocols. HeLa cell lysates were prepared following the protocols described by Mikami (reference is Cell-Free Protein Synthesis Systems with Extracts from Cultured Human Cells, S. Mikami, T. Kobayashi and H. Imataka; from Methods in Molecular Biology, vol. 607, pages 43-52, Y. Endo et al. (eds.), Humana Press, 2010) with the following modifications.";"B";"BAO_0000219";"cell-based format";"None";"None";"None";"HeLa";"None";"";"";"";"CHEMBL2929";"Proprotein convertase subtilisin/kexin type 9";"Homo sapiens";"SINGLE PROTEIN";"CHEMBL3886461";"37";"BindingDB Patent Bioactivity Data";"";"2016";"CHEMBL3308376";"";"";"";"3050.0"
"CHEMBL4108186";"";"None";"459.51";"0";"2.53";"BDBM200334";"Cc1cccnc1N(C(=O)c1ccc(-c2cnn(C)c2-c2noc(=O)[nH]2)cc1)[C@@H]1CCCNC1";"IC50";"'='";"5610.0";"nM";"5.25";"";"356444";"UO_0000065";"11.43";"0.21";"2.72";"4.31";"0";"CHEMBL3887821";"Cell Free Assay: In order to eliminate the permeability barrier inherent to the WT7 and SCHH cell-based assays a cell-free system was also established to access compound activity. A sequence containing the full length human PCSK9 (NCBI reference identifier, NM-174936.3, where coding sequence start annotated at position 363) along with 84 additional 3â¿² nucleotides, comprising a V5 tag and polylinkinker followed by an in frame modified firefly luciferase reporter (corresponding to nucleotide positions 283-1929 of pGL3, Gen Bank reference identifier JN542721.1) was cloned into the pT7CFE1 expression vector (ThermoScientific). The construct was then in-vitro transcribed using the MEGAscript T7 Kit (Life Technologies) and RNA subsequently purified incorporating the MEGAclear Kit (Life Technologies) according to manufacturer's protocols. HeLa cell lysates were prepared following the protocols described by Mikami (reference is Cell-Free Protein Synthesis Systems with Extracts from Cultured Human Cells, S. Mikami, T. Kobayashi and H. Imataka; from Methods in Molecular Biology, vol. 607, pages 43-52, Y. Endo et al. (eds.), Humana Press, 2010) with the following modifications.";"B";"BAO_0000219";"cell-based format";"None";"None";"None";"HeLa";"None";"";"";"";"CHEMBL2929";"Proprotein convertase subtilisin/kexin type 9";"Homo sapiens";"SINGLE PROTEIN";"CHEMBL3886461";"37";"BindingDB Patent Bioactivity Data";"";"2016";"CHEMBL3308376";"";"";"";"5610.0"
"CHEMBL4106861";"";"None";"559.63";"2";"3.53";"BDBM200347";"CCOC(=O)O[C@H](C)n1nnc(-c2c(-c3ccc(C(=O)N(c4ncccc4C)[C@@H]4CCCNC4)cc3)cnn2C)n1";"IC50";"'>'";"20000.0";"nM";"";"";"356405";"UO_0000065";"";"";"";"";"0";"CHEMBL3887820";"AlphaLISA Assay: An in-vitro AlphaLISA assay (Perkin Elmer) was developed in order to quantitate the level of PCSK9 secreted into the cell culture media following compound treatment. To detect and measure PCSK9 protein an in-house generated anti-PCSK9 antibody was coupled to AlphaLISA acceptor beads by an external vendor (PerkinElmer) and a second internally developed anti-PCSK9 antibody with an epiptope distinct from that of the acceptor beads was biotinylated in house. Streptavidin coated-donor beads (Perkin Elmer) are also included in the assay mixture which then binds the biotinylated anti-PCSK9 antibody and in the presence of PCSK9 this donor complex and acceptor beads are brought into close proximity. Upon excitation of the donor beads at 680 nm singlet oxygen molecules are released that trigger an energy transfer cascade within the acceptor beads resolving as a single peak of light emitted at 615 nm. The ability of compound to modulate PCSK9 protein levels in conditioned media by AlphaLISA was assessed in the human hepatocellular carcinoma cell line Huh7, stably over-expressing human PCSK9.";"B";"BAO_0000019";"assay format";"None";"None";"None";"None";"None";"";"";"";"CHEMBL2929";"Proprotein convertase subtilisin/kexin type 9";"Homo sapiens";"SINGLE PROTEIN";"CHEMBL3886461";"37";"BindingDB Patent Bioactivity Data";"";"2016";"None";"";"";"";"20000.0"
"CHEMBL4109014";"";"None";"573.66";"2";"3.92";"BDBM200354";"Cc1cccnc1N(C(=O)c1ccc(-c2cnn(C)c2-c2nnn(C(C)OC(=O)OC(C)C)n2)cc1)[C@@H]1CCCNC1";"IC50";"'>'";"19400.0";"nM";"";"";"356412";"UO_0000065";"";"";"";"";"0";"CHEMBL3887820";"AlphaLISA Assay: An in-vitro AlphaLISA assay (Perkin Elmer) was developed in order to quantitate the level of PCSK9 secreted into the cell culture media following compound treatment. To detect and measure PCSK9 protein an in-house generated anti-PCSK9 antibody was coupled to AlphaLISA acceptor beads by an external vendor (PerkinElmer) and a second internally developed anti-PCSK9 antibody with an epiptope distinct from that of the acceptor beads was biotinylated in house. Streptavidin coated-donor beads (Perkin Elmer) are also included in the assay mixture which then binds the biotinylated anti-PCSK9 antibody and in the presence of PCSK9 this donor complex and acceptor beads are brought into close proximity. Upon excitation of the donor beads at 680 nm singlet oxygen molecules are released that trigger an energy transfer cascade within the acceptor beads resolving as a single peak of light emitted at 615 nm. The ability of compound to modulate PCSK9 protein levels in conditioned media by AlphaLISA was assessed in the human hepatocellular carcinoma cell line Huh7, stably over-expressing human PCSK9.";"B";"BAO_0000019";"assay format";"None";"None";"None";"None";"None";"";"";"";"CHEMBL2929";"Proprotein convertase subtilisin/kexin type 9";"Homo sapiens";"SINGLE PROTEIN";"CHEMBL3886461";"37";"BindingDB Patent Bioactivity Data";"";"2016";"None";"";"";"";"19400.0"
"CHEMBL5078995";"";"None";"2100.41";"None";"None";"1";"CC(=O)N[C@H](C(=O)N[C@H](C(=O)N[C@@H](Cc1ccccc1)C(=O)N[C@H](C(=O)N[C@@H](CO)C(=O)N[C@@H](Cc1c[nH]c2ccccc12)C(=O)N[C@@H](CCC(=O)O)C(=O)N[C@@H](CCC(=O)O)C(=O)N[C@@H](Cc1ccc(O)cc1)C(=O)N[C@@H](CC(C)C)C(=O)N[C@@H](CC(=O)O)C(=O)N[C@@H](Cc1c[nH]c2ccccc12)C(=O)N[C@H](C(=O)N[C@@H](CCCCN)C(=O)N[C@@H](CCCCN)C(=O)N[C@@H](CCCCN)C(N)=O)C(C)C)[C@@H](C)O)C(C)C)[C@@H](C)O";"IC50";"'='";"1600.0";"nM";"5.80";"";"";"UO_0000065";"2.76";"None";"None";"None";"0";"CHEMBL5040279";"Inhibition of human PCSK9";"B";"BAO_0000357";"single protein format";"Homo sapiens";"None";"None";"None";"None";"";"";"";"CHEMBL2929";"Proprotein convertase subtilisin/kexin type 9";"Homo sapiens";"SINGLE PROTEIN";"CHEMBL5038602";"1";"Scientific Literature";"J Med Chem";"2021";"None";"";"INHIBITOR";"";"1.6"
"CHEMBL5435280";"";"None";"373.41";"0";"0.28";"3p";"COc1cccc(Cn2c(NC[C@H](C)O)nc3c2c(=O)n(C)c(=O)n3C)c1";"IC50";"'='";"13700.0";"nM";"4.86";"";"";"UO_0000065";"13.02";"0.25";"4.58";"4.71";"0";"CHEMBL5333523";"Inhibition of PCSK9 transcriptional activity in human HepG2 cells stably expressing luciferase reporter plasmid containing PCSK9 promoter assessed as decrease in luciferase activity incubated for 24 hrs by Luciferase assay";"B";"BAO_0000219";"cell-based format";"Homo sapiens";"None";"None";"HepG2";"None";"";"";"";"CHEMBL2929";"Proprotein convertase subtilisin/kexin type 9";"Homo sapiens";"SINGLE PROTEIN";"CHEMBL5331095";"1";"Scientific Literature";"Eur J Med Chem";"2023";"None";"TIME = 24.0 hr";"INHIBITOR";"";"13.7"
"CHEMBL5425916";"";"None";"329.36";"0";"-0.11";"5a";"Cn1c(=O)c2c(nc(NCCO)n2Cc2ccccc2)n(C)c1=O";"IC50";"'='";"3700.0";"nM";"5.43";"";"";"UO_0000065";"16.49";"0.31";"5.54";"5.77";"0";"CHEMBL5333523";"Inhibition of PCSK9 transcriptional activity in human HepG2 cells stably expressing luciferase reporter plasmid containing PCSK9 promoter assessed as decrease in luciferase activity incubated for 24 hrs by Luciferase assay";"B";"BAO_0000219";"cell-based format";"Homo sapiens";"None";"None";"HepG2";"None";"";"";"";"CHEMBL2929";"Proprotein convertase subtilisin/kexin type 9";"Homo sapiens";"SINGLE PROTEIN";"CHEMBL5331095";"1";"Scientific Literature";"Eur J Med Chem";"2023";"None";"TIME = 24.0 hr";"INHIBITOR";"";"3.7"
"CHEMBL5409508";"";"None";"415.35";"0";"1.04";"5s";"Cn1c(=O)c2c(nc(NCCO)n2Cc2ccc(F)c(C(F)(F)F)c2)n(C)c1=O";"IC50";"'='";"7800.0";"nM";"5.11";"";"";"UO_0000065";"12.30";"0.24";"4.07";"5.43";"0";"CHEMBL5333523";"Inhibition of PCSK9 transcriptional activity in human HepG2 cells stably expressing luciferase reporter plasmid containing PCSK9 promoter assessed as decrease in luciferase activity incubated for 24 hrs by Luciferase assay";"B";"BAO_0000219";"cell-based format";"Homo sapiens";"None";"None";"HepG2";"None";"";"";"";"CHEMBL2929";"Proprotein convertase subtilisin/kexin type 9";"Homo sapiens";"SINGLE PROTEIN";"CHEMBL5331095";"1";"Scientific Literature";"Eur J Med Chem";"2023";"None";"TIME = 24.0 hr";"INHIBITOR";"";"7.8"
"CHEMBL4113630";"";"None";"601.71";"2";"4.56";"BDBM200358";"Cc1cccnc1N(C(=O)c1ccc(-c2cnn(C)c2-c2nnn(C(OC(=O)OC(C)C)C(C)C)n2)cc1)[C@@H]1CCCNC1";"IC50";"'>'";"20000.0";"nM";"";"";"356416";"UO_0000065";"";"";"";"";"0";"CHEMBL3887820";"AlphaLISA Assay: An in-vitro AlphaLISA assay (Perkin Elmer) was developed in order to quantitate the level of PCSK9 secreted into the cell culture media following compound treatment. To detect and measure PCSK9 protein an in-house generated anti-PCSK9 antibody was coupled to AlphaLISA acceptor beads by an external vendor (PerkinElmer) and a second internally developed anti-PCSK9 antibody with an epiptope distinct from that of the acceptor beads was biotinylated in house. Streptavidin coated-donor beads (Perkin Elmer) are also included in the assay mixture which then binds the biotinylated anti-PCSK9 antibody and in the presence of PCSK9 this donor complex and acceptor beads are brought into close proximity. Upon excitation of the donor beads at 680 nm singlet oxygen molecules are released that trigger an energy transfer cascade within the acceptor beads resolving as a single peak of light emitted at 615 nm. The ability of compound to modulate PCSK9 protein levels in conditioned media by AlphaLISA was assessed in the human hepatocellular carcinoma cell line Huh7, stably over-expressing human PCSK9.";"B";"BAO_0000019";"assay format";"None";"None";"None";"None";"None";"";"";"";"CHEMBL2929";"Proprotein convertase subtilisin/kexin type 9";"Homo sapiens";"SINGLE PROTEIN";"CHEMBL3886461";"37";"BindingDB Patent Bioactivity Data";"";"2016";"None";"";"";"";"20000.0"
"CHEMBL4458097";"";"None";"473.49";"1";"6.75";"56; SBC-115,337";"O=C(Nc1ccc(-c2nc3ccccc3o2)cc1)c1ccc(NC(=O)c2cc3ccccc3o2)cc1";"IC50";"'='";"500.0";"nM";"6.30";"";"";"UO_0000065";"13.31";"0.24";"-0.45";"6.47";"0";"CHEMBL4383971";"Inhibition of His-tagged PCSK9 (unknown origin) binding to recombinant LDLR-AB domain (unknown origin) by ELISA";"B";"BAO_0000357";"single protein format";"Homo sapiens";"None";"None";"None";"None";"";"";"";"CHEMBL2929";"Proprotein convertase subtilisin/kexin type 9";"Homo sapiens";"SINGLE PROTEIN";"CHEMBL4382228";"1";"Scientific Literature";"Eur J Med Chem";"2019";"None";"";"";"";"0.5"
"CHEMBL4108330";"";"None";"433.51";"0";"2.98";"3";"COC(=O)c1c(-c2ccc(C(=O)N(c3ncccc3C)[C@@H]3CCCNC3)cc2)cnn1C";"IC50";"'='";"2500.0";"nM";"5.60";"";"";"UO_0000065";"12.92";"0.24";"2.62";"6.27";"0";"CHEMBL5036230";"Inhibition of PCSK9 translation in human THP-1 cells by AlphaLISA assay";"B";"BAO_0000219";"cell-based format";"Homo sapiens";"None";"None";"THP-1";"None";"";"";"";"CHEMBL2929";"Proprotein convertase subtilisin/kexin type 9";"Homo sapiens";"SINGLE PROTEIN";"CHEMBL5034046";"1";"Scientific Literature";"ACS Med Chem Lett";"2022";"None";"";"INHIBITOR";"";"2.5"
"CHEMBL4109308";"";"None";"433.90";"0";"3.26";"7";"O=C(c1ccc(-n2nnc3cccnc32)cc1)N(c1ncccc1Cl)[C@@H]1CCCNC1";"IC50";"'='";"750.0";"nM";"6.12";"";"";"UO_0000065";"14.12";"0.27";"2.86";"6.90";"0";"CHEMBL5036230";"Inhibition of PCSK9 translation in human THP-1 cells by AlphaLISA assay";"B";"BAO_0000219";"cell-based format";"Homo sapiens";"None";"None";"THP-1";"None";"";"";"";"CHEMBL2929";"Proprotein convertase subtilisin/kexin type 9";"Homo sapiens";"SINGLE PROTEIN";"CHEMBL5034046";"1";"Scientific Literature";"ACS Med Chem Lett";"2022";"None";"";"INHIBITOR";"";"0.75"
"CHEMBL4110896";"";"None";"571.69";"2";"3.95";"BDBM200364";"CCC(=O)OC(C(C)C)n1nnc(-c2c(-c3ccc(C(=O)N(c4ncccc4C)[C@@H]4CCCNC4)cc3)cnn2C)n1";"IC50";"'>'";"20000.0";"nM";"";"";"356423";"UO_0000065";"";"";"";"";"0";"CHEMBL3887820";"AlphaLISA Assay: An in-vitro AlphaLISA assay (Perkin Elmer) was developed in order to quantitate the level of PCSK9 secreted into the cell culture media following compound treatment. To detect and measure PCSK9 protein an in-house generated anti-PCSK9 antibody was coupled to AlphaLISA acceptor beads by an external vendor (PerkinElmer) and a second internally developed anti-PCSK9 antibody with an epiptope distinct from that of the acceptor beads was biotinylated in house. Streptavidin coated-donor beads (Perkin Elmer) are also included in the assay mixture which then binds the biotinylated anti-PCSK9 antibody and in the presence of PCSK9 this donor complex and acceptor beads are brought into close proximity. Upon excitation of the donor beads at 680 nm singlet oxygen molecules are released that trigger an energy transfer cascade within the acceptor beads resolving as a single peak of light emitted at 615 nm. The ability of compound to modulate PCSK9 protein levels in conditioned media by AlphaLISA was assessed in the human hepatocellular carcinoma cell line Huh7, stably over-expressing human PCSK9.";"B";"BAO_0000019";"assay format";"None";"None";"None";"None";"None";"";"";"";"CHEMBL2929";"Proprotein convertase subtilisin/kexin type 9";"Homo sapiens";"SINGLE PROTEIN";"CHEMBL3886461";"37";"BindingDB Patent Bioactivity Data";"";"2016";"None";"";"";"";"20000.0"
"CHEMBL4109308";"";"None";"433.90";"0";"3.26";"BDBM200332";"O=C(c1ccc(-n2nnc3cccnc32)cc1)N(c1ncccc1Cl)[C@@H]1CCCNC1";"IC50";"'='";"520.0";"nM";"6.28";"";"356442";"UO_0000065";"14.48";"0.28";"3.02";"7.07";"0";"CHEMBL3887821";"Cell Free Assay: In order to eliminate the permeability barrier inherent to the WT7 and SCHH cell-based assays a cell-free system was also established to access compound activity. A sequence containing the full length human PCSK9 (NCBI reference identifier, NM-174936.3, where coding sequence start annotated at position 363) along with 84 additional 3â¿² nucleotides, comprising a V5 tag and polylinkinker followed by an in frame modified firefly luciferase reporter (corresponding to nucleotide positions 283-1929 of pGL3, Gen Bank reference identifier JN542721.1) was cloned into the pT7CFE1 expression vector (ThermoScientific). The construct was then in-vitro transcribed using the MEGAscript T7 Kit (Life Technologies) and RNA subsequently purified incorporating the MEGAclear Kit (Life Technologies) according to manufacturer's protocols. HeLa cell lysates were prepared following the protocols described by Mikami (reference is Cell-Free Protein Synthesis Systems with Extracts from Cultured Human Cells, S. Mikami, T. Kobayashi and H. Imataka; from Methods in Molecular Biology, vol. 607, pages 43-52, Y. Endo et al. (eds.), Humana Press, 2010) with the following modifications.";"B";"BAO_0000219";"cell-based format";"None";"None";"None";"HeLa";"None";"";"";"";"CHEMBL2929";"Proprotein convertase subtilisin/kexin type 9";"Homo sapiens";"SINGLE PROTEIN";"CHEMBL3886461";"37";"BindingDB Patent Bioactivity Data";"";"2016";"CHEMBL3308376";"";"";"";"520.0"
"CHEMBL4108540";"";"None";"454.92";"0";"2.65";"BDBM200341";"Cn1ncc(-c2ccc(C(=O)N(c3ncccc3Cl)[C@@H]3CCCNC3)cc2)c1C(=O)NO";"IC50";"'='";"2970.0";"nM";"5.53";"";"356447";"UO_0000065";"12.15";"0.24";"2.88";"4.92";"0";"CHEMBL3887821";"Cell Free Assay: In order to eliminate the permeability barrier inherent to the WT7 and SCHH cell-based assays a cell-free system was also established to access compound activity. A sequence containing the full length human PCSK9 (NCBI reference identifier, NM-174936.3, where coding sequence start annotated at position 363) along with 84 additional 3â¿² nucleotides, comprising a V5 tag and polylinkinker followed by an in frame modified firefly luciferase reporter (corresponding to nucleotide positions 283-1929 of pGL3, Gen Bank reference identifier JN542721.1) was cloned into the pT7CFE1 expression vector (ThermoScientific). The construct was then in-vitro transcribed using the MEGAscript T7 Kit (Life Technologies) and RNA subsequently purified incorporating the MEGAclear Kit (Life Technologies) according to manufacturer's protocols. HeLa cell lysates were prepared following the protocols described by Mikami (reference is Cell-Free Protein Synthesis Systems with Extracts from Cultured Human Cells, S. Mikami, T. Kobayashi and H. Imataka; from Methods in Molecular Biology, vol. 607, pages 43-52, Y. Endo et al. (eds.), Humana Press, 2010) with the following modifications.";"B";"BAO_0000219";"cell-based format";"None";"None";"None";"HeLa";"None";"";"";"";"CHEMBL2929";"Proprotein convertase subtilisin/kexin type 9";"Homo sapiens";"SINGLE PROTEIN";"CHEMBL3886461";"37";"BindingDB Patent Bioactivity Data";"";"2016";"CHEMBL3308376";"";"";"";"2970.0"
"CHEMBL4106546";"";"None";"587.69";"2";"4.17";"BDBM200350";"CCOC(=O)OC(C(C)C)n1nnc(-c2c(-c3ccc(C(=O)N(c4ncccc4C)[C@@H]4CCCNC4)cc3)cnn2C)n1";"IC50";"'='";"5220.0";"nM";"5.28";"";"356453";"UO_0000065";"8.99";"0.17";"1.11";"3.72";"0";"CHEMBL3887821";"Cell Free Assay: In order to eliminate the permeability barrier inherent to the WT7 and SCHH cell-based assays a cell-free system was also established to access compound activity. A sequence containing the full length human PCSK9 (NCBI reference identifier, NM-174936.3, where coding sequence start annotated at position 363) along with 84 additional 3â¿² nucleotides, comprising a V5 tag and polylinkinker followed by an in frame modified firefly luciferase reporter (corresponding to nucleotide positions 283-1929 of pGL3, Gen Bank reference identifier JN542721.1) was cloned into the pT7CFE1 expression vector (ThermoScientific). The construct was then in-vitro transcribed using the MEGAscript T7 Kit (Life Technologies) and RNA subsequently purified incorporating the MEGAclear Kit (Life Technologies) according to manufacturer's protocols. HeLa cell lysates were prepared following the protocols described by Mikami (reference is Cell-Free Protein Synthesis Systems with Extracts from Cultured Human Cells, S. Mikami, T. Kobayashi and H. Imataka; from Methods in Molecular Biology, vol. 607, pages 43-52, Y. Endo et al. (eds.), Humana Press, 2010) with the following modifications.";"B";"BAO_0000219";"cell-based format";"None";"None";"None";"HeLa";"None";"";"";"";"CHEMBL2929";"Proprotein convertase subtilisin/kexin type 9";"Homo sapiens";"SINGLE PROTEIN";"CHEMBL3886461";"37";"BindingDB Patent Bioactivity Data";"";"2016";"CHEMBL3308376";"";"";"";"5220.0"
"CHEMBL4107141";"";"None";"557.66";"2";"3.56";"BDBM200366";"Cc1cccnc1N(C(=O)c1ccc(-c2cnn(C)c2-c2nnn(C(C)OC(=O)C(C)C)n2)cc1)[C@@H]1CCCNC1";"IC50";"'='";"8030.0";"nM";"5.09";"";"356469";"UO_0000065";"9.14";"0.17";"1.54";"3.83";"0";"CHEMBL3887821";"Cell Free Assay: In order to eliminate the permeability barrier inherent to the WT7 and SCHH cell-based assays a cell-free system was also established to access compound activity. A sequence containing the full length human PCSK9 (NCBI reference identifier, NM-174936.3, where coding sequence start annotated at position 363) along with 84 additional 3â¿² nucleotides, comprising a V5 tag and polylinkinker followed by an in frame modified firefly luciferase reporter (corresponding to nucleotide positions 283-1929 of pGL3, Gen Bank reference identifier JN542721.1) was cloned into the pT7CFE1 expression vector (ThermoScientific). The construct was then in-vitro transcribed using the MEGAscript T7 Kit (Life Technologies) and RNA subsequently purified incorporating the MEGAclear Kit (Life Technologies) according to manufacturer's protocols. HeLa cell lysates were prepared following the protocols described by Mikami (reference is Cell-Free Protein Synthesis Systems with Extracts from Cultured Human Cells, S. Mikami, T. Kobayashi and H. Imataka; from Methods in Molecular Biology, vol. 607, pages 43-52, Y. Endo et al. (eds.), Humana Press, 2010) with the following modifications.";"B";"BAO_0000219";"cell-based format";"None";"None";"None";"HeLa";"None";"";"";"";"CHEMBL2929";"Proprotein convertase subtilisin/kexin type 9";"Homo sapiens";"SINGLE PROTEIN";"CHEMBL3886461";"37";"BindingDB Patent Bioactivity Data";"";"2016";"CHEMBL3308376";"";"";"";"8030.0"
"CHEMBL5416045";"";"None";"359.39";"0";"-0.11";"7030B-C5";"COc1cccc(Cn2c(NCCO)nc3c2c(=O)n(C)c(=O)n3C)c1";"IC50";"'='";"2400.0";"nM";"5.62";"";"";"UO_0000065";"15.64";"0.30";"5.73";"5.44";"0";"CHEMBL5333523";"Inhibition of PCSK9 transcriptional activity in human HepG2 cells stably expressing luciferase reporter plasmid containing PCSK9 promoter assessed as decrease in luciferase activity incubated for 24 hrs by Luciferase assay";"B";"BAO_0000219";"cell-based format";"Homo sapiens";"None";"None";"HepG2";"None";"";"";"";"CHEMBL2929";"Proprotein convertase subtilisin/kexin type 9";"Homo sapiens";"SINGLE PROTEIN";"CHEMBL5331095";"1";"Scientific Literature";"Eur J Med Chem";"2023";"None";"TIME = 24.0 hr";"INHIBITOR";"";"2.4"
"CHEMBL5401231";"";"None";"413.36";"0";"0.78";"5c";"Cn1c(=O)c2c(nc(NCCO)n2Cc2cccc(OC(F)(F)F)c2)n(C)c1=O";"IC50";"'='";"20800.0";"nM";"4.68";"";"";"UO_0000065";"11.33";"0.22";"3.90";"4.53";"0";"CHEMBL5333523";"Inhibition of PCSK9 transcriptional activity in human HepG2 cells stably expressing luciferase reporter plasmid containing PCSK9 promoter assessed as decrease in luciferase activity incubated for 24 hrs by Luciferase assay";"B";"BAO_0000219";"cell-based format";"Homo sapiens";"None";"None";"HepG2";"None";"";"";"";"CHEMBL2929";"Proprotein convertase subtilisin/kexin type 9";"Homo sapiens";"SINGLE PROTEIN";"CHEMBL5331095";"1";"Scientific Literature";"Eur J Med Chem";"2023";"None";"TIME = 24.0 hr";"INHIBITOR";"";"20.8"
"CHEMBL4126496";"";"None";"447.93";"0";"3.57";"8";"Cc1ccc2nnn(-c3ccc(C(=O)N(c4ncccc4Cl)[C@@H]4CCCNC4)cc3)c2n1";"IC50";"'='";"900.0";"nM";"6.05";"";"";"UO_0000065";"13.50";"0.26";"2.48";"6.81";"0";"CHEMBL5036230";"Inhibition of PCSK9 translation in human THP-1 cells by AlphaLISA assay";"B";"BAO_0000219";"cell-based format";"Homo sapiens";"None";"None";"THP-1";"None";"";"";"";"CHEMBL2929";"Proprotein convertase subtilisin/kexin type 9";"Homo sapiens";"SINGLE PROTEIN";"CHEMBL5034046";"1";"Scientific Literature";"ACS Med Chem Lett";"2022";"None";"";"INHIBITOR";"";"0.9"
"CHEMBL5273270";"";"None";"3867.35";"None";"None";"13; TEX-S2_03";"CC[C@H](C)[C@H](NC(=O)[C@H](CCCCN)NC(=O)[C@H](CC(C)C)NC(=O)[C@H](CC(=O)O)NC(=O)[C@H](CC(N)=O)NC(=O)[C@H](CS)NC(=O)[C@@H](NC(=O)[C@H](Cc1c[nH]cn1)NC(=O)[C@H](CO)NC(=O)[C@H](CS)NC(=O)CNC(=O)CNC(=O)[C@H](CC(N)=O)NC(=O)[C@H](Cc1c[nH]c2ccccc12)NC(=O)[C@H](Cc1ccc(O)cc1)NC(=O)[C@@H]1CCCN1C(=O)[C@H](CCC(=O)O)NC(=O)[C@H](Cc1c[nH]c2ccccc12)NC(=O)[C@@H]1CCCN1C(=O)[C@H](Cc1ccc(O)cc1)NC(=O)[C@H](CCCCN)NC(=O)[C@H](CO)NC(=O)[C@H](CO)NC(=O)[C@H](CC(C)C)NC(=O)[C@H](CS)NC(=O)[C@H](CCC(=O)O)NC(=O)[C@H](CC(N)=O)NC(=O)[C@@H](NC(=O)CN)[C@@H](C)O)C(C)C)C(=O)NCC(=O)N[C@@H](Cc1ccc(O)cc1)C(=O)N[C@@H](CCC(=O)O)C(=O)N[C@@H](CS)C(=O)N[C@@H](CC(C)C)C(=O)O";"IC50";"'='";"600.0";"nM";"6.22";"";"";"UO_0000065";"1.61";"None";"None";"None";"0";"CHEMBL5236415";"Inhibition of human PCSK9";"B";"BAO_0000357";"single protein format";"Homo sapiens";"None";"None";"None";"None";"";"";"";"CHEMBL2929";"Proprotein convertase subtilisin/kexin type 9";"Homo sapiens";"SINGLE PROTEIN";"CHEMBL5233285";"1";"Scientific Literature";"J Med Chem";"2022";"None";"";"INHIBITOR";"";"0.6"
"CHEMBL5280303";"";"None";"2772.08";"None";"None";"11; tEGF-A";"CC[C@H](C)[C@H](NC(=O)[C@H](CCCCN)NC(=O)[C@H](CC(C)C)NC(=O)[C@H](CC(=O)O)NC(=O)[C@H](CC(N)=O)NC(=O)[C@H](CS)NC(=O)[C@@H](NC(=O)[C@H](Cc1c[nH]cn1)NC(=O)[C@H](CO)NC(=O)[C@H](CS)NC(=O)CNC(=O)CNC(=O)[C@H](CC(N)=O)NC(=O)[C@H](CC(N)=O)NC(=O)[C@H](CC(=O)O)NC(=O)[C@H](CC(C)C)NC(=O)[C@H](CS)NC(=O)[C@H](CCC(=O)O)NC(=O)[C@H](CC(N)=O)NC(=O)[C@@H](NC(=O)CN)[C@@H](C)O)C(C)C)C(=O)NCC(=O)N[C@@H](Cc1ccc(O)cc1)C(=O)N[C@@H](CCC(=O)O)C(=O)N[C@@H](CS)C(=O)N[C@@H](CC(C)C)C(=O)O";"IC50";"'='";"6900.0";"nM";"5.16";"";"";"UO_0000065";"1.86";"None";"None";"None";"0";"CHEMBL5236419";"Inhibition of PCSK9 (unknown origin)";"B";"BAO_0000357";"single protein format";"Homo sapiens";"None";"None";"None";"None";"";"";"";"CHEMBL2929";"Proprotein convertase subtilisin/kexin type 9";"Homo sapiens";"SINGLE PROTEIN";"CHEMBL5233285";"1";"Scientific Literature";"J Med Chem";"2022";"None";"";"INHIBITOR";"";"6.9"
"CHEMBL4114463";"";"None";"585.71";"2";"4.20";"BDBM200370";"Cc1cccnc1N(C(=O)c1ccc(-c2cnn(C)c2-c2nnn(C(OC(=O)C(C)C)C(C)C)n2)cc1)[C@@H]1CCCNC1";"IC50";"'='";"19800.0";"nM";"4.70";"";"356474";"UO_0000065";"8.03";"0.15";"0.50";"3.54";"0";"CHEMBL3887821";"Cell Free Assay: In order to eliminate the permeability barrier inherent to the WT7 and SCHH cell-based assays a cell-free system was also established to access compound activity. A sequence containing the full length human PCSK9 (NCBI reference identifier, NM-174936.3, where coding sequence start annotated at position 363) along with 84 additional 3â¿² nucleotides, comprising a V5 tag and polylinkinker followed by an in frame modified firefly luciferase reporter (corresponding to nucleotide positions 283-1929 of pGL3, Gen Bank reference identifier JN542721.1) was cloned into the pT7CFE1 expression vector (ThermoScientific). The construct was then in-vitro transcribed using the MEGAscript T7 Kit (Life Technologies) and RNA subsequently purified incorporating the MEGAclear Kit (Life Technologies) according to manufacturer's protocols. HeLa cell lysates were prepared following the protocols described by Mikami (reference is Cell-Free Protein Synthesis Systems with Extracts from Cultured Human Cells, S. Mikami, T. Kobayashi and H. Imataka; from Methods in Molecular Biology, vol. 607, pages 43-52, Y. Endo et al. (eds.), Humana Press, 2010) with the following modifications.";"B";"BAO_0000219";"cell-based format";"None";"None";"None";"HeLa";"None";"";"";"";"CHEMBL2929";"Proprotein convertase subtilisin/kexin type 9";"Homo sapiens";"SINGLE PROTEIN";"CHEMBL3886461";"37";"BindingDB Patent Bioactivity Data";"";"2016";"CHEMBL3308376";"";"";"";"19800.0"
"CHEMBL4128250";"";"None";"389.50";"0";"3.96";"43; (R)-IMPP";"COc1ccc(CCC(=O)N(c2nccc3ccccc23)[C@@H]2CCCNC2)cc1";"IC50";"'='";"4500.0";"nM";"5.35";"";"";"UO_0000065";"13.73";"0.25";"1.39";"9.82";"0";"CHEMBL5232231";"Inhibition of human C-terminal V5 epitope tagged PCSK9 by luciferase reporter assay";"B";"BAO_0000357";"single protein format";"Homo sapiens";"None";"None";"None";"None";"";"";"";"CHEMBL2929";"Proprotein convertase subtilisin/kexin type 9";"Homo sapiens";"SINGLE PROTEIN";"CHEMBL5230139";"1";"Scientific Literature";"J Med Chem";"2021";"None";"";"INHIBITOR";"";"4.5"
"CHEMBL5286553";"";"None";"432.92";"0";"3.87";"44; PF-06446846";"O=C(c1ccc(-n2nnc3ccccc32)cc1)N(c1ncccc1Cl)[C@@H]1CCCNC1";"IC50";"'='";"300.0";"nM";"6.52";"";"";"UO_0000065";"15.07";"0.29";"2.65";"8.59";"0";"CHEMBL5232231";"Inhibition of human C-terminal V5 epitope tagged PCSK9 by luciferase reporter assay";"B";"BAO_0000357";"single protein format";"Homo sapiens";"None";"None";"None";"None";"";"";"";"CHEMBL2929";"Proprotein convertase subtilisin/kexin type 9";"Homo sapiens";"SINGLE PROTEIN";"CHEMBL5230139";"1";"Scientific Literature";"J Med Chem";"2021";"None";"";"INHIBITOR";"";"0.3"
"CHEMBL4115360";"";"None";"570.98";"1";"3.11";"BDBM200338";"Cn1ncc(-c2ccc(C(=O)N(c3ncccc3Cl)[C@@H]3CCCNC3)cc2)c1C(=O)NS(=O)(=O)C(F)(F)F";"IC50";"'>'";"20000.0";"nM";"";"";"356397";"UO_0000065";"";"";"";"";"0";"CHEMBL3887820";"AlphaLISA Assay: An in-vitro AlphaLISA assay (Perkin Elmer) was developed in order to quantitate the level of PCSK9 secreted into the cell culture media following compound treatment. To detect and measure PCSK9 protein an in-house generated anti-PCSK9 antibody was coupled to AlphaLISA acceptor beads by an external vendor (PerkinElmer) and a second internally developed anti-PCSK9 antibody with an epiptope distinct from that of the acceptor beads was biotinylated in house. Streptavidin coated-donor beads (Perkin Elmer) are also included in the assay mixture which then binds the biotinylated anti-PCSK9 antibody and in the presence of PCSK9 this donor complex and acceptor beads are brought into close proximity. Upon excitation of the donor beads at 680 nm singlet oxygen molecules are released that trigger an energy transfer cascade within the acceptor beads resolving as a single peak of light emitted at 615 nm. The ability of compound to modulate PCSK9 protein levels in conditioned media by AlphaLISA was assessed in the human hepatocellular carcinoma cell line Huh7, stably over-expressing human PCSK9.";"B";"BAO_0000019";"assay format";"None";"None";"None";"None";"None";"";"";"";"CHEMBL2929";"Proprotein convertase subtilisin/kexin type 9";"Homo sapiens";"SINGLE PROTEIN";"CHEMBL3886461";"37";"BindingDB Patent Bioactivity Data";"";"2016";"None";"";"";"";"20000.0"
"CHEMBL4562557";"";"None";"264.30";"0";"4.38";"2";"Fc1cccc2c(Cc3cc4ccccc4[nH]3)c[nH]c12";"IC50";"'='";"300.0";"nM";"6.52";"";"";"UO_0000065";"24.68";"0.45";"2.14";"20.66";"0";"CHEMBL4434276";"Inhibition of human PCSK9 in HepG2 cells incubated for 48 hrs by AlphaLISA assay";"B";"BAO_0000219";"cell-based format";"Homo sapiens";"None";"None";"HepG2";"None";"";"";"";"CHEMBL2929";"Proprotein convertase subtilisin/kexin type 9";"Homo sapiens";"SINGLE PROTEIN";"CHEMBL4433247";"1";"Scientific Literature";"Bioorg Med Chem Lett";"2019";"CHEMBL3307718";"";"";"";"0.3"
"CHEMBL4545753";"";"None";"280.76";"0";"4.89";"1";"Clc1cccc2c(Cc3cc4ccccc4[nH]3)c[nH]c12";"IC50";"'='";"2800.0";"nM";"5.55";"";"";"UO_0000065";"19.78";"0.38";"0.66";"17.58";"0";"CHEMBL4434276";"Inhibition of human PCSK9 in HepG2 cells incubated for 48 hrs by AlphaLISA assay";"B";"BAO_0000219";"cell-based format";"Homo sapiens";"None";"None";"HepG2";"None";"";"";"";"CHEMBL2929";"Proprotein convertase subtilisin/kexin type 9";"Homo sapiens";"SINGLE PROTEIN";"CHEMBL4433247";"1";"Scientific Literature";"Bioorg Med Chem Lett";"2019";"CHEMBL3307718";"";"";"";"2.8"
"CHEMBL4461546";"";"None";"448.98";"1";"6.22";"9";"Cc1ccc(S(=O)(=O)n2c(Cc3c[nH]c4c(Cl)cccc34)c(C)c3ccccc32)cc1";"IC50";"'='";"2300.0";"nM";"5.64";"";"";"UO_0000065";"12.56";"0.25";"-0.58";"10.28";"0";"CHEMBL4434276";"Inhibition of human PCSK9 in HepG2 cells incubated for 48 hrs by AlphaLISA assay";"B";"BAO_0000219";"cell-based format";"Homo sapiens";"None";"None";"HepG2";"None";"";"";"";"CHEMBL2929";"Proprotein convertase subtilisin/kexin type 9";"Homo sapiens";"SINGLE PROTEIN";"CHEMBL4433247";"1";"Scientific Literature";"Bioorg Med Chem Lett";"2019";"CHEMBL3307718";"";"";"";"2.3"
"CHEMBL4108540";"";"None";"454.92";"0";"2.65";"BDBM200341";"Cn1ncc(-c2ccc(C(=O)N(c3ncccc3Cl)[C@@H]3CCCNC3)cc2)c1C(=O)NO";"IC50";"'>'";"20000.0";"nM";"";"";"356399";"UO_0000065";"";"";"";"";"0";"CHEMBL3887820";"AlphaLISA Assay: An in-vitro AlphaLISA assay (Perkin Elmer) was developed in order to quantitate the level of PCSK9 secreted into the cell culture media following compound treatment. To detect and measure PCSK9 protein an in-house generated anti-PCSK9 antibody was coupled to AlphaLISA acceptor beads by an external vendor (PerkinElmer) and a second internally developed anti-PCSK9 antibody with an epiptope distinct from that of the acceptor beads was biotinylated in house. Streptavidin coated-donor beads (Perkin Elmer) are also included in the assay mixture which then binds the biotinylated anti-PCSK9 antibody and in the presence of PCSK9 this donor complex and acceptor beads are brought into close proximity. Upon excitation of the donor beads at 680 nm singlet oxygen molecules are released that trigger an energy transfer cascade within the acceptor beads resolving as a single peak of light emitted at 615 nm. The ability of compound to modulate PCSK9 protein levels in conditioned media by AlphaLISA was assessed in the human hepatocellular carcinoma cell line Huh7, stably over-expressing human PCSK9.";"B";"BAO_0000019";"assay format";"None";"None";"None";"None";"None";"";"";"";"CHEMBL2929";"Proprotein convertase subtilisin/kexin type 9";"Homo sapiens";"SINGLE PROTEIN";"CHEMBL3886461";"37";"BindingDB Patent Bioactivity Data";"";"2016";"None";"";"";"";"20000.0"
"CHEMBL4109409";"";"None";"463.93";"0";"2.71";"BDBM200342";"Cn1ncc(-c2ccc(C(=O)N(c3ncccc3Cl)[C@@H]3CCCNC3)cc2)c1-c1nn[nH]n1";"IC50";"'>'";"20000.0";"nM";"";"";"356400";"UO_0000065";"";"";"";"";"0";"CHEMBL3887820";"AlphaLISA Assay: An in-vitro AlphaLISA assay (Perkin Elmer) was developed in order to quantitate the level of PCSK9 secreted into the cell culture media following compound treatment. To detect and measure PCSK9 protein an in-house generated anti-PCSK9 antibody was coupled to AlphaLISA acceptor beads by an external vendor (PerkinElmer) and a second internally developed anti-PCSK9 antibody with an epiptope distinct from that of the acceptor beads was biotinylated in house. Streptavidin coated-donor beads (Perkin Elmer) are also included in the assay mixture which then binds the biotinylated anti-PCSK9 antibody and in the presence of PCSK9 this donor complex and acceptor beads are brought into close proximity. Upon excitation of the donor beads at 680 nm singlet oxygen molecules are released that trigger an energy transfer cascade within the acceptor beads resolving as a single peak of light emitted at 615 nm. The ability of compound to modulate PCSK9 protein levels in conditioned media by AlphaLISA was assessed in the human hepatocellular carcinoma cell line Huh7, stably over-expressing human PCSK9.";"B";"BAO_0000019";"assay format";"None";"None";"None";"None";"None";"";"";"";"CHEMBL2929";"Proprotein convertase subtilisin/kexin type 9";"Homo sapiens";"SINGLE PROTEIN";"CHEMBL3886461";"37";"BindingDB Patent Bioactivity Data";"";"2016";"None";"";"";"";"20000.0"
"CHEMBL4106546";"";"None";"587.69";"2";"4.17";"BDBM200350";"CCOC(=O)OC(C(C)C)n1nnc(-c2c(-c3ccc(C(=O)N(c4ncccc4C)[C@@H]4CCCNC4)cc3)cnn2C)n1";"IC50";"'>'";"20000.0";"nM";"";"";"356408";"UO_0000065";"";"";"";"";"0";"CHEMBL3887820";"AlphaLISA Assay: An in-vitro AlphaLISA assay (Perkin Elmer) was developed in order to quantitate the level of PCSK9 secreted into the cell culture media following compound treatment. To detect and measure PCSK9 protein an in-house generated anti-PCSK9 antibody was coupled to AlphaLISA acceptor beads by an external vendor (PerkinElmer) and a second internally developed anti-PCSK9 antibody with an epiptope distinct from that of the acceptor beads was biotinylated in house. Streptavidin coated-donor beads (Perkin Elmer) are also included in the assay mixture which then binds the biotinylated anti-PCSK9 antibody and in the presence of PCSK9 this donor complex and acceptor beads are brought into close proximity. Upon excitation of the donor beads at 680 nm singlet oxygen molecules are released that trigger an energy transfer cascade within the acceptor beads resolving as a single peak of light emitted at 615 nm. The ability of compound to modulate PCSK9 protein levels in conditioned media by AlphaLISA was assessed in the human hepatocellular carcinoma cell line Huh7, stably over-expressing human PCSK9.";"B";"BAO_0000019";"assay format";"None";"None";"None";"None";"None";"";"";"";"CHEMBL2929";"Proprotein convertase subtilisin/kexin type 9";"Homo sapiens";"SINGLE PROTEIN";"CHEMBL3886461";"37";"BindingDB Patent Bioactivity Data";"";"2016";"None";"";"";"";"20000.0"
"CHEMBL4109014";"";"None";"573.66";"2";"3.92";"BDBM200354";"Cc1cccnc1N(C(=O)c1ccc(-c2cnn(C)c2-c2nnn(C(C)OC(=O)OC(C)C)n2)cc1)[C@@H]1CCCNC1";"IC50";"'='";"11820.0";"nM";"4.93";"";"356413";"UO_0000065";"8.59";"0.16";"1.01";"3.47";"0";"CHEMBL3887820";"AlphaLISA Assay: An in-vitro AlphaLISA assay (Perkin Elmer) was developed in order to quantitate the level of PCSK9 secreted into the cell culture media following compound treatment. To detect and measure PCSK9 protein an in-house generated anti-PCSK9 antibody was coupled to AlphaLISA acceptor beads by an external vendor (PerkinElmer) and a second internally developed anti-PCSK9 antibody with an epiptope distinct from that of the acceptor beads was biotinylated in house. Streptavidin coated-donor beads (Perkin Elmer) are also included in the assay mixture which then binds the biotinylated anti-PCSK9 antibody and in the presence of PCSK9 this donor complex and acceptor beads are brought into close proximity. Upon excitation of the donor beads at 680 nm singlet oxygen molecules are released that trigger an energy transfer cascade within the acceptor beads resolving as a single peak of light emitted at 615 nm. The ability of compound to modulate PCSK9 protein levels in conditioned media by AlphaLISA was assessed in the human hepatocellular carcinoma cell line Huh7, stably over-expressing human PCSK9.";"B";"BAO_0000019";"assay format";"None";"None";"None";"None";"None";"";"";"";"CHEMBL2929";"Proprotein convertase subtilisin/kexin type 9";"Homo sapiens";"SINGLE PROTEIN";"CHEMBL3886461";"37";"BindingDB Patent Bioactivity Data";"";"2016";"None";"";"";"";"11820.0"
"CHEMBL4109909";"";"None";"557.66";"2";"3.70";"BDBM200362";"CCC(=O)OC(CC)n1nnc(-c2c(-c3ccc(C(=O)N(c4ncccc4C)[C@@H]4CCCNC4)cc3)cnn2C)n1";"IC50";"'>'";"20000.0";"nM";"";"";"356420";"UO_0000065";"";"";"";"";"0";"CHEMBL3887820";"AlphaLISA Assay: An in-vitro AlphaLISA assay (Perkin Elmer) was developed in order to quantitate the level of PCSK9 secreted into the cell culture media following compound treatment. To detect and measure PCSK9 protein an in-house generated anti-PCSK9 antibody was coupled to AlphaLISA acceptor beads by an external vendor (PerkinElmer) and a second internally developed anti-PCSK9 antibody with an epiptope distinct from that of the acceptor beads was biotinylated in house. Streptavidin coated-donor beads (Perkin Elmer) are also included in the assay mixture which then binds the biotinylated anti-PCSK9 antibody and in the presence of PCSK9 this donor complex and acceptor beads are brought into close proximity. Upon excitation of the donor beads at 680 nm singlet oxygen molecules are released that trigger an energy transfer cascade within the acceptor beads resolving as a single peak of light emitted at 615 nm. The ability of compound to modulate PCSK9 protein levels in conditioned media by AlphaLISA was assessed in the human hepatocellular carcinoma cell line Huh7, stably over-expressing human PCSK9.";"B";"BAO_0000019";"assay format";"None";"None";"None";"None";"None";"";"";"";"CHEMBL2929";"Proprotein convertase subtilisin/kexin type 9";"Homo sapiens";"SINGLE PROTEIN";"CHEMBL3886461";"37";"BindingDB Patent Bioactivity Data";"";"2016";"None";"";"";"";"20000.0"
"CHEMBL4108338";"";"None";"434.89";"0";"2.66";"BDBM200320";"O=C(c1ccc(-n2nnc3cccnc32)cn1)N(c1ncccc1Cl)[C@@H]1CCCNC1";"IC50";"'='";"1500.0";"nM";"5.82";"";"356381";"UO_0000065";"13.39";"0.26";"3.16";"5.73";"0";"CHEMBL3887820";"AlphaLISA Assay: An in-vitro AlphaLISA assay (Perkin Elmer) was developed in order to quantitate the level of PCSK9 secreted into the cell culture media following compound treatment. To detect and measure PCSK9 protein an in-house generated anti-PCSK9 antibody was coupled to AlphaLISA acceptor beads by an external vendor (PerkinElmer) and a second internally developed anti-PCSK9 antibody with an epiptope distinct from that of the acceptor beads was biotinylated in house. Streptavidin coated-donor beads (Perkin Elmer) are also included in the assay mixture which then binds the biotinylated anti-PCSK9 antibody and in the presence of PCSK9 this donor complex and acceptor beads are brought into close proximity. Upon excitation of the donor beads at 680 nm singlet oxygen molecules are released that trigger an energy transfer cascade within the acceptor beads resolving as a single peak of light emitted at 615 nm. The ability of compound to modulate PCSK9 protein levels in conditioned media by AlphaLISA was assessed in the human hepatocellular carcinoma cell line Huh7, stably over-expressing human PCSK9.";"B";"BAO_0000019";"assay format";"None";"None";"None";"None";"None";"";"";"";"CHEMBL2929";"Proprotein convertase subtilisin/kexin type 9";"Homo sapiens";"SINGLE PROTEIN";"CHEMBL3886461";"37";"BindingDB Patent Bioactivity Data";"";"2016";"None";"";"";"";"1500.0"
"CHEMBL4107141";"";"None";"557.66";"2";"3.56";"BDBM200366";"Cc1cccnc1N(C(=O)c1ccc(-c2cnn(C)c2-c2nnn(C(C)OC(=O)C(C)C)n2)cc1)[C@@H]1CCCNC1";"IC50";"'>'";"20000.0";"nM";"";"";"356425";"UO_0000065";"";"";"";"";"0";"CHEMBL3887820";"AlphaLISA Assay: An in-vitro AlphaLISA assay (Perkin Elmer) was developed in order to quantitate the level of PCSK9 secreted into the cell culture media following compound treatment. To detect and measure PCSK9 protein an in-house generated anti-PCSK9 antibody was coupled to AlphaLISA acceptor beads by an external vendor (PerkinElmer) and a second internally developed anti-PCSK9 antibody with an epiptope distinct from that of the acceptor beads was biotinylated in house. Streptavidin coated-donor beads (Perkin Elmer) are also included in the assay mixture which then binds the biotinylated anti-PCSK9 antibody and in the presence of PCSK9 this donor complex and acceptor beads are brought into close proximity. Upon excitation of the donor beads at 680 nm singlet oxygen molecules are released that trigger an energy transfer cascade within the acceptor beads resolving as a single peak of light emitted at 615 nm. The ability of compound to modulate PCSK9 protein levels in conditioned media by AlphaLISA was assessed in the human hepatocellular carcinoma cell line Huh7, stably over-expressing human PCSK9.";"B";"BAO_0000019";"assay format";"None";"None";"None";"None";"None";"";"";"";"CHEMBL2929";"Proprotein convertase subtilisin/kexin type 9";"Homo sapiens";"SINGLE PROTEIN";"CHEMBL3886461";"37";"BindingDB Patent Bioactivity Data";"";"2016";"None";"";"";"";"20000.0"
"CHEMBL4112053";"";"None";"587.69";"2";"4.31";"BDBM200356";"CCC(OC(=O)OC(C)C)n1nnc(-c2c(-c3ccc(C(=O)N(c4ncccc4C)[C@@H]4CCCNC4)cc3)cnn2C)n1";"IC50";"'>'";"20000.0";"nM";"";"";"356414";"UO_0000065";"";"";"";"";"0";"CHEMBL3887820";"AlphaLISA Assay: An in-vitro AlphaLISA assay (Perkin Elmer) was developed in order to quantitate the level of PCSK9 secreted into the cell culture media following compound treatment. To detect and measure PCSK9 protein an in-house generated anti-PCSK9 antibody was coupled to AlphaLISA acceptor beads by an external vendor (PerkinElmer) and a second internally developed anti-PCSK9 antibody with an epiptope distinct from that of the acceptor beads was biotinylated in house. Streptavidin coated-donor beads (Perkin Elmer) are also included in the assay mixture which then binds the biotinylated anti-PCSK9 antibody and in the presence of PCSK9 this donor complex and acceptor beads are brought into close proximity. Upon excitation of the donor beads at 680 nm singlet oxygen molecules are released that trigger an energy transfer cascade within the acceptor beads resolving as a single peak of light emitted at 615 nm. The ability of compound to modulate PCSK9 protein levels in conditioned media by AlphaLISA was assessed in the human hepatocellular carcinoma cell line Huh7, stably over-expressing human PCSK9.";"B";"BAO_0000019";"assay format";"None";"None";"None";"None";"None";"";"";"";"CHEMBL2929";"Proprotein convertase subtilisin/kexin type 9";"Homo sapiens";"SINGLE PROTEIN";"CHEMBL3886461";"37";"BindingDB Patent Bioactivity Data";"";"2016";"None";"";"";"";"20000.0"
"CHEMBL5278470";"";"None";"1483.87";"None";"None";"39";"CC[C@H](C)[C@H](NC(=O)[C@H](CCCCNC(=N)N)NC(=O)[C@H](CCCCN)NC(=O)[C@H](CC(C)C)NC(=O)[C@H](CC(N)=O)NC(=O)[C@H](Cc1c[nH]c2ccccc12)NC(=O)C1(N)CCC(c2ccccc2)CC1)C(=O)NCC(=O)N[C@@H](CC(C)C)C(=O)N[C@@H](CC(C)C)C(=O)N[C@@H](CCCNC(=N)N)C(=O)O";"IC50";"'='";"720.0";"nM";"6.14";"";"";"UO_0000065";"4.14";"None";"None";"None";"0";"CHEMBL5236433";"Inhibition of human PCSK9 preincubated for 30 mins followed by EGF(A) addition and measured after 2 hrs by TR-FRET assay";"B";"BAO_0000357";"single protein format";"Homo sapiens";"None";"None";"None";"None";"";"";"";"CHEMBL2929";"Proprotein convertase subtilisin/kexin type 9";"Homo sapiens";"SINGLE PROTEIN";"CHEMBL5233285";"1";"Scientific Literature";"J Med Chem";"2022";"None";"TIME = 2.5 hr";"INHIBITOR";"";"0.72"
"CHEMBL4107714";"";"None";"467.96";"0";"3.71";"BDBM200321";"CCOC(=O)c1c(-c2ccc(C(=O)N(c3ncccc3Cl)[C@@H]3CCCNC3)cc2)cnn1C";"IC50";"'='";"1700.0";"nM";"5.77";"";"356433";"UO_0000065";"12.33";"0.24";"2.06";"6.46";"0";"CHEMBL3887821";"Cell Free Assay: In order to eliminate the permeability barrier inherent to the WT7 and SCHH cell-based assays a cell-free system was also established to access compound activity. A sequence containing the full length human PCSK9 (NCBI reference identifier, NM-174936.3, where coding sequence start annotated at position 363) along with 84 additional 3â¿² nucleotides, comprising a V5 tag and polylinkinker followed by an in frame modified firefly luciferase reporter (corresponding to nucleotide positions 283-1929 of pGL3, Gen Bank reference identifier JN542721.1) was cloned into the pT7CFE1 expression vector (ThermoScientific). The construct was then in-vitro transcribed using the MEGAscript T7 Kit (Life Technologies) and RNA subsequently purified incorporating the MEGAclear Kit (Life Technologies) according to manufacturer's protocols. HeLa cell lysates were prepared following the protocols described by Mikami (reference is Cell-Free Protein Synthesis Systems with Extracts from Cultured Human Cells, S. Mikami, T. Kobayashi and H. Imataka; from Methods in Molecular Biology, vol. 607, pages 43-52, Y. Endo et al. (eds.), Humana Press, 2010) with the following modifications.";"B";"BAO_0000219";"cell-based format";"None";"None";"None";"HeLa";"None";"";"";"";"CHEMBL2929";"Proprotein convertase subtilisin/kexin type 9";"Homo sapiens";"SINGLE PROTEIN";"CHEMBL3886461";"37";"BindingDB Patent Bioactivity Data";"";"2016";"CHEMBL3308376";"";"";"";"1700.0"
"CHEMBL4112849";"";"None";"573.66";"2";"3.92";"BDBM200348";"CCOC(=O)OC(CC)n1nnc(-c2c(-c3ccc(C(=O)N(c4ncccc4C)[C@@H]4CCCNC4)cc3)cnn2C)n1";"IC50";"'='";"7260.0";"nM";"5.14";"";"356451";"UO_0000065";"8.96";"0.17";"1.22";"3.61";"0";"CHEMBL3887821";"Cell Free Assay: In order to eliminate the permeability barrier inherent to the WT7 and SCHH cell-based assays a cell-free system was also established to access compound activity. A sequence containing the full length human PCSK9 (NCBI reference identifier, NM-174936.3, where coding sequence start annotated at position 363) along with 84 additional 3â¿² nucleotides, comprising a V5 tag and polylinkinker followed by an in frame modified firefly luciferase reporter (corresponding to nucleotide positions 283-1929 of pGL3, Gen Bank reference identifier JN542721.1) was cloned into the pT7CFE1 expression vector (ThermoScientific). The construct was then in-vitro transcribed using the MEGAscript T7 Kit (Life Technologies) and RNA subsequently purified incorporating the MEGAclear Kit (Life Technologies) according to manufacturer's protocols. HeLa cell lysates were prepared following the protocols described by Mikami (reference is Cell-Free Protein Synthesis Systems with Extracts from Cultured Human Cells, S. Mikami, T. Kobayashi and H. Imataka; from Methods in Molecular Biology, vol. 607, pages 43-52, Y. Endo et al. (eds.), Humana Press, 2010) with the following modifications.";"B";"BAO_0000219";"cell-based format";"None";"None";"None";"HeLa";"None";"";"";"";"CHEMBL2929";"Proprotein convertase subtilisin/kexin type 9";"Homo sapiens";"SINGLE PROTEIN";"CHEMBL3886461";"37";"BindingDB Patent Bioactivity Data";"";"2016";"CHEMBL3308376";"";"";"";"7260.0"
"CHEMBL4109014";"";"None";"573.66";"2";"3.92";"BDBM200354";"Cc1cccnc1N(C(=O)c1ccc(-c2cnn(C)c2-c2nnn(C(C)OC(=O)OC(C)C)n2)cc1)[C@@H]1CCCNC1";"IC50";"'='";"2190.0";"nM";"5.66";"";"356457";"UO_0000065";"9.87";"0.18";"1.74";"3.98";"0";"CHEMBL3887821";"Cell Free Assay: In order to eliminate the permeability barrier inherent to the WT7 and SCHH cell-based assays a cell-free system was also established to access compound activity. A sequence containing the full length human PCSK9 (NCBI reference identifier, NM-174936.3, where coding sequence start annotated at position 363) along with 84 additional 3â¿² nucleotides, comprising a V5 tag and polylinkinker followed by an in frame modified firefly luciferase reporter (corresponding to nucleotide positions 283-1929 of pGL3, Gen Bank reference identifier JN542721.1) was cloned into the pT7CFE1 expression vector (ThermoScientific). The construct was then in-vitro transcribed using the MEGAscript T7 Kit (Life Technologies) and RNA subsequently purified incorporating the MEGAclear Kit (Life Technologies) according to manufacturer's protocols. HeLa cell lysates were prepared following the protocols described by Mikami (reference is Cell-Free Protein Synthesis Systems with Extracts from Cultured Human Cells, S. Mikami, T. Kobayashi and H. Imataka; from Methods in Molecular Biology, vol. 607, pages 43-52, Y. Endo et al. (eds.), Humana Press, 2010) with the following modifications.";"B";"BAO_0000219";"cell-based format";"None";"None";"None";"HeLa";"None";"";"";"";"CHEMBL2929";"Proprotein convertase subtilisin/kexin type 9";"Homo sapiens";"SINGLE PROTEIN";"CHEMBL3886461";"37";"BindingDB Patent Bioactivity Data";"";"2016";"CHEMBL3308376";"";"";"";"2190.0"
"CHEMBL4112053";"";"None";"587.69";"2";"4.31";"BDBM200356";"CCC(OC(=O)OC(C)C)n1nnc(-c2c(-c3ccc(C(=O)N(c4ncccc4C)[C@@H]4CCCNC4)cc3)cnn2C)n1";"IC50";"'='";"15400.0";"nM";"4.81";"";"356460";"UO_0000065";"8.19";"0.15";"0.50";"3.38";"0";"CHEMBL3887821";"Cell Free Assay: In order to eliminate the permeability barrier inherent to the WT7 and SCHH cell-based assays a cell-free system was also established to access compound activity. A sequence containing the full length human PCSK9 (NCBI reference identifier, NM-174936.3, where coding sequence start annotated at position 363) along with 84 additional 3â¿² nucleotides, comprising a V5 tag and polylinkinker followed by an in frame modified firefly luciferase reporter (corresponding to nucleotide positions 283-1929 of pGL3, Gen Bank reference identifier JN542721.1) was cloned into the pT7CFE1 expression vector (ThermoScientific). The construct was then in-vitro transcribed using the MEGAscript T7 Kit (Life Technologies) and RNA subsequently purified incorporating the MEGAclear Kit (Life Technologies) according to manufacturer's protocols. HeLa cell lysates were prepared following the protocols described by Mikami (reference is Cell-Free Protein Synthesis Systems with Extracts from Cultured Human Cells, S. Mikami, T. Kobayashi and H. Imataka; from Methods in Molecular Biology, vol. 607, pages 43-52, Y. Endo et al. (eds.), Humana Press, 2010) with the following modifications.";"B";"BAO_0000219";"cell-based format";"None";"None";"None";"HeLa";"None";"";"";"";"CHEMBL2929";"Proprotein convertase subtilisin/kexin type 9";"Homo sapiens";"SINGLE PROTEIN";"CHEMBL3886461";"37";"BindingDB Patent Bioactivity Data";"";"2016";"CHEMBL3308376";"";"";"";"15400.0"
"CHEMBL4113630";"";"None";"601.71";"2";"4.56";"BDBM200358";"Cc1cccnc1N(C(=O)c1ccc(-c2cnn(C)c2-c2nnn(C(OC(=O)OC(C)C)C(C)C)n2)cc1)[C@@H]1CCCNC1";"IC50";"'='";"31900.0";"nM";"4.50";"";"356462";"UO_0000065";"7.47";"0.14";"-0.06";"3.16";"0";"CHEMBL3887821";"Cell Free Assay: In order to eliminate the permeability barrier inherent to the WT7 and SCHH cell-based assays a cell-free system was also established to access compound activity. A sequence containing the full length human PCSK9 (NCBI reference identifier, NM-174936.3, where coding sequence start annotated at position 363) along with 84 additional 3â¿² nucleotides, comprising a V5 tag and polylinkinker followed by an in frame modified firefly luciferase reporter (corresponding to nucleotide positions 283-1929 of pGL3, Gen Bank reference identifier JN542721.1) was cloned into the pT7CFE1 expression vector (ThermoScientific). The construct was then in-vitro transcribed using the MEGAscript T7 Kit (Life Technologies) and RNA subsequently purified incorporating the MEGAclear Kit (Life Technologies) according to manufacturer's protocols. HeLa cell lysates were prepared following the protocols described by Mikami (reference is Cell-Free Protein Synthesis Systems with Extracts from Cultured Human Cells, S. Mikami, T. Kobayashi and H. Imataka; from Methods in Molecular Biology, vol. 607, pages 43-52, Y. Endo et al. (eds.), Humana Press, 2010) with the following modifications.";"B";"BAO_0000219";"cell-based format";"None";"None";"None";"HeLa";"None";"";"";"";"CHEMBL2929";"Proprotein convertase subtilisin/kexin type 9";"Homo sapiens";"SINGLE PROTEIN";"CHEMBL3886461";"37";"BindingDB Patent Bioactivity Data";"";"2016";"CHEMBL3308376";"";"";"";"31900.0"
"CHEMBL4114463";"";"None";"585.71";"2";"4.20";"BDBM200370";"Cc1cccnc1N(C(=O)c1ccc(-c2cnn(C)c2-c2nnn(C(OC(=O)C(C)C)C(C)C)n2)cc1)[C@@H]1CCCNC1";"IC50";"'='";"12800.0";"nM";"4.89";"";"356473";"UO_0000065";"8.35";"0.16";"0.69";"3.68";"0";"CHEMBL3887821";"Cell Free Assay: In order to eliminate the permeability barrier inherent to the WT7 and SCHH cell-based assays a cell-free system was also established to access compound activity. A sequence containing the full length human PCSK9 (NCBI reference identifier, NM-174936.3, where coding sequence start annotated at position 363) along with 84 additional 3â¿² nucleotides, comprising a V5 tag and polylinkinker followed by an in frame modified firefly luciferase reporter (corresponding to nucleotide positions 283-1929 of pGL3, Gen Bank reference identifier JN542721.1) was cloned into the pT7CFE1 expression vector (ThermoScientific). The construct was then in-vitro transcribed using the MEGAscript T7 Kit (Life Technologies) and RNA subsequently purified incorporating the MEGAclear Kit (Life Technologies) according to manufacturer's protocols. HeLa cell lysates were prepared following the protocols described by Mikami (reference is Cell-Free Protein Synthesis Systems with Extracts from Cultured Human Cells, S. Mikami, T. Kobayashi and H. Imataka; from Methods in Molecular Biology, vol. 607, pages 43-52, Y. Endo et al. (eds.), Humana Press, 2010) with the following modifications.";"B";"BAO_0000219";"cell-based format";"None";"None";"None";"HeLa";"None";"";"";"";"CHEMBL2929";"Proprotein convertase subtilisin/kexin type 9";"Homo sapiens";"SINGLE PROTEIN";"CHEMBL3886461";"37";"BindingDB Patent Bioactivity Data";"";"2016";"CHEMBL3308376";"";"";"";"12800.0"
"CHEMBL5092750";"";"None";"2711.98";"None";"None";"P9-38";"CC(C)C[C@@H]1NC(=O)[C@H](Cc2ccc(O)cc2)NC(=O)[C@H](CCC(=O)O)NC(=O)[C@H](CCC(=O)O)NC(=O)[C@H](Cc2c[nH]c3ccccc23)NC(=O)[C@H](CO)NC(=O)[C@H]([C@@H](C)O)NC(=O)[C@H](Cc2ccccc2)NC(=O)[C@H](C(C)C)NC(=O)[C@H]([C@@H](C)O)NC(=O)[C@@H](N)CSSC[C@H](N)C(=O)NC(=O)[C@H](CO)NC(=O)[C@H](CC(N)=O)NC(=O)[C@H](CCCNC(=N)N)NC(=O)[C@@H]2CCCN2C(=O)[C@H](Cc2cnc[nH]2)NC(=O)[C@H](CC(C)C)NC(=O)[C@H](CC(N)=O)NC(=O)[C@H](CC(N)=O)NC(=O)[C@H](Cc2c[nH]c3ccccc23)NC(=O)[C@H](CC(=O)O)NC1=O";"IC50";"'='";"1258.0";"nM";"5.90";"";"";"UO_0000065";"2.18";"None";"None";"None";"0";"CHEMBL5038682";"Inhibition of tEGF-A[HA] binding to biotinylated human PCSK9 incubated for 2 hrs by ELISA based competitive binding assay";"B";"BAO_0000357";"single protein format";"Homo sapiens";"None";"None";"None";"None";"";"";"";"CHEMBL2929";"Proprotein convertase subtilisin/kexin type 9";"Homo sapiens";"SINGLE PROTEIN";"CHEMBL5038568";"1";"Scientific Literature";"J Med Chem";"2021";"None";"TIME = 2.0 hr";"INHIBITOR";"";"1258.0"
"CHEMBL5904107";"";"None";"440.93";"0";"3.52";"BDBM425984";"Cc1cc(Cl)cnc1N(C(=O)c1ccc(C2=NOC(C)(C)C2=O)cc1)[C@@H]1CCCNC1";"IC50";"'<'";"10000.0";"nM";"";"";"858662";"UO_0000065";"";"";"";"";"0";"CHEMBL5734738";"In Vitro Screening Experiment: 1. Reagent Preparation:1) Preparation of 1× AlphaLISA test buffer solution:2.5 ml of 10× AlphaLISA test buffer solution was added to 22.5 ml of Milli-Q water to produce the 1× AlphaLISA test buffer solution.2) Preparation of mixture (25 μg/mL/2.5 nM) of 2.5× AlphaLISA Acceptor beads and Biotinylated Antibody Anti-PCSK9:50 μL of 5 mg/mL Alpha LISA Anti-PCSK9 Acceptor beads and 50 μL of 500 nM Biotinylated Antibody Anti-PCSK9 were added to 9,900 μL of 1× AlphaLISA test buffer solution.3) Preparation of 2× Streptavidin (SA) Donor beads (80 μg/mL):200 μL of 5 mg/mL SA-Donor beads was added to 12,300 μL of 1× AlphaLISA test buffer solution.2. Operation Steps:1) DMSO was added to the test compound to produce the 50 μM stock solution, which was then serially diluted into 10 concentrations by 3-fold, and placed in the 384-pore plate;2) PCSK9-Huh7 cells were added in the 384-pore plate, and the cell plate was cultured in the incubator for 20 h;3) 20 μL/pore mixture of 2.5× AlphaLISA Acceptor beads and Biotinylated Antibody Anti-PCSK9 was added, and incubated at 23° C. for 60 min.4) 25 μL/pore 2× Streptavidin (SA) Donor beads were added; and incubated for 30 min at 23° C. (kept in dark place).5) EnVision-Alpha Reader reading:Test condition: Total Measurement Time: 550 ms, Laser 680 nm Excitation Time: 180 ms, Mirror: D640as, Emission Filtered: M570w, Center Wavelength 570 nm, Bandwidth 100 nm, Transmittance 75%.3. Data Analysis:Date was analyzed with Prismsoftware (nonlinear regression (Sigmoidal dose-response-variable slope)Inhibition ratio %=100*(Sample reading−LC reading)/(HC reading−LC reading).";"B";"BAO_0000019";"assay format";"None";"None";"None";"None";"None";"";"";"";"CHEMBL2929";"Proprotein convertase subtilisin/kexin type 9";"Homo sapiens";"SINGLE PROTEIN";"CHEMBL5727468";"37";"BindingDB Patent Bioactivity Data";"";"2019";"None";"";"";"";"10000.0"
"CHEMBL5884880";"";"None";"410.45";"0";"2.70";"BDBM425986";"CC1(C)ON=C(c2ccc(C(=O)N(c3ncccc3F)[C@@H]3CCCNC3)cc2)C1=O";"IC50";"'<'";"10000.0";"nM";"";"";"858664";"UO_0000065";"";"";"";"";"0";"CHEMBL5734738";"In Vitro Screening Experiment: 1. Reagent Preparation:1) Preparation of 1× AlphaLISA test buffer solution:2.5 ml of 10× AlphaLISA test buffer solution was added to 22.5 ml of Milli-Q water to produce the 1× AlphaLISA test buffer solution.2) Preparation of mixture (25 μg/mL/2.5 nM) of 2.5× AlphaLISA Acceptor beads and Biotinylated Antibody Anti-PCSK9:50 μL of 5 mg/mL Alpha LISA Anti-PCSK9 Acceptor beads and 50 μL of 500 nM Biotinylated Antibody Anti-PCSK9 were added to 9,900 μL of 1× AlphaLISA test buffer solution.3) Preparation of 2× Streptavidin (SA) Donor beads (80 μg/mL):200 μL of 5 mg/mL SA-Donor beads was added to 12,300 μL of 1× AlphaLISA test buffer solution.2. Operation Steps:1) DMSO was added to the test compound to produce the 50 μM stock solution, which was then serially diluted into 10 concentrations by 3-fold, and placed in the 384-pore plate;2) PCSK9-Huh7 cells were added in the 384-pore plate, and the cell plate was cultured in the incubator for 20 h;3) 20 μL/pore mixture of 2.5× AlphaLISA Acceptor beads and Biotinylated Antibody Anti-PCSK9 was added, and incubated at 23° C. for 60 min.4) 25 μL/pore 2× Streptavidin (SA) Donor beads were added; and incubated for 30 min at 23° C. (kept in dark place).5) EnVision-Alpha Reader reading:Test condition: Total Measurement Time: 550 ms, Laser 680 nm Excitation Time: 180 ms, Mirror: D640as, Emission Filtered: M570w, Center Wavelength 570 nm, Bandwidth 100 nm, Transmittance 75%.3. Data Analysis:Date was analyzed with Prismsoftware (nonlinear regression (Sigmoidal dose-response-variable slope)Inhibition ratio %=100*(Sample reading−LC reading)/(HC reading−LC reading).";"B";"BAO_0000019";"assay format";"None";"None";"None";"None";"None";"";"";"";"CHEMBL2929";"Proprotein convertase subtilisin/kexin type 9";"Homo sapiens";"SINGLE PROTEIN";"CHEMBL5727468";"37";"BindingDB Patent Bioactivity Data";"";"2019";"None";"";"";"";"10000.0"
"CHEMBL5760373";"";"None";"420.51";"0";"3.12";"BDBM425998";"CCc1cccnc1N(C(=O)c1ccc(C2=NOC(C)(C)C2=O)cc1)[C@@H]1CCCNC1";"IC50";"'<'";"10000.0";"nM";"";"";"858676";"UO_0000065";"";"";"";"";"0";"CHEMBL5734738";"In Vitro Screening Experiment: 1. Reagent Preparation:1) Preparation of 1× AlphaLISA test buffer solution:2.5 ml of 10× AlphaLISA test buffer solution was added to 22.5 ml of Milli-Q water to produce the 1× AlphaLISA test buffer solution.2) Preparation of mixture (25 μg/mL/2.5 nM) of 2.5× AlphaLISA Acceptor beads and Biotinylated Antibody Anti-PCSK9:50 μL of 5 mg/mL Alpha LISA Anti-PCSK9 Acceptor beads and 50 μL of 500 nM Biotinylated Antibody Anti-PCSK9 were added to 9,900 μL of 1× AlphaLISA test buffer solution.3) Preparation of 2× Streptavidin (SA) Donor beads (80 μg/mL):200 μL of 5 mg/mL SA-Donor beads was added to 12,300 μL of 1× AlphaLISA test buffer solution.2. Operation Steps:1) DMSO was added to the test compound to produce the 50 μM stock solution, which was then serially diluted into 10 concentrations by 3-fold, and placed in the 384-pore plate;2) PCSK9-Huh7 cells were added in the 384-pore plate, and the cell plate was cultured in the incubator for 20 h;3) 20 μL/pore mixture of 2.5× AlphaLISA Acceptor beads and Biotinylated Antibody Anti-PCSK9 was added, and incubated at 23° C. for 60 min.4) 25 μL/pore 2× Streptavidin (SA) Donor beads were added; and incubated for 30 min at 23° C. (kept in dark place).5) EnVision-Alpha Reader reading:Test condition: Total Measurement Time: 550 ms, Laser 680 nm Excitation Time: 180 ms, Mirror: D640as, Emission Filtered: M570w, Center Wavelength 570 nm, Bandwidth 100 nm, Transmittance 75%.3. Data Analysis:Date was analyzed with Prismsoftware (nonlinear regression (Sigmoidal dose-response-variable slope)Inhibition ratio %=100*(Sample reading−LC reading)/(HC reading−LC reading).";"B";"BAO_0000019";"assay format";"None";"None";"None";"None";"None";"";"";"";"CHEMBL2929";"Proprotein convertase subtilisin/kexin type 9";"Homo sapiens";"SINGLE PROTEIN";"CHEMBL5727468";"37";"BindingDB Patent Bioactivity Data";"";"2019";"None";"";"";"";"10000.0"
"CHEMBL5742135";"";"None";"442.95";"0";"3.66";"BDBM425979";"CO[C@H]1C(c2ccc(C(=O)N(c3ncccc3Cl)[C@@H]3CCCNC3)cc2)=NOC1(C)C";"IC50";"'<'";"10000.0";"nM";"";"";"858657";"UO_0000065";"";"";"";"";"0";"CHEMBL5734738";"In Vitro Screening Experiment: 1. Reagent Preparation:1) Preparation of 1× AlphaLISA test buffer solution:2.5 ml of 10× AlphaLISA test buffer solution was added to 22.5 ml of Milli-Q water to produce the 1× AlphaLISA test buffer solution.2) Preparation of mixture (25 μg/mL/2.5 nM) of 2.5× AlphaLISA Acceptor beads and Biotinylated Antibody Anti-PCSK9:50 μL of 5 mg/mL Alpha LISA Anti-PCSK9 Acceptor beads and 50 μL of 500 nM Biotinylated Antibody Anti-PCSK9 were added to 9,900 μL of 1× AlphaLISA test buffer solution.3) Preparation of 2× Streptavidin (SA) Donor beads (80 μg/mL):200 μL of 5 mg/mL SA-Donor beads was added to 12,300 μL of 1× AlphaLISA test buffer solution.2. Operation Steps:1) DMSO was added to the test compound to produce the 50 μM stock solution, which was then serially diluted into 10 concentrations by 3-fold, and placed in the 384-pore plate;2) PCSK9-Huh7 cells were added in the 384-pore plate, and the cell plate was cultured in the incubator for 20 h;3) 20 μL/pore mixture of 2.5× AlphaLISA Acceptor beads and Biotinylated Antibody Anti-PCSK9 was added, and incubated at 23° C. for 60 min.4) 25 μL/pore 2× Streptavidin (SA) Donor beads were added; and incubated for 30 min at 23° C. (kept in dark place).5) EnVision-Alpha Reader reading:Test condition: Total Measurement Time: 550 ms, Laser 680 nm Excitation Time: 180 ms, Mirror: D640as, Emission Filtered: M570w, Center Wavelength 570 nm, Bandwidth 100 nm, Transmittance 75%.3. Data Analysis:Date was analyzed with Prismsoftware (nonlinear regression (Sigmoidal dose-response-variable slope)Inhibition ratio %=100*(Sample reading−LC reading)/(HC reading−LC reading).";"B";"BAO_0000019";"assay format";"None";"None";"None";"None";"None";"";"";"";"CHEMBL2929";"Proprotein convertase subtilisin/kexin type 9";"Homo sapiens";"SINGLE PROTEIN";"CHEMBL5727468";"37";"BindingDB Patent Bioactivity Data";"";"2019";"None";"";"";"";"10000.0"
"CHEMBL5414767";"";"None";"426.52";"0";"3.75";"16";"CCc1cccnc1N(C(=O)c1ccc(-c2cnn3cccnc23)cc1)[C@@H]1CCCNC1";"IC50";"'='";"3310.0";"nM";"5.48";"";"";"UO_0000065";"12.85";"0.23";"1.73";"7.27";"0";"CHEMBL5365867";"Inhibition of full length human PCSK9 expressed in human Huh-7 cells by ELISA analysis";"B";"BAO_0000219";"cell-based format";"Homo sapiens";"None";"None";"Huh-7";"None";"";"";"";"CHEMBL2929";"Proprotein convertase subtilisin/kexin type 9";"Homo sapiens";"SINGLE PROTEIN";"CHEMBL5365408";"1";"Scientific Literature";"Bioorg Med Chem Lett";"2023";"None";"";"INHIBITOR";"";"3.31"
"CHEMBL5440847";"";"None";"438.54";"0";"4.07";"17";"O=C(c1ccc(-c2cnn3cccnc23)cc1)N(c1ncccc1C1CC1)[C@@H]1CCCNC1";"IC50";"'='";"7740.0";"nM";"5.11";"";"";"UO_0000065";"11.66";"0.21";"1.04";"6.78";"0";"CHEMBL5365867";"Inhibition of full length human PCSK9 expressed in human Huh-7 cells by ELISA analysis";"B";"BAO_0000219";"cell-based format";"Homo sapiens";"None";"None";"Huh-7";"None";"";"";"";"CHEMBL2929";"Proprotein convertase subtilisin/kexin type 9";"Homo sapiens";"SINGLE PROTEIN";"CHEMBL5365408";"1";"Scientific Literature";"Bioorg Med Chem Lett";"2023";"None";"";"INHIBITOR";"";"7.74"
"CHEMBL5398982";"";"None";"447.93";"0";"3.51";"25";"C[C@H]1CNC[C@H](N(C(=O)c2ccc(-n3nnc4cccnc43)cc2)c2ncccc2Cl)C1";"IC50";"'='";"14100.0";"nM";"4.85";"";"";"UO_0000065";"10.83";"0.21";"1.34";"5.46";"0";"CHEMBL5365867";"Inhibition of full length human PCSK9 expressed in human Huh-7 cells by ELISA analysis";"B";"BAO_0000219";"cell-based format";"Homo sapiens";"None";"None";"Huh-7";"None";"";"";"";"CHEMBL2929";"Proprotein convertase subtilisin/kexin type 9";"Homo sapiens";"SINGLE PROTEIN";"CHEMBL5365408";"1";"Scientific Literature";"Bioorg Med Chem Lett";"2023";"None";"";"INHIBITOR";"";"14.1"
"CHEMBL5417992";"";"None";"447.93";"0";"3.51";"26";"C[C@@H]1CNC[C@H](N(C(=O)c2ccc(-n3nnc4cccnc43)cc2)c2ncccc2Cl)C1";"IC50";"'='";"17100.0";"nM";"4.77";"";"";"UO_0000065";"10.64";"0.20";"1.26";"5.37";"0";"CHEMBL5365867";"Inhibition of full length human PCSK9 expressed in human Huh-7 cells by ELISA analysis";"B";"BAO_0000219";"cell-based format";"Homo sapiens";"None";"None";"Huh-7";"None";"";"";"";"CHEMBL2929";"Proprotein convertase subtilisin/kexin type 9";"Homo sapiens";"SINGLE PROTEIN";"CHEMBL5365408";"1";"Scientific Literature";"Bioorg Med Chem Lett";"2023";"None";"";"INHIBITOR";"";"17.1"
"CHEMBL5397401";"";"None";"463.93";"0";"2.48";"29";"O=C(c1ccc(-n2nnc3cccnc32)cc1)N(c1ncccc1Cl)[C@H]1CNC[C@H](CO)C1";"IC50";"'='";"8900.0";"nM";"5.05";"";"";"UO_0000065";"10.89";"0.21";"2.57";"4.63";"0";"CHEMBL5365867";"Inhibition of full length human PCSK9 expressed in human Huh-7 cells by ELISA analysis";"B";"BAO_0000219";"cell-based format";"Homo sapiens";"None";"None";"Huh-7";"None";"";"";"";"CHEMBL2929";"Proprotein convertase subtilisin/kexin type 9";"Homo sapiens";"SINGLE PROTEIN";"CHEMBL5365408";"1";"Scientific Literature";"Bioorg Med Chem Lett";"2023";"None";"";"INHIBITOR";"";"8.9"
"CHEMBL5406351";"";"None";"463.93";"0";"2.89";"31";"CO[C@H]1CNC[C@H](N(C(=O)c2ccc(-n3nnc4cccnc43)cc2)c2ncccc2Cl)C1";"IC50";"'>'";"20000.0";"nM";"";"";"";"UO_0000065";"";"";"";"";"0";"CHEMBL5365867";"Inhibition of full length human PCSK9 expressed in human Huh-7 cells by ELISA analysis";"B";"BAO_0000219";"cell-based format";"Homo sapiens";"None";"None";"Huh-7";"None";"";"";"";"CHEMBL2929";"Proprotein convertase subtilisin/kexin type 9";"Homo sapiens";"SINGLE PROTEIN";"CHEMBL5365408";"1";"Scientific Literature";"Bioorg Med Chem Lett";"2023";"None";"";"";"";"20.0"
"CHEMBL5414993";"";"None";"505.97";"1";"2.16";"36";"NC(=O)NC[C@H]1CNC[C@H](N(C(=O)c2ccc(-n3nnc4cccnc43)cc2)c2ncccc2Cl)C1";"IC50";"'>'";"20000.0";"nM";"";"";"";"UO_0000065";"";"";"";"";"0";"CHEMBL5365867";"Inhibition of full length human PCSK9 expressed in human Huh-7 cells by ELISA analysis";"B";"BAO_0000219";"cell-based format";"Homo sapiens";"None";"None";"Huh-7";"None";"";"";"";"CHEMBL2929";"Proprotein convertase subtilisin/kexin type 9";"Homo sapiens";"SINGLE PROTEIN";"CHEMBL5365408";"1";"Scientific Literature";"Bioorg Med Chem Lett";"2023";"None";"";"";"";"20.0"
"CHEMBL5803673";"";"None";"422.53";"0";"3.05";"BDBM425999";"Cc1cccnc1N(C(=O)c1ccc(C2=NOC(C)(C)C2(C)O)cc1)[C@@H]1CCCNC1";"IC50";"'<'";"10000.0";"nM";"";"";"858678";"UO_0000065";"";"";"";"";"0";"CHEMBL5734738";"In Vitro Screening Experiment: 1. Reagent Preparation:1) Preparation of 1× AlphaLISA test buffer solution:2.5 ml of 10× AlphaLISA test buffer solution was added to 22.5 ml of Milli-Q water to produce the 1× AlphaLISA test buffer solution.2) Preparation of mixture (25 μg/mL/2.5 nM) of 2.5× AlphaLISA Acceptor beads and Biotinylated Antibody Anti-PCSK9:50 μL of 5 mg/mL Alpha LISA Anti-PCSK9 Acceptor beads and 50 μL of 500 nM Biotinylated Antibody Anti-PCSK9 were added to 9,900 μL of 1× AlphaLISA test buffer solution.3) Preparation of 2× Streptavidin (SA) Donor beads (80 μg/mL):200 μL of 5 mg/mL SA-Donor beads was added to 12,300 μL of 1× AlphaLISA test buffer solution.2. Operation Steps:1) DMSO was added to the test compound to produce the 50 μM stock solution, which was then serially diluted into 10 concentrations by 3-fold, and placed in the 384-pore plate;2) PCSK9-Huh7 cells were added in the 384-pore plate, and the cell plate was cultured in the incubator for 20 h;3) 20 μL/pore mixture of 2.5× AlphaLISA Acceptor beads and Biotinylated Antibody Anti-PCSK9 was added, and incubated at 23° C. for 60 min.4) 25 μL/pore 2× Streptavidin (SA) Donor beads were added; and incubated for 30 min at 23° C. (kept in dark place).5) EnVision-Alpha Reader reading:Test condition: Total Measurement Time: 550 ms, Laser 680 nm Excitation Time: 180 ms, Mirror: D640as, Emission Filtered: M570w, Center Wavelength 570 nm, Bandwidth 100 nm, Transmittance 75%.3. Data Analysis:Date was analyzed with Prismsoftware (nonlinear regression (Sigmoidal dose-response-variable slope)Inhibition ratio %=100*(Sample reading−LC reading)/(HC reading−LC reading).";"B";"BAO_0000019";"assay format";"None";"None";"None";"None";"None";"";"";"";"CHEMBL2929";"Proprotein convertase subtilisin/kexin type 9";"Homo sapiens";"SINGLE PROTEIN";"CHEMBL5727468";"37";"BindingDB Patent Bioactivity Data";"";"2019";"None";"";"";"";"10000.0"
"CHEMBL5862240";"";"None";"392.46";"0";"2.56";"BDBM425981";"CC1(C)ON=C(c2ccc(C(=O)N(c3ccccn3)[C@@H]3CCCNC3)cc2)C1=O";"IC50";"'<'";"10000.0";"nM";"";"";"858659";"UO_0000065";"";"";"";"";"0";"CHEMBL5734738";"In Vitro Screening Experiment: 1. Reagent Preparation:1) Preparation of 1× AlphaLISA test buffer solution:2.5 ml of 10× AlphaLISA test buffer solution was added to 22.5 ml of Milli-Q water to produce the 1× AlphaLISA test buffer solution.2) Preparation of mixture (25 μg/mL/2.5 nM) of 2.5× AlphaLISA Acceptor beads and Biotinylated Antibody Anti-PCSK9:50 μL of 5 mg/mL Alpha LISA Anti-PCSK9 Acceptor beads and 50 μL of 500 nM Biotinylated Antibody Anti-PCSK9 were added to 9,900 μL of 1× AlphaLISA test buffer solution.3) Preparation of 2× Streptavidin (SA) Donor beads (80 μg/mL):200 μL of 5 mg/mL SA-Donor beads was added to 12,300 μL of 1× AlphaLISA test buffer solution.2. Operation Steps:1) DMSO was added to the test compound to produce the 50 μM stock solution, which was then serially diluted into 10 concentrations by 3-fold, and placed in the 384-pore plate;2) PCSK9-Huh7 cells were added in the 384-pore plate, and the cell plate was cultured in the incubator for 20 h;3) 20 μL/pore mixture of 2.5× AlphaLISA Acceptor beads and Biotinylated Antibody Anti-PCSK9 was added, and incubated at 23° C. for 60 min.4) 25 μL/pore 2× Streptavidin (SA) Donor beads were added; and incubated for 30 min at 23° C. (kept in dark place).5) EnVision-Alpha Reader reading:Test condition: Total Measurement Time: 550 ms, Laser 680 nm Excitation Time: 180 ms, Mirror: D640as, Emission Filtered: M570w, Center Wavelength 570 nm, Bandwidth 100 nm, Transmittance 75%.3. Data Analysis:Date was analyzed with Prismsoftware (nonlinear regression (Sigmoidal dose-response-variable slope)Inhibition ratio %=100*(Sample reading−LC reading)/(HC reading−LC reading).";"B";"BAO_0000019";"assay format";"None";"None";"None";"None";"None";"";"";"";"CHEMBL2929";"Proprotein convertase subtilisin/kexin type 9";"Homo sapiens";"SINGLE PROTEIN";"CHEMBL5727468";"37";"BindingDB Patent Bioactivity Data";"";"2019";"None";"";"";"";"10000.0"
"CHEMBL5902018";"";"None";"421.50";"0";"3.13";"BDBM426006";"Cc1cccnc1N(C(=O)c1ccc(C2=NOC(C)(C)/C2=N\O)cc1)[C@@H]1CCCNC1";"IC50";"'<'";"10000.0";"nM";"";"";"858684";"UO_0000065";"";"";"";"";"0";"CHEMBL5734738";"In Vitro Screening Experiment: 1. Reagent Preparation:1) Preparation of 1× AlphaLISA test buffer solution:2.5 ml of 10× AlphaLISA test buffer solution was added to 22.5 ml of Milli-Q water to produce the 1× AlphaLISA test buffer solution.2) Preparation of mixture (25 μg/mL/2.5 nM) of 2.5× AlphaLISA Acceptor beads and Biotinylated Antibody Anti-PCSK9:50 μL of 5 mg/mL Alpha LISA Anti-PCSK9 Acceptor beads and 50 μL of 500 nM Biotinylated Antibody Anti-PCSK9 were added to 9,900 μL of 1× AlphaLISA test buffer solution.3) Preparation of 2× Streptavidin (SA) Donor beads (80 μg/mL):200 μL of 5 mg/mL SA-Donor beads was added to 12,300 μL of 1× AlphaLISA test buffer solution.2. Operation Steps:1) DMSO was added to the test compound to produce the 50 μM stock solution, which was then serially diluted into 10 concentrations by 3-fold, and placed in the 384-pore plate;2) PCSK9-Huh7 cells were added in the 384-pore plate, and the cell plate was cultured in the incubator for 20 h;3) 20 μL/pore mixture of 2.5× AlphaLISA Acceptor beads and Biotinylated Antibody Anti-PCSK9 was added, and incubated at 23° C. for 60 min.4) 25 μL/pore 2× Streptavidin (SA) Donor beads were added; and incubated for 30 min at 23° C. (kept in dark place).5) EnVision-Alpha Reader reading:Test condition: Total Measurement Time: 550 ms, Laser 680 nm Excitation Time: 180 ms, Mirror: D640as, Emission Filtered: M570w, Center Wavelength 570 nm, Bandwidth 100 nm, Transmittance 75%.3. Data Analysis:Date was analyzed with Prismsoftware (nonlinear regression (Sigmoidal dose-response-variable slope)Inhibition ratio %=100*(Sample reading−LC reading)/(HC reading−LC reading).";"B";"BAO_0000019";"assay format";"None";"None";"None";"None";"None";"";"";"";"CHEMBL2929";"Proprotein convertase subtilisin/kexin type 9";"Homo sapiens";"SINGLE PROTEIN";"CHEMBL5727468";"37";"BindingDB Patent Bioactivity Data";"";"2019";"None";"";"";"";"10000.0"
"CHEMBL6062405";"";"None";"408.50";"0";"2.66";"BDBM425992";"Cc1cccnc1N(C(=O)c1ccc(C2=NOC(C)(C)C2O)cc1)[C@@H]1CCCNC1";"IC50";"'<'";"10000.0";"nM";"";"";"858670";"UO_0000065";"";"";"";"";"0";"CHEMBL5734738";"In Vitro Screening Experiment: 1. Reagent Preparation:1) Preparation of 1× AlphaLISA test buffer solution:2.5 ml of 10× AlphaLISA test buffer solution was added to 22.5 ml of Milli-Q water to produce the 1× AlphaLISA test buffer solution.2) Preparation of mixture (25 μg/mL/2.5 nM) of 2.5× AlphaLISA Acceptor beads and Biotinylated Antibody Anti-PCSK9:50 μL of 5 mg/mL Alpha LISA Anti-PCSK9 Acceptor beads and 50 μL of 500 nM Biotinylated Antibody Anti-PCSK9 were added to 9,900 μL of 1× AlphaLISA test buffer solution.3) Preparation of 2× Streptavidin (SA) Donor beads (80 μg/mL):200 μL of 5 mg/mL SA-Donor beads was added to 12,300 μL of 1× AlphaLISA test buffer solution.2. Operation Steps:1) DMSO was added to the test compound to produce the 50 μM stock solution, which was then serially diluted into 10 concentrations by 3-fold, and placed in the 384-pore plate;2) PCSK9-Huh7 cells were added in the 384-pore plate, and the cell plate was cultured in the incubator for 20 h;3) 20 μL/pore mixture of 2.5× AlphaLISA Acceptor beads and Biotinylated Antibody Anti-PCSK9 was added, and incubated at 23° C. for 60 min.4) 25 μL/pore 2× Streptavidin (SA) Donor beads were added; and incubated for 30 min at 23° C. (kept in dark place).5) EnVision-Alpha Reader reading:Test condition: Total Measurement Time: 550 ms, Laser 680 nm Excitation Time: 180 ms, Mirror: D640as, Emission Filtered: M570w, Center Wavelength 570 nm, Bandwidth 100 nm, Transmittance 75%.3. Data Analysis:Date was analyzed with Prismsoftware (nonlinear regression (Sigmoidal dose-response-variable slope)Inhibition ratio %=100*(Sample reading−LC reading)/(HC reading−LC reading).";"B";"BAO_0000019";"assay format";"None";"None";"None";"None";"None";"";"";"";"CHEMBL2929";"Proprotein convertase subtilisin/kexin type 9";"Homo sapiens";"SINGLE PROTEIN";"CHEMBL5727468";"37";"BindingDB Patent Bioactivity Data";"";"2019";"None";"";"";"";"10000.0"
"CHEMBL5803673";"";"None";"422.53";"0";"3.05";"BDBM425999";"Cc1cccnc1N(C(=O)c1ccc(C2=NOC(C)(C)C2(C)O)cc1)[C@@H]1CCCNC1";"IC50";"'<'";"10000.0";"nM";"";"";"858679";"UO_0000065";"";"";"";"";"0";"CHEMBL5734738";"In Vitro Screening Experiment: 1. Reagent Preparation:1) Preparation of 1× AlphaLISA test buffer solution:2.5 ml of 10× AlphaLISA test buffer solution was added to 22.5 ml of Milli-Q water to produce the 1× AlphaLISA test buffer solution.2) Preparation of mixture (25 μg/mL/2.5 nM) of 2.5× AlphaLISA Acceptor beads and Biotinylated Antibody Anti-PCSK9:50 μL of 5 mg/mL Alpha LISA Anti-PCSK9 Acceptor beads and 50 μL of 500 nM Biotinylated Antibody Anti-PCSK9 were added to 9,900 μL of 1× AlphaLISA test buffer solution.3) Preparation of 2× Streptavidin (SA) Donor beads (80 μg/mL):200 μL of 5 mg/mL SA-Donor beads was added to 12,300 μL of 1× AlphaLISA test buffer solution.2. Operation Steps:1) DMSO was added to the test compound to produce the 50 μM stock solution, which was then serially diluted into 10 concentrations by 3-fold, and placed in the 384-pore plate;2) PCSK9-Huh7 cells were added in the 384-pore plate, and the cell plate was cultured in the incubator for 20 h;3) 20 μL/pore mixture of 2.5× AlphaLISA Acceptor beads and Biotinylated Antibody Anti-PCSK9 was added, and incubated at 23° C. for 60 min.4) 25 μL/pore 2× Streptavidin (SA) Donor beads were added; and incubated for 30 min at 23° C. (kept in dark place).5) EnVision-Alpha Reader reading:Test condition: Total Measurement Time: 550 ms, Laser 680 nm Excitation Time: 180 ms, Mirror: D640as, Emission Filtered: M570w, Center Wavelength 570 nm, Bandwidth 100 nm, Transmittance 75%.3. Data Analysis:Date was analyzed with Prismsoftware (nonlinear regression (Sigmoidal dose-response-variable slope)Inhibition ratio %=100*(Sample reading−LC reading)/(HC reading−LC reading).";"B";"BAO_0000019";"assay format";"None";"None";"None";"None";"None";"";"";"";"CHEMBL2929";"Proprotein convertase subtilisin/kexin type 9";"Homo sapiens";"SINGLE PROTEIN";"CHEMBL5727468";"37";"BindingDB Patent Bioactivity Data";"";"2019";"None";"";"";"";"10000.0"
"CHEMBL5950691";"";"None";"407.47";"0";"2.27";"BDBM426002";"Cc1cccnc1N(C(=O)c1ccc(C2=NOC(C)(C)C2=O)cn1)[C@@H]1CCCNC1";"IC50";"'<'";"10000.0";"nM";"";"";"858680";"UO_0000065";"";"";"";"";"0";"CHEMBL5734738";"In Vitro Screening Experiment: 1. Reagent Preparation:1) Preparation of 1× AlphaLISA test buffer solution:2.5 ml of 10× AlphaLISA test buffer solution was added to 22.5 ml of Milli-Q water to produce the 1× AlphaLISA test buffer solution.2) Preparation of mixture (25 μg/mL/2.5 nM) of 2.5× AlphaLISA Acceptor beads and Biotinylated Antibody Anti-PCSK9:50 μL of 5 mg/mL Alpha LISA Anti-PCSK9 Acceptor beads and 50 μL of 500 nM Biotinylated Antibody Anti-PCSK9 were added to 9,900 μL of 1× AlphaLISA test buffer solution.3) Preparation of 2× Streptavidin (SA) Donor beads (80 μg/mL):200 μL of 5 mg/mL SA-Donor beads was added to 12,300 μL of 1× AlphaLISA test buffer solution.2. Operation Steps:1) DMSO was added to the test compound to produce the 50 μM stock solution, which was then serially diluted into 10 concentrations by 3-fold, and placed in the 384-pore plate;2) PCSK9-Huh7 cells were added in the 384-pore plate, and the cell plate was cultured in the incubator for 20 h;3) 20 μL/pore mixture of 2.5× AlphaLISA Acceptor beads and Biotinylated Antibody Anti-PCSK9 was added, and incubated at 23° C. for 60 min.4) 25 μL/pore 2× Streptavidin (SA) Donor beads were added; and incubated for 30 min at 23° C. (kept in dark place).5) EnVision-Alpha Reader reading:Test condition: Total Measurement Time: 550 ms, Laser 680 nm Excitation Time: 180 ms, Mirror: D640as, Emission Filtered: M570w, Center Wavelength 570 nm, Bandwidth 100 nm, Transmittance 75%.3. Data Analysis:Date was analyzed with Prismsoftware (nonlinear regression (Sigmoidal dose-response-variable slope)Inhibition ratio %=100*(Sample reading−LC reading)/(HC reading−LC reading).";"B";"BAO_0000019";"assay format";"None";"None";"None";"None";"None";"";"";"";"CHEMBL2929";"Proprotein convertase subtilisin/kexin type 9";"Homo sapiens";"SINGLE PROTEIN";"CHEMBL5727468";"37";"BindingDB Patent Bioactivity Data";"";"2019";"None";"";"";"";"10000.0"
"CHEMBL5866228";"";"None";"432.52";"0";"3.44";"BDBM426003";"CC1(C)ON=C(c2ccc(C(=O)N(c3ncccc3C3CC3)[C@@H]3CCCNC3)cc2)C1=O";"IC50";"'<'";"10000.0";"nM";"";"";"858681";"UO_0000065";"";"";"";"";"0";"CHEMBL5734738";"In Vitro Screening Experiment: 1. Reagent Preparation:1) Preparation of 1× AlphaLISA test buffer solution:2.5 ml of 10× AlphaLISA test buffer solution was added to 22.5 ml of Milli-Q water to produce the 1× AlphaLISA test buffer solution.2) Preparation of mixture (25 μg/mL/2.5 nM) of 2.5× AlphaLISA Acceptor beads and Biotinylated Antibody Anti-PCSK9:50 μL of 5 mg/mL Alpha LISA Anti-PCSK9 Acceptor beads and 50 μL of 500 nM Biotinylated Antibody Anti-PCSK9 were added to 9,900 μL of 1× AlphaLISA test buffer solution.3) Preparation of 2× Streptavidin (SA) Donor beads (80 μg/mL):200 μL of 5 mg/mL SA-Donor beads was added to 12,300 μL of 1× AlphaLISA test buffer solution.2. Operation Steps:1) DMSO was added to the test compound to produce the 50 μM stock solution, which was then serially diluted into 10 concentrations by 3-fold, and placed in the 384-pore plate;2) PCSK9-Huh7 cells were added in the 384-pore plate, and the cell plate was cultured in the incubator for 20 h;3) 20 μL/pore mixture of 2.5× AlphaLISA Acceptor beads and Biotinylated Antibody Anti-PCSK9 was added, and incubated at 23° C. for 60 min.4) 25 μL/pore 2× Streptavidin (SA) Donor beads were added; and incubated for 30 min at 23° C. (kept in dark place).5) EnVision-Alpha Reader reading:Test condition: Total Measurement Time: 550 ms, Laser 680 nm Excitation Time: 180 ms, Mirror: D640as, Emission Filtered: M570w, Center Wavelength 570 nm, Bandwidth 100 nm, Transmittance 75%.3. Data Analysis:Date was analyzed with Prismsoftware (nonlinear regression (Sigmoidal dose-response-variable slope)Inhibition ratio %=100*(Sample reading−LC reading)/(HC reading−LC reading).";"B";"BAO_0000019";"assay format";"None";"None";"None";"None";"None";"";"";"";"CHEMBL2929";"Proprotein convertase subtilisin/kexin type 9";"Homo sapiens";"SINGLE PROTEIN";"CHEMBL5727468";"37";"BindingDB Patent Bioactivity Data";"";"2019";"None";"";"";"";"10000.0"
